

Microchip MPLAB XC8 Assembler V3.10 build 20250813170317 
                                                                                               Fri Jun 19 12:30:02 2026

Microchip MPLAB XC8 C Compiler v3.10 (Free license) build 20250813170317 Og1 
     1                           	processor	16F877A
     2                           	pagewidth 120
     3                           	opt	flic
     4                           	psect	idataBANK0,global,class=CODE,space=0,delta=2,noexec
     5                           	psect	idataBANK1,global,class=CODE,space=0,delta=2,noexec
     6                           	psect	stringtext,global,reloc=256,class=STRCODE,space=0,delta=2,noexec
     7                           	psect	cinit,global,class=CODE,space=0,merge=1,delta=2
     8                           	psect	bssCOMMON,global,class=COMMON,space=1,delta=1,noexec
     9                           	psect	bssBANK0,global,class=BANK0,space=1,delta=1,noexec
    10                           	psect	dataBANK0,global,class=BANK0,space=1,delta=1,noexec
    11                           	psect	bssBANK1,global,class=BANK1,space=1,delta=1,noexec
    12                           	psect	dataBANK1,global,class=BANK1,space=1,delta=1,noexec
    13                           	psect	inittext,global,class=CODE,space=0,delta=2
    14                           	psect	clrtext,global,class=CODE,space=0,delta=2
    15                           	psect	cstackBANK1,global,class=BANK1,space=1,delta=1,noexec
    16                           	psect	cstackCOMMON,global,class=COMMON,space=1,delta=1,noexec
    17                           	psect	cstackBANK0,global,class=BANK0,space=1,delta=1,noexec
    18                           	psect	maintext,global,class=CODE,space=0,split=1,delta=2
    19                           	psect	text1,local,class=CODE,space=0,merge=1,delta=2
    20                           	psect	text2,local,class=CODE,space=0,merge=1,delta=2
    21                           	psect	text3,local,class=CODE,space=0,merge=1,delta=2,group=1
    22                           	psect	text4,local,class=CODE,space=0,merge=1,delta=2
    23                           	psect	text5,local,class=CODE,space=0,merge=1,delta=2
    24                           	psect	text6,local,class=CODE,space=0,merge=1,delta=2,group=1
    25                           	psect	text7,local,class=CODE,space=0,merge=1,delta=2,group=1
    26                           	psect	text8,local,class=CODE,space=0,merge=1,delta=2
    27                           	psect	text9,local,class=CODE,space=0,merge=1,delta=2
    28                           	psect	text10,local,class=CODE,space=0,merge=1,delta=2
    29                           	psect	text11,local,class=CODE,space=0,merge=1,delta=2
    30                           	psect	text12,local,class=CODE,space=0,merge=1,delta=2,group=1
    31                           	psect	text13,local,class=CODE,space=0,merge=1,delta=2
    32                           	psect	text14,local,class=CODE,space=0,merge=1,delta=2
    33                           	psect	text15,local,class=CODE,space=0,merge=1,delta=2
    34                           	psect	text16,local,class=CODE,space=0,merge=1,delta=2
    35                           	psect	text17,local,class=CODE,space=0,merge=1,delta=2
    36                           	psect	text18,local,class=CODE,space=0,merge=1,delta=2
    37                           	psect	text19,local,class=CODE,space=0,merge=1,delta=2
    38                           	psect	text20,local,class=CODE,space=0,merge=1,delta=2
    39                           	psect	text21,local,class=CODE,space=0,merge=1,delta=2
    40                           	psect	text22,local,class=CODE,space=0,merge=1,delta=2
    41                           	psect	text23,local,class=CODE,space=0,merge=1,delta=2
    42                           	psect	text24,local,class=CODE,space=0,merge=1,delta=2,group=1
    43                           	psect	text25,local,class=CODE,space=0,merge=1,delta=2
    44                           	psect	text26,local,class=CODE,space=0,merge=1,delta=2
    45                           	psect	text27,local,class=CODE,space=0,merge=1,delta=2
    46                           	psect	text28,local,class=CODE,space=0,merge=1,delta=2
    47                           	psect	text29,local,class=CODE,space=0,merge=1,delta=2
    48                           	psect	text30,local,class=CODE,space=0,merge=1,delta=2
    49                           	psect	text31,local,class=CODE,space=0,merge=1,delta=2
    50                           	psect	text32,local,class=CODE,space=0,merge=1,delta=2
    51                           	psect	text33,local,class=CODE,space=0,merge=1,delta=2
    52                           	psect	text34,local,class=CODE,space=0,merge=1,delta=2
    53                           	psect	text35,local,class=CODE,space=0,merge=1,delta=2
    54                           	psect	text36,local,class=CODE,space=0,merge=1,delta=2
    55                           	psect	text37,local,class=CODE,space=0,merge=1,delta=2
    56                           	psect	text38,local,class=CODE,space=0,merge=1,delta=2
    57                           	psect	text39,local,class=CODE,space=0,merge=1,delta=2,group=1
    58                           	psect	text40,local,class=CODE,space=0,merge=1,delta=2,group=1
    59                           	psect	text41,local,class=CODE,space=0,merge=1,delta=2,group=1
    60                           	psect	text42,local,class=CODE,space=0,merge=1,delta=2,group=1
    61                           	psect	text43,local,class=CODE,space=0,merge=1,delta=2,group=1
    62                           	psect	text44,local,class=CODE,space=0,merge=1,delta=2
    63                           	psect	text45,local,class=CODE,space=0,merge=1,delta=2
    64                           	psect	text46,local,class=CODE,space=0,merge=1,delta=2,group=2
    65                           	psect	text47,local,class=CODE,space=0,merge=1,delta=2,group=2
    66                           	psect	text48,local,class=CODE,space=0,merge=1,delta=2
    67                           	psect	text49,local,class=CODE,space=0,merge=1,delta=2
    68                           	psect	text50,local,class=CODE,space=0,merge=1,delta=2
    69                           	psect	text51,local,class=CODE,space=0,merge=1,delta=2
    70                           	psect	text52,local,class=CODE,space=0,merge=1,delta=2
    71                           	psect	intentry,global,class=CODE,space=0,delta=2
    72                           	psect	idloc,global,abs,ovrld,class=IDLOC,space=5,delta=2,noexec
    73                           	psect	config,global,abs,ovrld,class=CONFIG,space=4,delta=2,noexec
    74                           	dabs	1,0x7E,2
    75     0000                     
    76                           ; Version 2.20
    77                           ; Generated 12/02/2020 GMT
    78                           ; 
    79                           ; Copyright © 2020, Microchip Technology Inc. and its subsidiaries ("Microchip")
    80                           ; All rights reserved.
    81                           ; 
    82                           ; This software is developed by Microchip Technology Inc. and its subsidiaries ("Microch
      +                          ip").
    83                           ; 
    84                           ; Redistribution and use in source and binary forms, with or without modification, are
    85                           ; permitted provided that the following conditions are met:
    86                           ; 
    87                           ;     1. Redistributions of source code must retain the above copyright notice, this lis
      +                          t of
    88                           ;        conditions and the following disclaimer.
    89                           ; 
    90                           ;     2. Redistributions in binary form must reproduce the above copyright notice, this 
      +                          list
    91                           ;        of conditions and the following disclaimer in the documentation and/or other
    92                           ;        materials provided with the distribution.
    93                           ; 
    94                           ;     3. Microchip's name may not be used to endorse or promote products derived from th
      +                          is
    95                           ;        software without specific prior written permission.
    96                           ; 
    97                           ; THIS SOFTWARE IS PROVIDED BY MICROCHIP "AS IS" AND ANY EXPRESS OR IMPLIED WARRANTIES,
    98                           ; INCLUDING, BUT NOT LIMITED TO, THE IMPLIED WARRANTIES OF MERCHANTABILITY AND FITNESS F
      +                          OR
    99                           ; PURPOSE ARE DISCLAIMED.  IN NO EVENT SHALL MICROCHIP BE LIABLE FOR ANY DIRECT, INDIREC
      +                          T,
   100                           ; INCIDENTAL, SPECIAL, EXEMPLARY, OR CONSEQUENTIAL DAMAGES (INCLUDING BUT NOT LIMITED TO
   101                           ; PROCUREMENT OF SUBSTITUTE GOODS OR SERVICES; LOSS OF USE, DATA OR PROFITS; OR BUSINESS
   102                           ; INTERRUPTION) HOWSOEVER CAUSED AND ON ANY THEORY OF LIABILITY, WHETHER IN CONTRACT, ST
      +                          RICT
   103                           ; LIABILITY, OR TORT (INCLUDING NEGLIGENCE OR OTHERWISE) ARISING IN ANY WAY OUT OF THE U
      +                          SE OF
   104                           ; THIS SOFTWARE, EVEN IF ADVISED OF THE POSSIBILITY OF SUCH DAMAGE.
   105                           ; 
   106                           ; 
   107                           ; Code-generator required, PIC16F877A Definitions
   108                           ; 
   109                           ; SFR Addresses
   110     0004                     fsr             equ	4
   111     0004                     fsr0            equ	4
   112     0000                     indf            equ	0
   113     0000                     indf0           equ	0
   114     0002                     pc              equ	2
   115     0002                     pcl             equ	2
   116     000A                     pclath          equ	10
   117     0003                     status          equ	3
   118     0000                     INDF            equ	0	;# 
   119     0001                     TMR0            equ	1	;# 
   120     0002                     PCL             equ	2	;# 
   121     0003                     STATUS          equ	3	;# 
   122     0004                     FSR             equ	4	;# 
   123     0005                     PORTA           equ	5	;# 
   124     0006                     PORTB           equ	6	;# 
   125     0007                     PORTC           equ	7	;# 
   126     0008                     PORTD           equ	8	;# 
   127     0009                     PORTE           equ	9	;# 
   128     000A                     PCLATH          equ	10	;# 
   129     000B                     INTCON          equ	11	;# 
   130     000C                     PIR1            equ	12	;# 
   131     000D                     PIR2            equ	13	;# 
   132     000E                     TMR1            equ	14	;# 
   133     000E                     TMR1L           equ	14	;# 
   134     000F                     TMR1H           equ	15	;# 
   135     0010                     T1CON           equ	16	;# 
   136     0011                     TMR2            equ	17	;# 
   137     0012                     T2CON           equ	18	;# 
   138     0013                     SSPBUF          equ	19	;# 
   139     0014                     SSPCON          equ	20	;# 
   140     0015                     CCPR1           equ	21	;# 
   141     0015                     CCPR1L          equ	21	;# 
   142     0016                     CCPR1H          equ	22	;# 
   143     0017                     CCP1CON         equ	23	;# 
   144     0018                     RCSTA           equ	24	;# 
   145     0019                     TXREG           equ	25	;# 
   146     001A                     RCREG           equ	26	;# 
   147     001B                     CCPR2           equ	27	;# 
   148     001B                     CCPR2L          equ	27	;# 
   149     001C                     CCPR2H          equ	28	;# 
   150     001D                     CCP2CON         equ	29	;# 
   151     001E                     ADRESH          equ	30	;# 
   152     001F                     ADCON0          equ	31	;# 
   153     0081                     OPTION_REG      equ	129	;# 
   154     0085                     TRISA           equ	133	;# 
   155     0086                     TRISB           equ	134	;# 
   156     0087                     TRISC           equ	135	;# 
   157     0088                     TRISD           equ	136	;# 
   158     0089                     TRISE           equ	137	;# 
   159     008C                     PIE1            equ	140	;# 
   160     008D                     PIE2            equ	141	;# 
   161     008E                     PCON            equ	142	;# 
   162     0091                     SSPCON2         equ	145	;# 
   163     0092                     PR2             equ	146	;# 
   164     0093                     SSPADD          equ	147	;# 
   165     0094                     SSPSTAT         equ	148	;# 
   166     0098                     TXSTA           equ	152	;# 
   167     0099                     SPBRG           equ	153	;# 
   168     009C                     CMCON           equ	156	;# 
   169     009D                     CVRCON          equ	157	;# 
   170     009E                     ADRESL          equ	158	;# 
   171     009F                     ADCON1          equ	159	;# 
   172     010C                     EEDATA          equ	268	;# 
   173     010D                     EEADR           equ	269	;# 
   174     010E                     EEDATH          equ	270	;# 
   175     010F                     EEADRH          equ	271	;# 
   176     018C                     EECON1          equ	396	;# 
   177     018D                     EECON2          equ	397	;# 
   178     0000                     INDF            equ	0	;# 
   179     0001                     TMR0            equ	1	;# 
   180     0002                     PCL             equ	2	;# 
   181     0003                     STATUS          equ	3	;# 
   182     0004                     FSR             equ	4	;# 
   183     0005                     PORTA           equ	5	;# 
   184     0006                     PORTB           equ	6	;# 
   185     0007                     PORTC           equ	7	;# 
   186     0008                     PORTD           equ	8	;# 
   187     0009                     PORTE           equ	9	;# 
   188     000A                     PCLATH          equ	10	;# 
   189     000B                     INTCON          equ	11	;# 
   190     000C                     PIR1            equ	12	;# 
   191     000D                     PIR2            equ	13	;# 
   192     000E                     TMR1            equ	14	;# 
   193     000E                     TMR1L           equ	14	;# 
   194     000F                     TMR1H           equ	15	;# 
   195     0010                     T1CON           equ	16	;# 
   196     0011                     TMR2            equ	17	;# 
   197     0012                     T2CON           equ	18	;# 
   198     0013                     SSPBUF          equ	19	;# 
   199     0014                     SSPCON          equ	20	;# 
   200     0015                     CCPR1           equ	21	;# 
   201     0015                     CCPR1L          equ	21	;# 
   202     0016                     CCPR1H          equ	22	;# 
   203     0017                     CCP1CON         equ	23	;# 
   204     0018                     RCSTA           equ	24	;# 
   205     0019                     TXREG           equ	25	;# 
   206     001A                     RCREG           equ	26	;# 
   207     001B                     CCPR2           equ	27	;# 
   208     001B                     CCPR2L          equ	27	;# 
   209     001C                     CCPR2H          equ	28	;# 
   210     001D                     CCP2CON         equ	29	;# 
   211     001E                     ADRESH          equ	30	;# 
   212     001F                     ADCON0          equ	31	;# 
   213     0081                     OPTION_REG      equ	129	;# 
   214     0085                     TRISA           equ	133	;# 
   215     0086                     TRISB           equ	134	;# 
   216     0087                     TRISC           equ	135	;# 
   217     0088                     TRISD           equ	136	;# 
   218     0089                     TRISE           equ	137	;# 
   219     008C                     PIE1            equ	140	;# 
   220     008D                     PIE2            equ	141	;# 
   221     008E                     PCON            equ	142	;# 
   222     0091                     SSPCON2         equ	145	;# 
   223     0092                     PR2             equ	146	;# 
   224     0093                     SSPADD          equ	147	;# 
   225     0094                     SSPSTAT         equ	148	;# 
   226     0098                     TXSTA           equ	152	;# 
   227     0099                     SPBRG           equ	153	;# 
   228     009C                     CMCON           equ	156	;# 
   229     009D                     CVRCON          equ	157	;# 
   230     009E                     ADRESL          equ	158	;# 
   231     009F                     ADCON1          equ	159	;# 
   232     010C                     EEDATA          equ	268	;# 
   233     010D                     EEADR           equ	269	;# 
   234     010E                     EEDATH          equ	270	;# 
   235     010F                     EEADRH          equ	271	;# 
   236     018C                     EECON1          equ	396	;# 
   237     018D                     EECON2          equ	397	;# 
   238     0000                     INDF            equ	0	;# 
   239     0001                     TMR0            equ	1	;# 
   240     0002                     PCL             equ	2	;# 
   241     0003                     STATUS          equ	3	;# 
   242     0004                     FSR             equ	4	;# 
   243     0005                     PORTA           equ	5	;# 
   244     0006                     PORTB           equ	6	;# 
   245     0007                     PORTC           equ	7	;# 
   246     0008                     PORTD           equ	8	;# 
   247     0009                     PORTE           equ	9	;# 
   248     000A                     PCLATH          equ	10	;# 
   249     000B                     INTCON          equ	11	;# 
   250     000C                     PIR1            equ	12	;# 
   251     000D                     PIR2            equ	13	;# 
   252     000E                     TMR1            equ	14	;# 
   253     000E                     TMR1L           equ	14	;# 
   254     000F                     TMR1H           equ	15	;# 
   255     0010                     T1CON           equ	16	;# 
   256     0011                     TMR2            equ	17	;# 
   257     0012                     T2CON           equ	18	;# 
   258     0013                     SSPBUF          equ	19	;# 
   259     0014                     SSPCON          equ	20	;# 
   260     0015                     CCPR1           equ	21	;# 
   261     0015                     CCPR1L          equ	21	;# 
   262     0016                     CCPR1H          equ	22	;# 
   263     0017                     CCP1CON         equ	23	;# 
   264     0018                     RCSTA           equ	24	;# 
   265     0019                     TXREG           equ	25	;# 
   266     001A                     RCREG           equ	26	;# 
   267     001B                     CCPR2           equ	27	;# 
   268     001B                     CCPR2L          equ	27	;# 
   269     001C                     CCPR2H          equ	28	;# 
   270     001D                     CCP2CON         equ	29	;# 
   271     001E                     ADRESH          equ	30	;# 
   272     001F                     ADCON0          equ	31	;# 
   273     0081                     OPTION_REG      equ	129	;# 
   274     0085                     TRISA           equ	133	;# 
   275     0086                     TRISB           equ	134	;# 
   276     0087                     TRISC           equ	135	;# 
   277     0088                     TRISD           equ	136	;# 
   278     0089                     TRISE           equ	137	;# 
   279     008C                     PIE1            equ	140	;# 
   280     008D                     PIE2            equ	141	;# 
   281     008E                     PCON            equ	142	;# 
   282     0091                     SSPCON2         equ	145	;# 
   283     0092                     PR2             equ	146	;# 
   284     0093                     SSPADD          equ	147	;# 
   285     0094                     SSPSTAT         equ	148	;# 
   286     0098                     TXSTA           equ	152	;# 
   287     0099                     SPBRG           equ	153	;# 
   288     009C                     CMCON           equ	156	;# 
   289     009D                     CVRCON          equ	157	;# 
   290     009E                     ADRESL          equ	158	;# 
   291     009F                     ADCON1          equ	159	;# 
   292     010C                     EEDATA          equ	268	;# 
   293     010D                     EEADR           equ	269	;# 
   294     010E                     EEDATH          equ	270	;# 
   295     010F                     EEADRH          equ	271	;# 
   296     018C                     EECON1          equ	396	;# 
   297     018D                     EECON2          equ	397	;# 
   298     0000                     INDF            equ	0	;# 
   299     0001                     TMR0            equ	1	;# 
   300     0002                     PCL             equ	2	;# 
   301     0003                     STATUS          equ	3	;# 
   302     0004                     FSR             equ	4	;# 
   303     0005                     PORTA           equ	5	;# 
   304     0006                     PORTB           equ	6	;# 
   305     0007                     PORTC           equ	7	;# 
   306     0008                     PORTD           equ	8	;# 
   307     0009                     PORTE           equ	9	;# 
   308     000A                     PCLATH          equ	10	;# 
   309     000B                     INTCON          equ	11	;# 
   310     000C                     PIR1            equ	12	;# 
   311     000D                     PIR2            equ	13	;# 
   312     000E                     TMR1            equ	14	;# 
   313     000E                     TMR1L           equ	14	;# 
   314     000F                     TMR1H           equ	15	;# 
   315     0010                     T1CON           equ	16	;# 
   316     0011                     TMR2            equ	17	;# 
   317     0012                     T2CON           equ	18	;# 
   318     0013                     SSPBUF          equ	19	;# 
   319     0014                     SSPCON          equ	20	;# 
   320     0015                     CCPR1           equ	21	;# 
   321     0015                     CCPR1L          equ	21	;# 
   322     0016                     CCPR1H          equ	22	;# 
   323     0017                     CCP1CON         equ	23	;# 
   324     0018                     RCSTA           equ	24	;# 
   325     0019                     TXREG           equ	25	;# 
   326     001A                     RCREG           equ	26	;# 
   327     001B                     CCPR2           equ	27	;# 
   328     001B                     CCPR2L          equ	27	;# 
   329     001C                     CCPR2H          equ	28	;# 
   330     001D                     CCP2CON         equ	29	;# 
   331     001E                     ADRESH          equ	30	;# 
   332     001F                     ADCON0          equ	31	;# 
   333     0081                     OPTION_REG      equ	129	;# 
   334     0085                     TRISA           equ	133	;# 
   335     0086                     TRISB           equ	134	;# 
   336     0087                     TRISC           equ	135	;# 
   337     0088                     TRISD           equ	136	;# 
   338     0089                     TRISE           equ	137	;# 
   339     008C                     PIE1            equ	140	;# 
   340     008D                     PIE2            equ	141	;# 
   341     008E                     PCON            equ	142	;# 
   342     0091                     SSPCON2         equ	145	;# 
   343     0092                     PR2             equ	146	;# 
   344     0093                     SSPADD          equ	147	;# 
   345     0094                     SSPSTAT         equ	148	;# 
   346     0098                     TXSTA           equ	152	;# 
   347     0099                     SPBRG           equ	153	;# 
   348     009C                     CMCON           equ	156	;# 
   349     009D                     CVRCON          equ	157	;# 
   350     009E                     ADRESL          equ	158	;# 
   351     009F                     ADCON1          equ	159	;# 
   352     010C                     EEDATA          equ	268	;# 
   353     010D                     EEADR           equ	269	;# 
   354     010E                     EEDATH          equ	270	;# 
   355     010F                     EEADRH          equ	271	;# 
   356     018C                     EECON1          equ	396	;# 
   357     018D                     EECON2          equ	397	;# 
   358     0000                     INDF            equ	0	;# 
   359     0001                     TMR0            equ	1	;# 
   360     0002                     PCL             equ	2	;# 
   361     0003                     STATUS          equ	3	;# 
   362     0004                     FSR             equ	4	;# 
   363     0005                     PORTA           equ	5	;# 
   364     0006                     PORTB           equ	6	;# 
   365     0007                     PORTC           equ	7	;# 
   366     0008                     PORTD           equ	8	;# 
   367     0009                     PORTE           equ	9	;# 
   368     000A                     PCLATH          equ	10	;# 
   369     000B                     INTCON          equ	11	;# 
   370     000C                     PIR1            equ	12	;# 
   371     000D                     PIR2            equ	13	;# 
   372     000E                     TMR1            equ	14	;# 
   373     000E                     TMR1L           equ	14	;# 
   374     000F                     TMR1H           equ	15	;# 
   375     0010                     T1CON           equ	16	;# 
   376     0011                     TMR2            equ	17	;# 
   377     0012                     T2CON           equ	18	;# 
   378     0013                     SSPBUF          equ	19	;# 
   379     0014                     SSPCON          equ	20	;# 
   380     0015                     CCPR1           equ	21	;# 
   381     0015                     CCPR1L          equ	21	;# 
   382     0016                     CCPR1H          equ	22	;# 
   383     0017                     CCP1CON         equ	23	;# 
   384     0018                     RCSTA           equ	24	;# 
   385     0019                     TXREG           equ	25	;# 
   386     001A                     RCREG           equ	26	;# 
   387     001B                     CCPR2           equ	27	;# 
   388     001B                     CCPR2L          equ	27	;# 
   389     001C                     CCPR2H          equ	28	;# 
   390     001D                     CCP2CON         equ	29	;# 
   391     001E                     ADRESH          equ	30	;# 
   392     001F                     ADCON0          equ	31	;# 
   393     0081                     OPTION_REG      equ	129	;# 
   394     0085                     TRISA           equ	133	;# 
   395     0086                     TRISB           equ	134	;# 
   396     0087                     TRISC           equ	135	;# 
   397     0088                     TRISD           equ	136	;# 
   398     0089                     TRISE           equ	137	;# 
   399     008C                     PIE1            equ	140	;# 
   400     008D                     PIE2            equ	141	;# 
   401     008E                     PCON            equ	142	;# 
   402     0091                     SSPCON2         equ	145	;# 
   403     0092                     PR2             equ	146	;# 
   404     0093                     SSPADD          equ	147	;# 
   405     0094                     SSPSTAT         equ	148	;# 
   406     0098                     TXSTA           equ	152	;# 
   407     0099                     SPBRG           equ	153	;# 
   408     009C                     CMCON           equ	156	;# 
   409     009D                     CVRCON          equ	157	;# 
   410     009E                     ADRESL          equ	158	;# 
   411     009F                     ADCON1          equ	159	;# 
   412     010C                     EEDATA          equ	268	;# 
   413     010D                     EEADR           equ	269	;# 
   414     010E                     EEDATH          equ	270	;# 
   415     010F                     EEADRH          equ	271	;# 
   416     018C                     EECON1          equ	396	;# 
   417     018D                     EECON2          equ	397	;# 
   418     0000                     INDF            equ	0	;# 
   419     0001                     TMR0            equ	1	;# 
   420     0002                     PCL             equ	2	;# 
   421     0003                     STATUS          equ	3	;# 
   422     0004                     FSR             equ	4	;# 
   423     0005                     PORTA           equ	5	;# 
   424     0006                     PORTB           equ	6	;# 
   425     0007                     PORTC           equ	7	;# 
   426     0008                     PORTD           equ	8	;# 
   427     0009                     PORTE           equ	9	;# 
   428     000A                     PCLATH          equ	10	;# 
   429     000B                     INTCON          equ	11	;# 
   430     000C                     PIR1            equ	12	;# 
   431     000D                     PIR2            equ	13	;# 
   432     000E                     TMR1            equ	14	;# 
   433     000E                     TMR1L           equ	14	;# 
   434     000F                     TMR1H           equ	15	;# 
   435     0010                     T1CON           equ	16	;# 
   436     0011                     TMR2            equ	17	;# 
   437     0012                     T2CON           equ	18	;# 
   438     0013                     SSPBUF          equ	19	;# 
   439     0014                     SSPCON          equ	20	;# 
   440     0015                     CCPR1           equ	21	;# 
   441     0015                     CCPR1L          equ	21	;# 
   442     0016                     CCPR1H          equ	22	;# 
   443     0017                     CCP1CON         equ	23	;# 
   444     0018                     RCSTA           equ	24	;# 
   445     0019                     TXREG           equ	25	;# 
   446     001A                     RCREG           equ	26	;# 
   447     001B                     CCPR2           equ	27	;# 
   448     001B                     CCPR2L          equ	27	;# 
   449     001C                     CCPR2H          equ	28	;# 
   450     001D                     CCP2CON         equ	29	;# 
   451     001E                     ADRESH          equ	30	;# 
   452     001F                     ADCON0          equ	31	;# 
   453     0081                     OPTION_REG      equ	129	;# 
   454     0085                     TRISA           equ	133	;# 
   455     0086                     TRISB           equ	134	;# 
   456     0087                     TRISC           equ	135	;# 
   457     0088                     TRISD           equ	136	;# 
   458     0089                     TRISE           equ	137	;# 
   459     008C                     PIE1            equ	140	;# 
   460     008D                     PIE2            equ	141	;# 
   461     008E                     PCON            equ	142	;# 
   462     0091                     SSPCON2         equ	145	;# 
   463     0092                     PR2             equ	146	;# 
   464     0093                     SSPADD          equ	147	;# 
   465     0094                     SSPSTAT         equ	148	;# 
   466     0098                     TXSTA           equ	152	;# 
   467     0099                     SPBRG           equ	153	;# 
   468     009C                     CMCON           equ	156	;# 
   469     009D                     CVRCON          equ	157	;# 
   470     009E                     ADRESL          equ	158	;# 
   471     009F                     ADCON1          equ	159	;# 
   472     010C                     EEDATA          equ	268	;# 
   473     010D                     EEADR           equ	269	;# 
   474     010E                     EEDATH          equ	270	;# 
   475     010F                     EEADRH          equ	271	;# 
   476     018C                     EECON1          equ	396	;# 
   477     018D                     EECON2          equ	397	;# 
   478     0000                     INDF            equ	0	;# 
   479     0001                     TMR0            equ	1	;# 
   480     0002                     PCL             equ	2	;# 
   481     0003                     STATUS          equ	3	;# 
   482     0004                     FSR             equ	4	;# 
   483     0005                     PORTA           equ	5	;# 
   484     0006                     PORTB           equ	6	;# 
   485     0007                     PORTC           equ	7	;# 
   486     0008                     PORTD           equ	8	;# 
   487     0009                     PORTE           equ	9	;# 
   488     000A                     PCLATH          equ	10	;# 
   489     000B                     INTCON          equ	11	;# 
   490     000C                     PIR1            equ	12	;# 
   491     000D                     PIR2            equ	13	;# 
   492     000E                     TMR1            equ	14	;# 
   493     000E                     TMR1L           equ	14	;# 
   494     000F                     TMR1H           equ	15	;# 
   495     0010                     T1CON           equ	16	;# 
   496     0011                     TMR2            equ	17	;# 
   497     0012                     T2CON           equ	18	;# 
   498     0013                     SSPBUF          equ	19	;# 
   499     0014                     SSPCON          equ	20	;# 
   500     0015                     CCPR1           equ	21	;# 
   501     0015                     CCPR1L          equ	21	;# 
   502     0016                     CCPR1H          equ	22	;# 
   503     0017                     CCP1CON         equ	23	;# 
   504     0018                     RCSTA           equ	24	;# 
   505     0019                     TXREG           equ	25	;# 
   506     001A                     RCREG           equ	26	;# 
   507     001B                     CCPR2           equ	27	;# 
   508     001B                     CCPR2L          equ	27	;# 
   509     001C                     CCPR2H          equ	28	;# 
   510     001D                     CCP2CON         equ	29	;# 
   511     001E                     ADRESH          equ	30	;# 
   512     001F                     ADCON0          equ	31	;# 
   513     0081                     OPTION_REG      equ	129	;# 
   514     0085                     TRISA           equ	133	;# 
   515     0086                     TRISB           equ	134	;# 
   516     0087                     TRISC           equ	135	;# 
   517     0088                     TRISD           equ	136	;# 
   518     0089                     TRISE           equ	137	;# 
   519     008C                     PIE1            equ	140	;# 
   520     008D                     PIE2            equ	141	;# 
   521     008E                     PCON            equ	142	;# 
   522     0091                     SSPCON2         equ	145	;# 
   523     0092                     PR2             equ	146	;# 
   524     0093                     SSPADD          equ	147	;# 
   525     0094                     SSPSTAT         equ	148	;# 
   526     0098                     TXSTA           equ	152	;# 
   527     0099                     SPBRG           equ	153	;# 
   528     009C                     CMCON           equ	156	;# 
   529     009D                     CVRCON          equ	157	;# 
   530     009E                     ADRESL          equ	158	;# 
   531     009F                     ADCON1          equ	159	;# 
   532     010C                     EEDATA          equ	268	;# 
   533     010D                     EEADR           equ	269	;# 
   534     010E                     EEDATH          equ	270	;# 
   535     010F                     EEADRH          equ	271	;# 
   536     018C                     EECON1          equ	396	;# 
   537     018D                     EECON2          equ	397	;# 
   538     0000                     INDF            equ	0	;# 
   539     0001                     TMR0            equ	1	;# 
   540     0002                     PCL             equ	2	;# 
   541     0003                     STATUS          equ	3	;# 
   542     0004                     FSR             equ	4	;# 
   543     0005                     PORTA           equ	5	;# 
   544     0006                     PORTB           equ	6	;# 
   545     0007                     PORTC           equ	7	;# 
   546     0008                     PORTD           equ	8	;# 
   547     0009                     PORTE           equ	9	;# 
   548     000A                     PCLATH          equ	10	;# 
   549     000B                     INTCON          equ	11	;# 
   550     000C                     PIR1            equ	12	;# 
   551     000D                     PIR2            equ	13	;# 
   552     000E                     TMR1            equ	14	;# 
   553     000E                     TMR1L           equ	14	;# 
   554     000F                     TMR1H           equ	15	;# 
   555     0010                     T1CON           equ	16	;# 
   556     0011                     TMR2            equ	17	;# 
   557     0012                     T2CON           equ	18	;# 
   558     0013                     SSPBUF          equ	19	;# 
   559     0014                     SSPCON          equ	20	;# 
   560     0015                     CCPR1           equ	21	;# 
   561     0015                     CCPR1L          equ	21	;# 
   562     0016                     CCPR1H          equ	22	;# 
   563     0017                     CCP1CON         equ	23	;# 
   564     0018                     RCSTA           equ	24	;# 
   565     0019                     TXREG           equ	25	;# 
   566     001A                     RCREG           equ	26	;# 
   567     001B                     CCPR2           equ	27	;# 
   568     001B                     CCPR2L          equ	27	;# 
   569     001C                     CCPR2H          equ	28	;# 
   570     001D                     CCP2CON         equ	29	;# 
   571     001E                     ADRESH          equ	30	;# 
   572     001F                     ADCON0          equ	31	;# 
   573     0081                     OPTION_REG      equ	129	;# 
   574     0085                     TRISA           equ	133	;# 
   575     0086                     TRISB           equ	134	;# 
   576     0087                     TRISC           equ	135	;# 
   577     0088                     TRISD           equ	136	;# 
   578     0089                     TRISE           equ	137	;# 
   579     008C                     PIE1            equ	140	;# 
   580     008D                     PIE2            equ	141	;# 
   581     008E                     PCON            equ	142	;# 
   582     0091                     SSPCON2         equ	145	;# 
   583     0092                     PR2             equ	146	;# 
   584     0093                     SSPADD          equ	147	;# 
   585     0094                     SSPSTAT         equ	148	;# 
   586     0098                     TXSTA           equ	152	;# 
   587     0099                     SPBRG           equ	153	;# 
   588     009C                     CMCON           equ	156	;# 
   589     009D                     CVRCON          equ	157	;# 
   590     009E                     ADRESL          equ	158	;# 
   591     009F                     ADCON1          equ	159	;# 
   592     010C                     EEDATA          equ	268	;# 
   593     010D                     EEADR           equ	269	;# 
   594     010E                     EEDATH          equ	270	;# 
   595     010F                     EEADRH          equ	271	;# 
   596     018C                     EECON1          equ	396	;# 
   597     018D                     EECON2          equ	397	;# 
   598     0000                     INDF            equ	0	;# 
   599     0001                     TMR0            equ	1	;# 
   600     0002                     PCL             equ	2	;# 
   601     0003                     STATUS          equ	3	;# 
   602     0004                     FSR             equ	4	;# 
   603     0005                     PORTA           equ	5	;# 
   604     0006                     PORTB           equ	6	;# 
   605     0007                     PORTC           equ	7	;# 
   606     0008                     PORTD           equ	8	;# 
   607     0009                     PORTE           equ	9	;# 
   608     000A                     PCLATH          equ	10	;# 
   609     000B                     INTCON          equ	11	;# 
   610     000C                     PIR1            equ	12	;# 
   611     000D                     PIR2            equ	13	;# 
   612     000E                     TMR1            equ	14	;# 
   613     000E                     TMR1L           equ	14	;# 
   614     000F                     TMR1H           equ	15	;# 
   615     0010                     T1CON           equ	16	;# 
   616     0011                     TMR2            equ	17	;# 
   617     0012                     T2CON           equ	18	;# 
   618     0013                     SSPBUF          equ	19	;# 
   619     0014                     SSPCON          equ	20	;# 
   620     0015                     CCPR1           equ	21	;# 
   621     0015                     CCPR1L          equ	21	;# 
   622     0016                     CCPR1H          equ	22	;# 
   623     0017                     CCP1CON         equ	23	;# 
   624     0018                     RCSTA           equ	24	;# 
   625     0019                     TXREG           equ	25	;# 
   626     001A                     RCREG           equ	26	;# 
   627     001B                     CCPR2           equ	27	;# 
   628     001B                     CCPR2L          equ	27	;# 
   629     001C                     CCPR2H          equ	28	;# 
   630     001D                     CCP2CON         equ	29	;# 
   631     001E                     ADRESH          equ	30	;# 
   632     001F                     ADCON0          equ	31	;# 
   633     0081                     OPTION_REG      equ	129	;# 
   634     0085                     TRISA           equ	133	;# 
   635     0086                     TRISB           equ	134	;# 
   636     0087                     TRISC           equ	135	;# 
   637     0088                     TRISD           equ	136	;# 
   638     0089                     TRISE           equ	137	;# 
   639     008C                     PIE1            equ	140	;# 
   640     008D                     PIE2            equ	141	;# 
   641     008E                     PCON            equ	142	;# 
   642     0091                     SSPCON2         equ	145	;# 
   643     0092                     PR2             equ	146	;# 
   644     0093                     SSPADD          equ	147	;# 
   645     0094                     SSPSTAT         equ	148	;# 
   646     0098                     TXSTA           equ	152	;# 
   647     0099                     SPBRG           equ	153	;# 
   648     009C                     CMCON           equ	156	;# 
   649     009D                     CVRCON          equ	157	;# 
   650     009E                     ADRESL          equ	158	;# 
   651     009F                     ADCON1          equ	159	;# 
   652     010C                     EEDATA          equ	268	;# 
   653     010D                     EEADR           equ	269	;# 
   654     010E                     EEDATH          equ	270	;# 
   655     010F                     EEADRH          equ	271	;# 
   656     018C                     EECON1          equ	396	;# 
   657     018D                     EECON2          equ	397	;# 
   658     0000                     INDF            equ	0	;# 
   659     0001                     TMR0            equ	1	;# 
   660     0002                     PCL             equ	2	;# 
   661     0003                     STATUS          equ	3	;# 
   662     0004                     FSR             equ	4	;# 
   663     0005                     PORTA           equ	5	;# 
   664     0006                     PORTB           equ	6	;# 
   665     0007                     PORTC           equ	7	;# 
   666     0008                     PORTD           equ	8	;# 
   667     0009                     PORTE           equ	9	;# 
   668     000A                     PCLATH          equ	10	;# 
   669     000B                     INTCON          equ	11	;# 
   670     000C                     PIR1            equ	12	;# 
   671     000D                     PIR2            equ	13	;# 
   672     000E                     TMR1            equ	14	;# 
   673     000E                     TMR1L           equ	14	;# 
   674     000F                     TMR1H           equ	15	;# 
   675     0010                     T1CON           equ	16	;# 
   676     0011                     TMR2            equ	17	;# 
   677     0012                     T2CON           equ	18	;# 
   678     0013                     SSPBUF          equ	19	;# 
   679     0014                     SSPCON          equ	20	;# 
   680     0015                     CCPR1           equ	21	;# 
   681     0015                     CCPR1L          equ	21	;# 
   682     0016                     CCPR1H          equ	22	;# 
   683     0017                     CCP1CON         equ	23	;# 
   684     0018                     RCSTA           equ	24	;# 
   685     0019                     TXREG           equ	25	;# 
   686     001A                     RCREG           equ	26	;# 
   687     001B                     CCPR2           equ	27	;# 
   688     001B                     CCPR2L          equ	27	;# 
   689     001C                     CCPR2H          equ	28	;# 
   690     001D                     CCP2CON         equ	29	;# 
   691     001E                     ADRESH          equ	30	;# 
   692     001F                     ADCON0          equ	31	;# 
   693     0081                     OPTION_REG      equ	129	;# 
   694     0085                     TRISA           equ	133	;# 
   695     0086                     TRISB           equ	134	;# 
   696     0087                     TRISC           equ	135	;# 
   697     0088                     TRISD           equ	136	;# 
   698     0089                     TRISE           equ	137	;# 
   699     008C                     PIE1            equ	140	;# 
   700     008D                     PIE2            equ	141	;# 
   701     008E                     PCON            equ	142	;# 
   702     0091                     SSPCON2         equ	145	;# 
   703     0092                     PR2             equ	146	;# 
   704     0093                     SSPADD          equ	147	;# 
   705     0094                     SSPSTAT         equ	148	;# 
   706     0098                     TXSTA           equ	152	;# 
   707     0099                     SPBRG           equ	153	;# 
   708     009C                     CMCON           equ	156	;# 
   709     009D                     CVRCON          equ	157	;# 
   710     009E                     ADRESL          equ	158	;# 
   711     009F                     ADCON1          equ	159	;# 
   712     010C                     EEDATA          equ	268	;# 
   713     010D                     EEADR           equ	269	;# 
   714     010E                     EEDATH          equ	270	;# 
   715     010F                     EEADRH          equ	271	;# 
   716     018C                     EECON1          equ	396	;# 
   717     018D                     EECON2          equ	397	;# 
   718     0000                     INDF            equ	0	;# 
   719     0001                     TMR0            equ	1	;# 
   720     0002                     PCL             equ	2	;# 
   721     0003                     STATUS          equ	3	;# 
   722     0004                     FSR             equ	4	;# 
   723     0005                     PORTA           equ	5	;# 
   724     0006                     PORTB           equ	6	;# 
   725     0007                     PORTC           equ	7	;# 
   726     0008                     PORTD           equ	8	;# 
   727     0009                     PORTE           equ	9	;# 
   728     000A                     PCLATH          equ	10	;# 
   729     000B                     INTCON          equ	11	;# 
   730     000C                     PIR1            equ	12	;# 
   731     000D                     PIR2            equ	13	;# 
   732     000E                     TMR1            equ	14	;# 
   733     000E                     TMR1L           equ	14	;# 
   734     000F                     TMR1H           equ	15	;# 
   735     0010                     T1CON           equ	16	;# 
   736     0011                     TMR2            equ	17	;# 
   737     0012                     T2CON           equ	18	;# 
   738     0013                     SSPBUF          equ	19	;# 
   739     0014                     SSPCON          equ	20	;# 
   740     0015                     CCPR1           equ	21	;# 
   741     0015                     CCPR1L          equ	21	;# 
   742     0016                     CCPR1H          equ	22	;# 
   743     0017                     CCP1CON         equ	23	;# 
   744     0018                     RCSTA           equ	24	;# 
   745     0019                     TXREG           equ	25	;# 
   746     001A                     RCREG           equ	26	;# 
   747     001B                     CCPR2           equ	27	;# 
   748     001B                     CCPR2L          equ	27	;# 
   749     001C                     CCPR2H          equ	28	;# 
   750     001D                     CCP2CON         equ	29	;# 
   751     001E                     ADRESH          equ	30	;# 
   752     001F                     ADCON0          equ	31	;# 
   753     0081                     OPTION_REG      equ	129	;# 
   754     0085                     TRISA           equ	133	;# 
   755     0086                     TRISB           equ	134	;# 
   756     0087                     TRISC           equ	135	;# 
   757     0088                     TRISD           equ	136	;# 
   758     0089                     TRISE           equ	137	;# 
   759     008C                     PIE1            equ	140	;# 
   760     008D                     PIE2            equ	141	;# 
   761     008E                     PCON            equ	142	;# 
   762     0091                     SSPCON2         equ	145	;# 
   763     0092                     PR2             equ	146	;# 
   764     0093                     SSPADD          equ	147	;# 
   765     0094                     SSPSTAT         equ	148	;# 
   766     0098                     TXSTA           equ	152	;# 
   767     0099                     SPBRG           equ	153	;# 
   768     009C                     CMCON           equ	156	;# 
   769     009D                     CVRCON          equ	157	;# 
   770     009E                     ADRESL          equ	158	;# 
   771     009F                     ADCON1          equ	159	;# 
   772     010C                     EEDATA          equ	268	;# 
   773     010D                     EEADR           equ	269	;# 
   774     010E                     EEDATH          equ	270	;# 
   775     010F                     EEADRH          equ	271	;# 
   776     018C                     EECON1          equ	396	;# 
   777     018D                     EECON2          equ	397	;# 
   778                           
   779                           	psect	idataBANK0
   780     0800                     __pidataBANK0:
   781                           
   782                           ;initializer for _MENU_COUNT
   783     0800  3405               	retlw	5
   784                           
   785                           ;initializer for read_digital_keypad@once
   786     0801  3401               	retlw	1
   787                           
   788                           	psect	idataBANK1
   789     11D1                     __pidataBANK1:
   790                           
   791                           ;initializer for _event
   792     11D1  342C               	retlw	low (STR_2| (0+32768))
   793     11D2  3485               	retlw	high (STR_2| (0+32768))
   794     11D3  3429               	retlw	low (STR_3| (0+32768))
   795     11D4  3485               	retlw	high (STR_3| (0+32768))
   796     11D5  341D               	retlw	low (STR_4| (0+32768))
   797     11D6  3485               	retlw	high (STR_4| (0+32768))
   798     11D7  3420               	retlw	low (STR_5| (0+32768))
   799     11D8  3485               	retlw	high (STR_5| (0+32768))
   800     11D9  3423               	retlw	low (STR_6| (0+32768))
   801     11DA  3485               	retlw	high (STR_6| (0+32768))
   802     11DB  3426               	retlw	low (STR_7| (0+32768))
   803     11DC  3485               	retlw	high (STR_7| (0+32768))
   804     11DD  342F               	retlw	low (STR_8| (0+32768))
   805     11DE  3485               	retlw	high (STR_8| (0+32768))
   806     11DF  341A               	retlw	low (STR_9| (0+32768))
   807     11E0  3485               	retlw	high (STR_9| (0+32768))
   808                           
   809                           ;initializer for _TOTAl_ATTEMPTs
   810     11E1  3403               	retlw	3
   811     11E2  3400               	retlw	0
   812                           
   813                           ;initializer for _time
   814     11E3  3431               	retlw	49
   815     11E4  3432               	retlw	50
   816     11E5  343A               	retlw	58
   817     11E6  3430               	retlw	48
   818     11E7  3434               	retlw	52
   819     11E8  343A               	retlw	58
   820     11E9  3432               	retlw	50
   821     11EA  3432               	retlw	50
   822     11EB  3400               	retlw	0
   823                           
   824                           ;initializer for _Pass
   825     11EC  3431               	retlw	49
   826     11ED  3431               	retlw	49
   827     11EE  3430               	retlw	48
   828     11EF  3430               	retlw	48
   829     11F0  3400               	retlw	0
   830                           
   831                           ;initializer for _rem_time_sec
   832     11F1  3430               	retlw	48
   833     11F2  3430               	retlw	48
   834     11F3  3400               	retlw	0
   835                           
   836                           	psect	stringtext
   837     0300                     __pstringtext:
   838     0300                     stringtab:
   839     0300                     __stringtab:
   840                           
   841                           ;	String table - string pointers are 2 bytes each
   842     0300  1BFF               	btfsc	btemp+1,7
   843     0301  2B0A               	ljmp	stringcode
   844     0302  1383               	bcf	3,7
   845     0303  187F               	btfsc	btemp+1,0
   846     0304  1783               	bsf	3,7
   847     0305  0800               	movf	0,w
   848     0306  0A84               	incf	4,f
   849     0307  1903               	skipnz
   850     0308  0AFF               	incf	btemp+1,f
   851     0309  0008               	return
   852     030A                     stringcode:
   853     030A  087F               	movf	btemp+1,w
   854     030B  397F               	andlw	127
   855     030C  008A               	movwf	10
   856     030D  0804               	movf	4,w
   857     030E  0A84               	incf	4,f
   858     030F  1903               	skipnz
   859     0310  0AFF               	incf	btemp+1,f
   860     0311  0082               	movwf	2
   861     0312                     __stringbase:
   862     0312                     __end_of__stringtab:
   863     0312                     _menu:
   864     0312  3456               	retlw	86
   865     0313  3469               	retlw	105
   866     0314  3465               	retlw	101
   867     0315  3477               	retlw	119
   868     0316  3420               	retlw	32
   869     0317  344C               	retlw	76
   870     0318  346F               	retlw	111
   871     0319  3467               	retlw	103
   872     031A  3420               	retlw	32
   873     031B  3420               	retlw	32
   874     031C  3420               	retlw	32
   875     031D  3420               	retlw	32
   876     031E  3420               	retlw	32
   877     031F  3420               	retlw	32
   878     0320  3420               	retlw	32
   879     0321  3420               	retlw	32
   880     0322  3400               	retlw	0
   881     0323  3443               	retlw	67
   882     0324  346C               	retlw	108
   883     0325  3465               	retlw	101
   884     0326  3461               	retlw	97
   885     0327  3472               	retlw	114
   886     0328  3420               	retlw	32
   887     0329  344C               	retlw	76
   888     032A  346F               	retlw	111
   889     032B  3467               	retlw	103
   890     032C  3420               	retlw	32
   891     032D  3420               	retlw	32
   892     032E  3420               	retlw	32
   893     032F  3420               	retlw	32
   894     0330  3420               	retlw	32
   895     0331  3420               	retlw	32
   896     0332  3420               	retlw	32
   897     0333  3420               	retlw	32
   898     0334  3444               	retlw	68
   899     0335  346F               	retlw	111
   900     0336  3477               	retlw	119
   901     0337  346E               	retlw	110
   902     0338  346C               	retlw	108
   903     0339  346F               	retlw	111
   904     033A  3461               	retlw	97
   905     033B  3464               	retlw	100
   906     033C  3420               	retlw	32
   907     033D  344C               	retlw	76
   908     033E  346F               	retlw	111
   909     033F  3467               	retlw	103
   910     0340  3420               	retlw	32
   911     0341  3420               	retlw	32
   912     0342  3420               	retlw	32
   913     0343  3420               	retlw	32
   914     0344  3400               	retlw	0
   915     0345  3453               	retlw	83
   916     0346  3465               	retlw	101
   917     0347  3474               	retlw	116
   918     0348  3420               	retlw	32
   919     0349  3454               	retlw	84
   920     034A  3469               	retlw	105
   921     034B  346D               	retlw	109
   922     034C  3465               	retlw	101
   923     034D  3420               	retlw	32
   924     034E  3420               	retlw	32
   925     034F  3420               	retlw	32
   926     0350  3420               	retlw	32
   927     0351  3420               	retlw	32
   928     0352  3420               	retlw	32
   929     0353  3420               	retlw	32
   930     0354  3420               	retlw	32
   931     0355  3400               	retlw	0
   932     0356  3443               	retlw	67
   933     0357  3468               	retlw	104
   934     0358  3461               	retlw	97
   935     0359  346E               	retlw	110
   936     035A  3467               	retlw	103
   937     035B  3465               	retlw	101
   938     035C  3420               	retlw	32
   939     035D  3450               	retlw	80
   940     035E  3461               	retlw	97
   941     035F  3473               	retlw	115
   942     0360  3473               	retlw	115
   943     0361  3477               	retlw	119
   944     0362  346F               	retlw	111
   945     0363  3472               	retlw	114
   946     0364  3464               	retlw	100
   947     0365  3420               	retlw	32
   948     0366  3400               	retlw	0
   949     0367                     __end_of_menu:
   950     0019                     _TXREG          set	25
   951     001A                     _RCREG          set	26
   952     001E                     _ADRESH         set	30
   953     001F                     _ADCON0         set	31
   954     0013                     _SSPBUF         set	19
   955     0001                     _TMR0           set	1
   956     0008                     _PORTD          set	8
   957     0006                     _PORTB          set	6
   958     0064                     _TXIF           set	100
   959     0065                     _RCIF           set	101
   960     00C4                     _CREN           set	196
   961     00C7                     _SPEN           set	199
   962     005D                     _TMR0IE         set	93
   963     00FA                     _nDONE          set	250
   964     00FA                     _GO             set	250
   965     00F8                     _ADON           set	248
   966     00A5                     _SSPEN          set	165
   967     00A3                     _SSPM3          set	163
   968     005A                     _TMR0IF         set	90
   969     0049                     _RE1            set	73
   970     004A                     _RE2            set	74
   971     005F                     _GIE            set	95
   972     0099                     _SPBRG          set	153
   973     009E                     _ADRESL         set	158
   974     0091                     _SSPCON2        set	145
   975     0093                     _SSPADD         set	147
   976     0088                     _TRISD          set	136
   977     0086                     _TRISB          set	134
   978     0465                     _RCIE           set	1125
   979     040B                     _PSA            set	1035
   980     040D                     _T0CS           set	1037
   981     04FF                     _ADFM           set	1279
   982     048E                     _ACKSTAT        set	1166
   983     048C                     _ACKEN          set	1164
   984     048D                     _ACKDT          set	1165
   985     048B                     _RCEN           set	1163
   986     048A                     _PEN            set	1162
   987     0488                     _SEN            set	1160
   988     04A2                     _R_nW           set	1186
   989     0449                     _TRISE1         set	1097
   990     044A                     _TRISE2         set	1098
   991     0367                     STR_39:
   992     0367  3469               	retlw	105	;'i'
   993     0368  3473               	retlw	115	;'s'
   994     0369  3420               	retlw	32	;' '
   995     036A  3457               	retlw	87	;'W'
   996     036B  3472               	retlw	114	;'r'
   997     036C  346F               	retlw	111	;'o'
   998     036D  346E               	retlw	110	;'n'
   999     036E  3467               	retlw	103	;'g'
  1000     036F  3420               	retlw	32	;' '
  1001     0370  3420               	retlw	32	;' '
  1002     0371  3420               	retlw	32	;' '
  1003     0372  3420               	retlw	32	;' '
  1004     0373  3420               	retlw	32	;' '
  1005     0374  3420               	retlw	32	;' '
  1006     0375  3420               	retlw	32	;' '
  1007     0376  3420               	retlw	32	;' '
  1008     0377  3420               	retlw	32	;' '
  1009     0378  3420               	retlw	32	;' '
  1010     0379  3420               	retlw	32	;' '
  1011     037A  3420               	retlw	32	;' '
  1012     037B  3420               	retlw	32	;' '
  1013     037C  3420               	retlw	32	;' '
  1014     037D  3400               	retlw	0
  1015     037E                     STR_38:
  1016     037E  3452               	retlw	82	;'R'
  1017     037F  3465               	retlw	101	;'e'
  1018     0380  3420               	retlw	32	;' '
  1019     0381  3445               	retlw	69	;'E'
  1020     0382  346E               	retlw	110	;'n'
  1021     0383  3474               	retlw	116	;'t'
  1022     0384  3465               	retlw	101	;'e'
  1023     0385  3472               	retlw	114	;'r'
  1024     0386  3465               	retlw	101	;'e'
  1025     0387  3464               	retlw	100	;'d'
  1026     0388  3420               	retlw	32	;' '
  1027     0389  3450               	retlw	80	;'P'
  1028     038A  3461               	retlw	97	;'a'
  1029     038B  3473               	retlw	115	;'s'
  1030     038C  3473               	retlw	115	;'s'
  1031     038D  3420               	retlw	32	;' '
  1032     038E  3420               	retlw	32	;' '
  1033     038F  3420               	retlw	32	;' '
  1034     0390  3420               	retlw	32	;' '
  1035     0391  3420               	retlw	32	;' '
  1036     0392  3420               	retlw	32	;' '
  1037     0393  3420               	retlw	32	;' '
  1038     0394  3400               	retlw	0
  1039     0395                     STR_34:
  1040     0395  3452               	retlw	82	;'R'
  1041     0396  3465               	retlw	101	;'e'
  1042     0397  3420               	retlw	32	;' '
  1043     0398  3445               	retlw	69	;'E'
  1044     0399  346E               	retlw	110	;'n'
  1045     039A  3474               	retlw	116	;'t'
  1046     039B  3465               	retlw	101	;'e'
  1047     039C  3472               	retlw	114	;'r'
  1048     039D  3420               	retlw	32	;' '
  1049     039E  344E               	retlw	78	;'N'
  1050     039F  3465               	retlw	101	;'e'
  1051     03A0  3477               	retlw	119	;'w'
  1052     03A1  3420               	retlw	32	;' '
  1053     03A2  3450               	retlw	80	;'P'
  1054     03A3  3461               	retlw	97	;'a'
  1055     03A4  3473               	retlw	115	;'s'
  1056     03A5  3473               	retlw	115	;'s'
  1057     03A6  3420               	retlw	32	;' '
  1058     03A7  3420               	retlw	32	;' '
  1059     03A8  3420               	retlw	32	;' '
  1060     03A9  3400               	retlw	0
  1061     03AA                     STR_32:
  1062     03AA  3445               	retlw	69	;'E'
  1063     03AB  346E               	retlw	110	;'n'
  1064     03AC  3474               	retlw	116	;'t'
  1065     03AD  3465               	retlw	101	;'e'
  1066     03AE  3472               	retlw	114	;'r'
  1067     03AF  3420               	retlw	32	;' '
  1068     03B0  344E               	retlw	78	;'N'
  1069     03B1  3465               	retlw	101	;'e'
  1070     03B2  3477               	retlw	119	;'w'
  1071     03B3  3420               	retlw	32	;' '
  1072     03B4  3450               	retlw	80	;'P'
  1073     03B5  3461               	retlw	97	;'a'
  1074     03B6  3473               	retlw	115	;'s'
  1075     03B7  3473               	retlw	115	;'s'
  1076     03B8  3477               	retlw	119	;'w'
  1077     03B9  346F               	retlw	111	;'o'
  1078     03BA  3472               	retlw	114	;'r'
  1079     03BB  3464               	retlw	100	;'d'
  1080     03BC  3420               	retlw	32	;' '
  1081     03BD  3420               	retlw	32	;' '
  1082     03BE  3400               	retlw	0
  1083     03BF                     STR_37:
  1084     03BF  3443               	retlw	67	;'C'
  1085     03C0  3468               	retlw	104	;'h'
  1086     03C1  3461               	retlw	97	;'a'
  1087     03C2  346E               	retlw	110	;'n'
  1088     03C3  3467               	retlw	103	;'g'
  1089     03C4  3465               	retlw	101	;'e'
  1090     03C5  3464               	retlw	100	;'d'
  1091     03C6  3420               	retlw	32	;' '
  1092     03C7  3420               	retlw	32	;' '
  1093     03C8  3420               	retlw	32	;' '
  1094     03C9  3420               	retlw	32	;' '
  1095     03CA  3420               	retlw	32	;' '
  1096     03CB  3420               	retlw	32	;' '
  1097     03CC  3420               	retlw	32	;' '
  1098     03CD  3420               	retlw	32	;' '
  1099     03CE  3420               	retlw	32	;' '
  1100     03CF  3420               	retlw	32	;' '
  1101     03D0  3420               	retlw	32	;' '
  1102     03D1  3400               	retlw	0
  1103     03D2                     STR_36:
  1104     03D2  3450               	retlw	80	;'P'
  1105     03D3  3461               	retlw	97	;'a'
  1106     03D4  3473               	retlw	115	;'s'
  1107     03D5  3473               	retlw	115	;'s'
  1108     03D6  3477               	retlw	119	;'w'
  1109     03D7  346F               	retlw	111	;'o'
  1110     03D8  3472               	retlw	114	;'r'
  1111     03D9  3464               	retlw	100	;'d'
  1112     03DA  3420               	retlw	32	;' '
  1113     03DB  3469               	retlw	105	;'i'
  1114     03DC  3473               	retlw	115	;'s'
  1115     03DD  3420               	retlw	32	;' '
  1116     03DE  3420               	retlw	32	;' '
  1117     03DF  3420               	retlw	32	;' '
  1118     03E0  3420               	retlw	32	;' '
  1119     03E1  3420               	retlw	32	;' '
  1120     03E2  3420               	retlw	32	;' '
  1121     03E3  3420               	retlw	32	;' '
  1122     03E4  3400               	retlw	0
  1123     03E5                     STR_30:
  1124     03E5  3423               	retlw	35	;'#'
  1125     03E6  3420               	retlw	32	;' '
  1126     03E7  3454               	retlw	84	;'T'
  1127     03E8  3449               	retlw	73	;'I'
  1128     03E9  344D               	retlw	77	;'M'
  1129     03EA  3445               	retlw	69	;'E'
  1130     03EB  3420               	retlw	32	;' '
  1131     03EC  3420               	retlw	32	;' '
  1132     03ED  3420               	retlw	32	;' '
  1133     03EE  3420               	retlw	32	;' '
  1134     03EF  3445               	retlw	69	;'E'
  1135     03F0  3456               	retlw	86	;'V'
  1136     03F1  3420               	retlw	32	;' '
  1137     03F2  3453               	retlw	83	;'S'
  1138     03F3  3450               	retlw	80	;'P'
  1139     03F4  340A               	retlw	10
  1140     03F5  340D               	retlw	13
  1141     03F6  3400               	retlw	0
  1142     03F7                     STR_12:
  1143     03F7  3420               	retlw	32	;' '
  1144     03F8  3420               	retlw	32	;' '
  1145     03F9  3420               	retlw	32	;' '
  1146     03FA  3420               	retlw	32	;' '
  1147     03FB  3420               	retlw	32	;' '
  1148     03FC  3420               	retlw	32	;' '
  1149     03FD  3420               	retlw	32	;' '
  1150     03FE  3420               	retlw	32	;' '
  1151     03FF  3420               	retlw	32	;' '
  1152     0400  3420               	retlw	32	;' '
  1153     0401  3420               	retlw	32	;' '
  1154     0402  3420               	retlw	32	;' '
  1155     0403  3420               	retlw	32	;' '
  1156     0404  3420               	retlw	32	;' '
  1157     0405  3420               	retlw	32	;' '
  1158     0406  3420               	retlw	32	;' '
  1159     0407  3400               	retlw	0
  1160     0408                     STR_40:
  1161     0408  3448               	retlw	72	;'H'
  1162     0409  3448               	retlw	72	;'H'
  1163     040A  343A               	retlw	58	;':'
  1164     040B  344D               	retlw	77	;'M'
  1165     040C  344D               	retlw	77	;'M'
  1166     040D  343A               	retlw	58	;':'
  1167     040E  3453               	retlw	83	;'S'
  1168     040F  3453               	retlw	83	;'S'
  1169     0410  3420               	retlw	32	;' '
  1170     0411  3420               	retlw	32	;' '
  1171     0412  3420               	retlw	32	;' '
  1172     0413  3420               	retlw	32	;' '
  1173     0414  3420               	retlw	32	;' '
  1174     0415  3420               	retlw	32	;' '
  1175     0416  3420               	retlw	32	;' '
  1176     0417  3420               	retlw	32	;' '
  1177     0418  3400               	retlw	0
  1178     0419                     STR_26:
  1179     0419  344C               	retlw	76	;'L'
  1180     041A  346F               	retlw	111	;'o'
  1181     041B  3467               	retlw	103	;'g'
  1182     041C  3473               	retlw	115	;'s'
  1183     041D  3420               	retlw	32	;' '
  1184     041E  3461               	retlw	97	;'a'
  1185     041F  3472               	retlw	114	;'r'
  1186     0420  3465               	retlw	101	;'e'
  1187     0421  3420               	retlw	32	;' '
  1188     0422  3420               	retlw	32	;' '
  1189     0423  3420               	retlw	32	;' '
  1190     0424  3420               	retlw	32	;' '
  1191     0425  3420               	retlw	32	;' '
  1192     0426  3420               	retlw	32	;' '
  1193     0427  3420               	retlw	32	;' '
  1194     0428  3420               	retlw	32	;' '
  1195     0429  3400               	retlw	0
  1196     042A                     STR_25:
  1197     042A  3420               	retlw	32	;' '
  1198     042B  3420               	retlw	32	;' '
  1199     042C  344E               	retlw	78	;'N'
  1200     042D  346F               	retlw	111	;'o'
  1201     042E  3420               	retlw	32	;' '
  1202     042F  3445               	retlw	69	;'E'
  1203     0430  3476               	retlw	118	;'v'
  1204     0431  3465               	retlw	101	;'e'
  1205     0432  346E               	retlw	110	;'n'
  1206     0433  3474               	retlw	116	;'t'
  1207     0434  3473               	retlw	115	;'s'
  1208     0435  3420               	retlw	32	;' '
  1209     0436  3420               	retlw	32	;' '
  1210     0437  3420               	retlw	32	;' '
  1211     0438  3420               	retlw	32	;' '
  1212     0439  3420               	retlw	32	;' '
  1213     043A  3400               	retlw	0
  1214     043B                     STR_19:
  1215     043B  3455               	retlw	85	;'U'
  1216     043C  3453               	retlw	83	;'S'
  1217     043D  3445               	retlw	69	;'E'
  1218     043E  3452               	retlw	82	;'R'
  1219     043F  3420               	retlw	32	;' '
  1220     0440  3442               	retlw	66	;'B'
  1221     0441  344C               	retlw	76	;'L'
  1222     0442  344F               	retlw	79	;'O'
  1223     0443  3443               	retlw	67	;'C'
  1224     0444  344B               	retlw	75	;'K'
  1225     0445  3445               	retlw	69	;'E'
  1226     0446  3444               	retlw	68	;'D'
  1227     0447  3421               	retlw	33	;'!'
  1228     0448  3420               	retlw	32	;' '
  1229     0449  3420               	retlw	32	;' '
  1230     044A  3420               	retlw	32	;' '
  1231     044B  3400               	retlw	0
  1232     044C                     STR_11:
  1233     044C  3445               	retlw	69	;'E'
  1234     044D  346E               	retlw	110	;'n'
  1235     044E  3474               	retlw	116	;'t'
  1236     044F  3465               	retlw	101	;'e'
  1237     0450  3472               	retlw	114	;'r'
  1238     0451  3420               	retlw	32	;' '
  1239     0452  3450               	retlw	80	;'P'
  1240     0453  3461               	retlw	97	;'a'
  1241     0454  3473               	retlw	115	;'s'
  1242     0455  3473               	retlw	115	;'s'
  1243     0456  3477               	retlw	119	;'w'
  1244     0457  346F               	retlw	111	;'o'
  1245     0458  3472               	retlw	114	;'r'
  1246     0459  3464               	retlw	100	;'d'
  1247     045A  3420               	retlw	32	;' '
  1248     045B  3420               	retlw	32	;' '
  1249     045C  3400               	retlw	0
  1250     045D                     STR_18:
  1251     045D  3441               	retlw	65	;'A'
  1252     045E  3474               	retlw	116	;'t'
  1253     045F  3474               	retlw	116	;'t'
  1254     0460  3465               	retlw	101	;'e'
  1255     0461  346D               	retlw	109	;'m'
  1256     0462  3470               	retlw	112	;'p'
  1257     0463  3474               	retlw	116	;'t'
  1258     0464  3473               	retlw	115	;'s'
  1259     0465  3420               	retlw	32	;' '
  1260     0466  3472               	retlw	114	;'r'
  1261     0467  3465               	retlw	101	;'e'
  1262     0468  346D               	retlw	109	;'m'
  1263     0469  342E               	retlw	46	;'.'
  1264     046A  3420               	retlw	32	;' '
  1265     046B  3430               	retlw	48	;'0'
  1266     046C  3420               	retlw	32	;' '
  1267     046D  3400               	retlw	0
  1268     046E                     STR_17:
  1269     046E  3441               	retlw	65	;'A'
  1270     046F  3474               	retlw	116	;'t'
  1271     0470  3474               	retlw	116	;'t'
  1272     0471  3465               	retlw	101	;'e'
  1273     0472  346D               	retlw	109	;'m'
  1274     0473  3470               	retlw	112	;'p'
  1275     0474  3474               	retlw	116	;'t'
  1276     0475  3473               	retlw	115	;'s'
  1277     0476  3420               	retlw	32	;' '
  1278     0477  3472               	retlw	114	;'r'
  1279     0478  3465               	retlw	101	;'e'
  1280     0479  346D               	retlw	109	;'m'
  1281     047A  342E               	retlw	46	;'.'
  1282     047B  3420               	retlw	32	;' '
  1283     047C  3431               	retlw	49	;'1'
  1284     047D  3420               	retlw	32	;' '
  1285     047E  3400               	retlw	0
  1286     047F                     STR_16:
  1287     047F  3441               	retlw	65	;'A'
  1288     0480  3474               	retlw	116	;'t'
  1289     0481  3474               	retlw	116	;'t'
  1290     0482  3465               	retlw	101	;'e'
  1291     0483  346D               	retlw	109	;'m'
  1292     0484  3470               	retlw	112	;'p'
  1293     0485  3474               	retlw	116	;'t'
  1294     0486  3473               	retlw	115	;'s'
  1295     0487  3420               	retlw	32	;' '
  1296     0488  3472               	retlw	114	;'r'
  1297     0489  3465               	retlw	101	;'e'
  1298     048A  346D               	retlw	109	;'m'
  1299     048B  342E               	retlw	46	;'.'
  1300     048C  3420               	retlw	32	;' '
  1301     048D  3432               	retlw	50	;'2'
  1302     048E  3420               	retlw	32	;' '
  1303     048F  3400               	retlw	0
  1304     0490                     STR_27:
  1305     0490  3443               	retlw	67	;'C'
  1306     0491  346C               	retlw	108	;'l'
  1307     0492  3465               	retlw	101	;'e'
  1308     0493  3461               	retlw	97	;'a'
  1309     0494  3472               	retlw	114	;'r'
  1310     0495  3469               	retlw	105	;'i'
  1311     0496  346E               	retlw	110	;'n'
  1312     0497  3467               	retlw	103	;'g'
  1313     0498  342E               	retlw	46	;'.'
  1314     0499  342E               	retlw	46	;'.'
  1315     049A  342E               	retlw	46	;'.'
  1316     049B  342E               	retlw	46	;'.'
  1317     049C  342E               	retlw	46	;'.'
  1318     049D  342E               	retlw	46	;'.'
  1319     049E  342E               	retlw	46	;'.'
  1320     049F  342E               	retlw	46	;'.'
  1321     04A0  3400               	retlw	0
  1322     04A1                     STR_29:
  1323     04A1  3444               	retlw	68	;'D'
  1324     04A2  346F               	retlw	111	;'o'
  1325     04A3  3477               	retlw	119	;'w'
  1326     04A4  346E               	retlw	110	;'n'
  1327     04A5  346C               	retlw	108	;'l'
  1328     04A6  346F               	retlw	111	;'o'
  1329     04A7  3461               	retlw	97	;'a'
  1330     04A8  3464               	retlw	100	;'d'
  1331     04A9  3469               	retlw	105	;'i'
  1332     04AA  346E               	retlw	110	;'n'
  1333     04AB  3467               	retlw	103	;'g'
  1334     04AC  342E               	retlw	46	;'.'
  1335     04AD  342E               	retlw	46	;'.'
  1336     04AE  342E               	retlw	46	;'.'
  1337     04AF  342E               	retlw	46	;'.'
  1338     04B0  342E               	retlw	46	;'.'
  1339     04B1  3400               	retlw	0
  1340     04B2                     STR_10:
  1341     04B2  3420               	retlw	32	;' '
  1342     04B3  3454               	retlw	84	;'T'
  1343     04B4  3449               	retlw	73	;'I'
  1344     04B5  344D               	retlw	77	;'M'
  1345     04B6  3445               	retlw	69	;'E'
  1346     04B7  3420               	retlw	32	;' '
  1347     04B8  3420               	retlw	32	;' '
  1348     04B9  3420               	retlw	32	;' '
  1349     04BA  3420               	retlw	32	;' '
  1350     04BB  3420               	retlw	32	;' '
  1351     04BC  3445               	retlw	69	;'E'
  1352     04BD  3456               	retlw	86	;'V'
  1353     04BE  3420               	retlw	32	;' '
  1354     04BF  3420               	retlw	32	;' '
  1355     04C0  3453               	retlw	83	;'S'
  1356     04C1  3450               	retlw	80	;'P'
  1357     04C2  3400               	retlw	0
  1358     04C3                     STR_24:
  1359     04C3  3423               	retlw	35	;'#'
  1360     04C4  3420               	retlw	32	;' '
  1361     04C5  3454               	retlw	84	;'T'
  1362     04C6  3449               	retlw	73	;'I'
  1363     04C7  344D               	retlw	77	;'M'
  1364     04C8  3445               	retlw	69	;'E'
  1365     04C9  3420               	retlw	32	;' '
  1366     04CA  3420               	retlw	32	;' '
  1367     04CB  3420               	retlw	32	;' '
  1368     04CC  3420               	retlw	32	;' '
  1369     04CD  3420               	retlw	32	;' '
  1370     04CE  3445               	retlw	69	;'E'
  1371     04CF  3456               	retlw	86	;'V'
  1372     04D0  3420               	retlw	32	;' '
  1373     04D1  3453               	retlw	83	;'S'
  1374     04D2  3450               	retlw	80	;'P'
  1375     04D3  3400               	retlw	0
  1376     04D4                     STR_13:
  1377     04D4  3443               	retlw	67	;'C'
  1378     04D5  346F               	retlw	111	;'o'
  1379     04D6  3472               	retlw	114	;'r'
  1380     04D7  3472               	retlw	114	;'r'
  1381     04D8  3465               	retlw	101	;'e'
  1382     04D9  3463               	retlw	99	;'c'
  1383     04DA  3474               	retlw	116	;'t'
  1384     04DB  3420               	retlw	32	;' '
  1385     04DC  3450               	retlw	80	;'P'
  1386     04DD  3461               	retlw	97	;'a'
  1387     04DE  3473               	retlw	115	;'s'
  1388     04DF  3473               	retlw	115	;'s'
  1389     04E0  3477               	retlw	119	;'w'
  1390     04E1  346F               	retlw	111	;'o'
  1391     04E2  3472               	retlw	114	;'r'
  1392     04E3  3464               	retlw	100	;'d'
  1393     04E4  3400               	retlw	0
  1394     04E5                     STR_1:
  1395     04E5  3455               	retlw	85	;'U'
  1396     04E6  3441               	retlw	65	;'A'
  1397     04E7  3452               	retlw	82	;'R'
  1398     04E8  3454               	retlw	84	;'T'
  1399     04E9  3420               	retlw	32	;' '
  1400     04EA  3454               	retlw	84	;'T'
  1401     04EB  3465               	retlw	101	;'e'
  1402     04EC  3473               	retlw	115	;'s'
  1403     04ED  3474               	retlw	116	;'t'
  1404     04EE  3420               	retlw	32	;' '
  1405     04EF  3443               	retlw	67	;'C'
  1406     04F0  346F               	retlw	111	;'o'
  1407     04F1  3464               	retlw	100	;'d'
  1408     04F2  3465               	retlw	101	;'e'
  1409     04F3  340A               	retlw	10
  1410     04F4  340D               	retlw	13
  1411     04F5  3400               	retlw	0
  1412     04F6                     STR_21:
  1413     04F6  3420               	retlw	32	;' '
  1414     04F7  3473               	retlw	115	;'s'
  1415     04F8  3465               	retlw	101	;'e'
  1416     04F9  3463               	retlw	99	;'c'
  1417     04FA  3420               	retlw	32	;' '
  1418     04FB  3420               	retlw	32	;' '
  1419     04FC  3420               	retlw	32	;' '
  1420     04FD  3420               	retlw	32	;' '
  1421     04FE  3420               	retlw	32	;' '
  1422     04FF  3420               	retlw	32	;' '
  1423     0500  3420               	retlw	32	;' '
  1424     0501  3420               	retlw	32	;' '
  1425     0502  3420               	retlw	32	;' '
  1426     0503  3420               	retlw	32	;' '
  1427     0504  3400               	retlw	0
  1428     0505                     STR_15:
  1429     0505  3457               	retlw	87	;'W'
  1430     0506  3472               	retlw	114	;'r'
  1431     0507  346F               	retlw	111	;'o'
  1432     0508  346E               	retlw	110	;'n'
  1433     0509  3467               	retlw	103	;'g'
  1434     050A  3420               	retlw	32	;' '
  1435     050B  3450               	retlw	80	;'P'
  1436     050C  3461               	retlw	97	;'a'
  1437     050D  3473               	retlw	115	;'s'
  1438     050E  3473               	retlw	115	;'s'
  1439     050F  3477               	retlw	119	;'w'
  1440     0510  346F               	retlw	111	;'o'
  1441     0511  3472               	retlw	114	;'r'
  1442     0512  3464               	retlw	100	;'d'
  1443     0513  3400               	retlw	0
  1444     0514                     STR_20:
  1445     0514  3457               	retlw	87	;'W'
  1446     0515  3461               	retlw	97	;'a'
  1447     0516  3469               	retlw	105	;'i'
  1448     0517  3474               	retlw	116	;'t'
  1449     0518  3420               	retlw	32	;' '
  1450     0519  3400               	retlw	0
  1451     051A                     STR_9:
  1452     051A  3443               	retlw	67	;'C'
  1453     051B  3420               	retlw	32	;' '
  1454     051C  3400               	retlw	0
  1455     051D                     STR_4:
  1456     051D  3447               	retlw	71	;'G'
  1457     051E  3431               	retlw	49	;'1'
  1458     051F  3400               	retlw	0
  1459     0520                     STR_5:
  1460     0520  3447               	retlw	71	;'G'
  1461     0521  3432               	retlw	50	;'2'
  1462     0522  3400               	retlw	0
  1463     0523                     STR_6:
  1464     0523  3447               	retlw	71	;'G'
  1465     0524  3433               	retlw	51	;'3'
  1466     0525  3400               	retlw	0
  1467     0526                     STR_7:
  1468     0526  3447               	retlw	71	;'G'
  1469     0527  3434               	retlw	52	;'4'
  1470     0528  3400               	retlw	0
  1471     0529                     STR_3:
  1472     0529  3447               	retlw	71	;'G'
  1473     052A  344E               	retlw	78	;'N'
  1474     052B  3400               	retlw	0
  1475     052C                     STR_2:
  1476     052C  344F               	retlw	79	;'O'
  1477     052D  344E               	retlw	78	;'N'
  1478     052E  3400               	retlw	0
  1479     052F                     STR_8:
  1480     052F  3447               	retlw	71	;'G'
  1481     0530  3452               	retlw	82	;'R'
  1482     0531  3400               	retlw	0
  1483     0419                     STR_28          equ	STR_26
  1484     03F7                     STR_14          equ	STR_12
  1485     03F7                     STR_22          equ	STR_12
  1486     03F7                     STR_23          equ	STR_12
  1487     03F7                     STR_33          equ	STR_12
  1488     03F7                     STR_35          equ	STR_12
  1489     03F4                     STR_31          equ	STR_30+15
  1490                           
  1491                           	psect	cinit
  1492     000F                     start_initialization:	
  1493                           ; #config settings
  1494                           
  1495     000F                     __initialization:
  1496                           
  1497                           ; Initialize objects allocated to BANK1
  1498     000F  1383               	bcf	3,7	;select IRP bank0
  1499     0010  30EB               	movlw	low (__pdataBANK1+35)
  1500     0011  00FD               	movwf	btemp+-1
  1501     0012  3011               	movlw	high __pidataBANK1
  1502     0013  00FE               	movwf	btemp
  1503     0014  30D1               	movlw	low __pidataBANK1
  1504     0015  00FF               	movwf	btemp+1
  1505     0016  30C8               	movlw	low __pdataBANK1
  1506     0017  0084               	movwf	4
  1507     0018  160A  118A  2137  120A  118A  	fcall	init_ram0
  1508                           
  1509                           ; Initialize objects allocated to BANK0
  1510     001D  120A  158A  2000  120A  118A  	fcall	__pidataBANK0	;fetch initializer
  1511     0022  00EE               	movwf	__pdataBANK0& (0+127)
  1512     0023  120A  158A  2001  120A  118A  	fcall	__pidataBANK0+1	;fetch initializer
  1513     0028  00EF               	movwf	(__pdataBANK0+1)& (0+127)
  1514                           
  1515                           ; Clear objects allocated to BANK1
  1516     0029  30A0               	movlw	low __pbssBANK1
  1517     002A  0084               	movwf	4
  1518     002B  30C8               	movlw	low (__pbssBANK1+40)
  1519     002C  160A  118A  20C8  120A  118A  	fcall	clear_ram0
  1520                           
  1521                           ; Clear objects allocated to BANK0
  1522     0031  3054               	movlw	low __pbssBANK0
  1523     0032  0084               	movwf	4
  1524     0033  306E               	movlw	low (__pbssBANK0+26)
  1525     0034  160A  118A  20C8  120A  118A  	fcall	clear_ram0
  1526                           
  1527                           ; Clear objects allocated to COMMON
  1528     0039  01FA               	clrf	__pbssCOMMON& (0+127)
  1529     003A  01FB               	clrf	(__pbssCOMMON+1)& (0+127)
  1530     003B                     end_of_initialization:	
  1531                           ;End of C runtime variable initialization code
  1532                           
  1533     003B                     __end_of__initialization:
  1534     003B  0183               	clrf	3
  1535     003C  120A  158A  2900   	ljmp	_main	;jump to C main() function
  1536                           
  1537                           	psect	bssCOMMON
  1538     007A                     __pbssCOMMON:
  1539     007A                     _address:
  1540     007A                     	ds	1
  1541     007B                     _event_count:
  1542     007B                     	ds	1
  1543                           
  1544                           	psect	bssBANK0
  1545     0054                     __pbssBANK0:
  1546     0054                     _delay:
  1547     0054                     	ds	4
  1548     0058                     _set_time_filed:
  1549     0058                     	ds	2
  1550     005A                     _log_index:
  1551     005A                     	ds	2
  1552     005C                     isr@count:
  1553     005C                     	ds	2
  1554     005E                     _sec:
  1555     005E                     	ds	2
  1556     0060                     _attempt:
  1557     0060                     	ds	2
  1558     0062                     _field_index:
  1559     0062                     	ds	2
  1560     0064                     _new_pass_index1:
  1561     0064                     	ds	1
  1562     0065                     _new_pass_index:
  1563     0065                     	ds	1
  1564     0066                     _log_loaded:
  1565     0066                     	ds	1
  1566     0067                     _cursor:
  1567     0067                     	ds	1
  1568     0068                     _menu_index:
  1569     0068                     	ds	1
  1570     0069                     _adc_val:
  1571     0069                     	ds	1
  1572     006A                     _pos:
  1573     006A                     	ds	1
  1574     006B                     _menu_flag:
  1575     006B                     	ds	1
  1576     006C                     _operation:
  1577     006C                     	ds	1
  1578     006D                     _blocked:
  1579     006D                     	ds	1
  1580                           
  1581                           	psect	dataBANK0
  1582     006E                     __pdataBANK0:
  1583     006E                     _MENU_COUNT:
  1584     006E                     	ds	1
  1585     006F                     read_digital_keypad@once:
  1586     006F                     	ds	1
  1587                           
  1588                           	psect	bssBANK1
  1589     00A0                     __pbssBANK1:
  1590     00A0                     _block_start_sec:
  1591     00A0                     	ds	2
  1592     00A2                     _EEPROM_data:
  1593     00A2                     	ds	17
  1594     00B3                     _temp1_pass:
  1595     00B3                     	ds	5
  1596     00B8                     _temp_pass:
  1597     00B8                     	ds	5
  1598     00BD                     _userPass:
  1599     00BD                     	ds	5
  1600     00C2                     _speed:
  1601     00C2                     	ds	3
  1602     00C5                     _clock_reg:
  1603     00C5                     	ds	3
  1604                           
  1605                           	psect	dataBANK1
  1606     00C8                     __pdataBANK1:
  1607     00C8                     _event:
  1608     00C8                     	ds	16
  1609     00D8                     _TOTAl_ATTEMPTs:
  1610     00D8                     	ds	2
  1611     00DA                     _time:
  1612     00DA                     	ds	9
  1613     00E3                     _Pass:
  1614     00E3                     	ds	5
  1615     00E8                     _rem_time_sec:
  1616     00E8                     	ds	3
  1617                           
  1618                           	psect	inittext
  1619     1133                     init_fetch0:	
  1620                           ;	Called with low address in FSR and high address in W
  1621                           
  1622     1133  087E               	movf	btemp,w
  1623     1134  008A               	movwf	10
  1624     1135  087F               	movf	btemp+1,w
  1625     1136  0082               	movwf	2
  1626     1137                     init_ram0:	
  1627                           ;Called with:
  1628                           ;	high address of idata address in btemp 
  1629                           ;	low address of idata address in btemp+1 
  1630                           ;	low address of data in FSR
  1631                           ;	high address + 1 of data in btemp-1
  1632                           
  1633     1137  160A  118A  2133  160A  118A  	fcall	init_fetch0
  1634     113C  0080               	movwf	0
  1635     113D  0A84               	incf	4,f
  1636     113E  0804               	movf	4,w
  1637     113F  067D               	xorwf	btemp+-1,w
  1638     1140  1903               	btfsc	3,2
  1639     1141  3400               	retlw	0
  1640     1142  0AFF               	incf	btemp+1,f
  1641     1143  1903               	btfsc	3,2
  1642     1144  0AFE               	incf	btemp,f
  1643     1145  2937               	goto	init_ram0
  1644                           
  1645                           	psect	clrtext
  1646     10C8                     clear_ram0:	
  1647                           ;	Called with FSR containing the base address, and
  1648                           ;	W with the last address+1
  1649                           
  1650     10C8  0064               	clrwdt	;clear the watchdog before getting into this loop
  1651     10C9                     clrloop0:
  1652     10C9  0180               	clrf	0	;clear RAM location pointed to by FSR
  1653     10CA  0A84               	incf	4,f	;increment pointer
  1654     10CB  0604               	xorwf	4,w	;XOR with final address
  1655     10CC  1903               	btfsc	3,2	;have we reached the end yet?
  1656     10CD  3400               	retlw	0	;all done for this memory range, return
  1657     10CE  0604               	xorwf	4,w	;XOR again to restore value
  1658     10CF  28C9               	goto	clrloop0	;do the next byte
  1659                           
  1660                           	psect	cstackBANK1
  1661     00EB                     __pcstackBANK1:
  1662     00EB                     dashboard@key:
  1663                           
  1664                           ; 1 bytes @ 0x0
  1665     00EB                     	ds	1
  1666     00EC                     main@key:
  1667                           
  1668                           ; 1 bytes @ 0x1
  1669     00EC                     	ds	1
  1670                           
  1671                           	psect	cstackCOMMON
  1672     0070                     __pcstackCOMMON:
  1673     0070                     ?_init_adc:
  1674     0070                     ?_init_clcd:	
  1675                           ; 1 bytes @ 0x0
  1676                           
  1677     0070                     ?_init_digital_keypad:	
  1678                           ; 1 bytes @ 0x0
  1679                           
  1680     0070                     ?_init_ds1307:	
  1681                           ; 1 bytes @ 0x0
  1682                           
  1683     0070                     ?_init_timer0:	
  1684                           ; 1 bytes @ 0x0
  1685                           
  1686     0070                     ?_read_digital_keypad:	
  1687                           ; 1 bytes @ 0x0
  1688                           
  1689     0070                     ?_dashboard:	
  1690                           ; 1 bytes @ 0x0
  1691                           
  1692     0070                     ?_login_screen:	
  1693                           ; 1 bytes @ 0x0
  1694                           
  1695     0070                     ?_display_menu:	
  1696                           ; 1 bytes @ 0x0
  1697                           
  1698     0070                     ?_view_log:	
  1699                           ; 1 bytes @ 0x0
  1700                           
  1701     0070                     ?_clear_log:	
  1702                           ; 1 bytes @ 0x0
  1703                           
  1704     0070                     ?_download_log:	
  1705                           ; 1 bytes @ 0x0
  1706                           
  1707     0070                     ?_set_time:	
  1708                           ; 1 bytes @ 0x0
  1709                           
  1710     0070                     ?_change_password:	
  1711                           ; 1 bytes @ 0x0
  1712                           
  1713     0070                     ?_i2c_stop:	
  1714                           ; 1 bytes @ 0x0
  1715                           
  1716     0070                     ?_read_ds1307:	
  1717                           ; 1 bytes @ 0x0
  1718                           
  1719     0070                     ?_store_event:	
  1720                           ; 1 bytes @ 0x0
  1721                           
  1722     0070                     ?_clear_clcd:	
  1723                           ; 1 bytes @ 0x0
  1724                           
  1725     0070                     ?_read_external_eeprom:	
  1726                           ; 1 bytes @ 0x0
  1727                           
  1728     0070                     ?_init_config:	
  1729                           ; 1 bytes @ 0x0
  1730                           
  1731     0070                     ?_main:	
  1732                           ; 1 bytes @ 0x0
  1733                           
  1734     0070                     ?_init_display_controller:	
  1735                           ; 1 bytes @ 0x0
  1736                           
  1737     0070                     ?_isr:	
  1738                           ; 1 bytes @ 0x0
  1739                           
  1740     0070                     ?_i2c_wait_for_idle:	
  1741                           ; 1 bytes @ 0x0
  1742                           
  1743     0070                     ?_i2c_start:	
  1744                           ; 1 bytes @ 0x0
  1745                           
  1746     0070                     ?_i2c_rep_start:	
  1747                           ; 1 bytes @ 0x0
  1748                           
  1749     0070                     ?_i2c_read:	
  1750                           ; 1 bytes @ 0x0
  1751                           
  1752     0070                     ?_load_logs:	
  1753                           ; 1 bytes @ 0x0
  1754                           
  1755     0070                     ?_putchar:	
  1756                           ; 1 bytes @ 0x0
  1757                           
  1758     0070                     ?_i2c_write:	
  1759                           ; 1 bytes @ 0x0
  1760                           
  1761     0070                     download_log@key:	
  1762                           ; 2 bytes @ 0x0
  1763                           
  1764     0070                     ??_isr:	
  1765                           ; 1 bytes @ 0x0
  1766                           
  1767                           
  1768                           ; 1 bytes @ 0x0
  1769     0070                     	ds	2
  1770     0072                     ?_strcpy:
  1771     0072                     ?_clcd_write:	
  1772                           ; 1 bytes @ 0x2
  1773                           
  1774     0072                     ?___bmul:	
  1775                           ; 1 bytes @ 0x2
  1776                           
  1777     0072                     ?_strcmp:	
  1778                           ; 1 bytes @ 0x2
  1779                           
  1780     0072                     ?_read_adc:	
  1781                           ; 2 bytes @ 0x2
  1782                           
  1783     0072                     ?___wmul:	
  1784                           ; 2 bytes @ 0x2
  1785                           
  1786     0072                     ?___awdiv:	
  1787                           ; 2 bytes @ 0x2
  1788                           
  1789     0072                     ?___awmod:	
  1790                           ; 2 bytes @ 0x2
  1791                           
  1792     0072                     ?___lwdiv:	
  1793                           ; 2 bytes @ 0x2
  1794                           
  1795     0072                     ?___lwmod:	
  1796                           ; 2 bytes @ 0x2
  1797                           
  1798     0072                     ?___lldiv:	
  1799                           ; 2 bytes @ 0x2
  1800                           
  1801     0072                     clcd_write@mode:	
  1802                           ; 4 bytes @ 0x2
  1803                           
  1804     0072                     i2c_read@ack:	
  1805                           ; 1 bytes @ 0x2
  1806                           
  1807     0072                     i2c_write@data:	
  1808                           ; 1 bytes @ 0x2
  1809                           
  1810     0072                     putchar@data:	
  1811                           ; 1 bytes @ 0x2
  1812                           
  1813     0072                     ___bmul@multiplicand:	
  1814                           ; 1 bytes @ 0x2
  1815                           
  1816     0072                     strcmp@l:	
  1817                           ; 1 bytes @ 0x2
  1818                           
  1819     0072                     strcpy@dest:	
  1820                           ; 1 bytes @ 0x2
  1821                           
  1822     0072                     ___wmul@multiplier:	
  1823                           ; 1 bytes @ 0x2
  1824                           
  1825     0072                     ___awdiv@divisor:	
  1826                           ; 2 bytes @ 0x2
  1827                           
  1828     0072                     ___awmod@divisor:	
  1829                           ; 2 bytes @ 0x2
  1830                           
  1831     0072                     ___lwdiv@divisor:	
  1832                           ; 2 bytes @ 0x2
  1833                           
  1834     0072                     ___lwmod@divisor:	
  1835                           ; 2 bytes @ 0x2
  1836                           
  1837     0072                     ___lldiv@divisor:	
  1838                           ; 2 bytes @ 0x2
  1839                           
  1840     0072                     ??_init_adc:	
  1841                           ; 4 bytes @ 0x2
  1842                           
  1843     0072                     ??_init_digital_keypad:	
  1844                           ; 1 bytes @ 0x2
  1845                           
  1846     0072                     ??_init_timer0:	
  1847                           ; 1 bytes @ 0x2
  1848                           
  1849     0072                     ??_read_digital_keypad:	
  1850                           ; 1 bytes @ 0x2
  1851                           
  1852     0072                     ??_i2c_stop:	
  1853                           ; 1 bytes @ 0x2
  1854                           
  1855     0072                     ??_i2c_wait_for_idle:	
  1856                           ; 1 bytes @ 0x2
  1857                           
  1858     0072                     ??_i2c_start:	
  1859                           ; 1 bytes @ 0x2
  1860                           
  1861     0072                     ??_i2c_rep_start:	
  1862                           ; 1 bytes @ 0x2
  1863                           
  1864     0072                     ??_i2c_read:	
  1865                           ; 1 bytes @ 0x2
  1866                           
  1867     0072                     ??_i2c_write:	
  1868                           ; 1 bytes @ 0x2
  1869                           
  1870     0072                     ??_putchar:	
  1871                           ; 1 bytes @ 0x2
  1872                           
  1873                           
  1874                           ; 1 bytes @ 0x2
  1875     0072                     	ds	1
  1876     0073                     ?_puts:
  1877     0073                     ?_write_external_eeprom:	
  1878                           ; 1 bytes @ 0x3
  1879                           
  1880     0073                     read_digital_keypad@mode:	
  1881                           ; 1 bytes @ 0x3
  1882                           
  1883     0073                     i2c_read@data:	
  1884                           ; 1 bytes @ 0x3
  1885                           
  1886     0073                     write_external_eeprom@data:	
  1887                           ; 1 bytes @ 0x3
  1888                           
  1889     0073                     ___bmul@product:	
  1890                           ; 1 bytes @ 0x3
  1891                           
  1892     0073                     strcmp@r:	
  1893                           ; 1 bytes @ 0x3
  1894                           
  1895     0073                     strcpy@src:	
  1896                           ; 1 bytes @ 0x3
  1897                           
  1898     0073                     puts@s:	
  1899                           ; 1 bytes @ 0x3
  1900                           
  1901     0073                     ??_clcd_write:	
  1902                           ; 2 bytes @ 0x3
  1903                           
  1904     0073                     ??___bmul:	
  1905                           ; 1 bytes @ 0x3
  1906                           
  1907                           
  1908                           ; 1 bytes @ 0x3
  1909     0073                     	ds	1
  1910     0074                     read_ds1307@addr:
  1911     0074                     write_external_eeprom@address:	
  1912                           ; 1 bytes @ 0x4
  1913                           
  1914     0074                     read_external_eeprom@address:	
  1915                           ; 1 bytes @ 0x4
  1916                           
  1917     0074                     ___bmul@multiplier:	
  1918                           ; 1 bytes @ 0x4
  1919                           
  1920     0074                     strcpy@d:	
  1921                           ; 1 bytes @ 0x4
  1922                           
  1923     0074                     ___wmul@multiplicand:	
  1924                           ; 1 bytes @ 0x4
  1925                           
  1926     0074                     ___awdiv@dividend:	
  1927                           ; 2 bytes @ 0x4
  1928                           
  1929     0074                     ___awmod@dividend:	
  1930                           ; 2 bytes @ 0x4
  1931                           
  1932     0074                     ___lwdiv@dividend:	
  1933                           ; 2 bytes @ 0x4
  1934                           
  1935     0074                     ___lwmod@dividend:	
  1936                           ; 2 bytes @ 0x4
  1937                           
  1938     0074                     ??_read_ds1307:	
  1939                           ; 2 bytes @ 0x4
  1940                           
  1941     0074                     ??_write_external_eeprom:	
  1942                           ; 1 bytes @ 0x4
  1943                           
  1944     0074                     ??_strcmp:	
  1945                           ; 1 bytes @ 0x4
  1946                           
  1947     0074                     ??_read_external_eeprom:	
  1948                           ; 1 bytes @ 0x4
  1949                           
  1950     0074                     ??_strcpy:	
  1951                           ; 1 bytes @ 0x4
  1952                           
  1953     0074                     ??_read_adc:	
  1954                           ; 1 bytes @ 0x4
  1955                           
  1956                           
  1957                           ; 1 bytes @ 0x4
  1958     0074                     	ds	1
  1959     0075                     clcd_write@byte:
  1960     0075                     read_ds1307@data:	
  1961                           ; 1 bytes @ 0x5
  1962                           
  1963     0075                     read_adc@channel:	
  1964                           ; 1 bytes @ 0x5
  1965                           
  1966     0075                     read_external_eeprom@data:	
  1967                           ; 1 bytes @ 0x5
  1968                           
  1969     0075                     write_external_eeprom@wait:	
  1970                           ; 1 bytes @ 0x5
  1971                           
  1972     0075                     ??_puts:	
  1973                           ; 2 bytes @ 0x5
  1974                           
  1975                           
  1976                           ; 1 bytes @ 0x5
  1977     0075                     	ds	1
  1978     0076                     ?_clcd_putch:
  1979     0076                     ?_clcd_print:	
  1980                           ; 1 bytes @ 0x6
  1981                           
  1982     0076                     ?_get_time:	
  1983                           ; 1 bytes @ 0x6
  1984                           
  1985     0076                     clcd_putch@addr:	
  1986                           ; 1 bytes @ 0x6
  1987                           
  1988     0076                     get_time@clock_reg:	
  1989                           ; 1 bytes @ 0x6
  1990                           
  1991     0076                     load_logs@index:	
  1992                           ; 1 bytes @ 0x6
  1993                           
  1994     0076                     ___awdiv@counter:	
  1995                           ; 1 bytes @ 0x6
  1996                           
  1997     0076                     ___awmod@counter:	
  1998                           ; 1 bytes @ 0x6
  1999                           
  2000     0076                     ___lwdiv@counter:	
  2001                           ; 1 bytes @ 0x6
  2002                           
  2003     0076                     ___lwmod@counter:	
  2004                           ; 1 bytes @ 0x6
  2005                           
  2006     0076                     clcd_print@str:	
  2007                           ; 1 bytes @ 0x6
  2008                           
  2009     0076                     read_adc@adc_reg_val:	
  2010                           ; 2 bytes @ 0x6
  2011                           
  2012     0076                     ___wmul@product:	
  2013                           ; 2 bytes @ 0x6
  2014                           
  2015     0076                     ___lldiv@dividend:	
  2016                           ; 2 bytes @ 0x6
  2017                           
  2018     0076                     ??_init_display_controller:	
  2019                           ; 4 bytes @ 0x6
  2020                           
  2021     0076                     ??_load_logs:	
  2022                           ; 1 bytes @ 0x6
  2023                           
  2024     0076                     ??___wmul:	
  2025                           ; 1 bytes @ 0x6
  2026                           
  2027     0076                     ??___awdiv:	
  2028                           ; 1 bytes @ 0x6
  2029                           
  2030     0076                     ??___awmod:	
  2031                           ; 1 bytes @ 0x6
  2032                           
  2033     0076                     ??___lwdiv:	
  2034                           ; 1 bytes @ 0x6
  2035                           
  2036     0076                     ??___lwmod:	
  2037                           ; 1 bytes @ 0x6
  2038                           
  2039                           
  2040                           ; 1 bytes @ 0x6
  2041     0076                     	ds	1
  2042     0077                     clcd_putch@data:
  2043     0077                     load_logs@load_address:	
  2044                           ; 1 bytes @ 0x7
  2045                           
  2046     0077                     ___awdiv@sign:	
  2047                           ; 1 bytes @ 0x7
  2048                           
  2049     0077                     ___awmod@sign:	
  2050                           ; 1 bytes @ 0x7
  2051                           
  2052     0077                     store_event@i:	
  2053                           ; 1 bytes @ 0x7
  2054                           
  2055     0077                     ___lwdiv@quotient:	
  2056                           ; 2 bytes @ 0x7
  2057                           
  2058     0077                     ??_clcd_putch:	
  2059                           ; 2 bytes @ 0x7
  2060                           
  2061     0077                     ??_get_time:	
  2062                           ; 1 bytes @ 0x7
  2063                           
  2064                           
  2065                           ; 1 bytes @ 0x7
  2066     0077                     	ds	1
  2067     0078                     clcd_print@addr:
  2068     0078                     ___fltol@sign1:	
  2069                           ; 1 bytes @ 0x8
  2070                           
  2071     0078                     ___awdiv@quotient:	
  2072                           ; 1 bytes @ 0x8
  2073                           
  2074     0078                     ??_init_clcd:	
  2075                           ; 2 bytes @ 0x8
  2076                           
  2077                           
  2078                           ; 1 bytes @ 0x8
  2079     0078                     	ds	1
  2080     0079                     ?_display_time:
  2081     0079                     display_time@clock_reg:	
  2082                           ; 1 bytes @ 0x9
  2083                           
  2084     0079                     display_menu@key:	
  2085                           ; 1 bytes @ 0x9
  2086                           
  2087     0079                     view_log@key:	
  2088                           ; 1 bytes @ 0x9
  2089                           
  2090     0079                     download_log@i:	
  2091                           ; 1 bytes @ 0x9
  2092                           
  2093     0079                     ___fltol@exp1:	
  2094                           ; 1 bytes @ 0x9
  2095                           
  2096     0079                     ??_clear_log:	
  2097                           ; 1 bytes @ 0x9
  2098                           
  2099     0079                     ??_download_log:	
  2100                           ; 1 bytes @ 0x9
  2101                           
  2102     0079                     ??_clear_clcd:	
  2103                           ; 1 bytes @ 0x9
  2104                           
  2105     0079                     ??_clcd_print:	
  2106                           ; 1 bytes @ 0x9
  2107                           
  2108                           
  2109                           ; 1 bytes @ 0x9
  2110     0079                     	ds	1
  2111     007A                     ??_init_ds1307:
  2112     007A                     ??_write_ds1307:	
  2113                           ; 1 bytes @ 0xA
  2114                           
  2115     007A                     ??_init_config:	
  2116                           ; 1 bytes @ 0xA
  2117                           
  2118     007A                     ??_main:	
  2119                           ; 1 bytes @ 0xA
  2120                           
  2121                           
  2122                           	psect	cstackBANK0
  2123     0020                     __pcstackBANK0:	
  2124                           ; 1 bytes @ 0xA
  2125                           
  2126     0020                     ?_write_ds1307:
  2127     0020                     ?___xxtofl:	
  2128                           ; 1 bytes @ 0x0
  2129                           
  2130     0020                     write_ds1307@data:	
  2131                           ; 4 bytes @ 0x0
  2132                           
  2133     0020                     ___xxtofl@val:	
  2134                           ; 1 bytes @ 0x0
  2135                           
  2136     0020                     ??_login_screen:	
  2137                           ; 4 bytes @ 0x0
  2138                           
  2139     0020                     ??_display_menu:	
  2140                           ; 1 bytes @ 0x0
  2141                           
  2142     0020                     ??_view_log:	
  2143                           ; 1 bytes @ 0x0
  2144                           
  2145     0020                     ??_change_password:	
  2146                           ; 1 bytes @ 0x0
  2147                           
  2148     0020                     ??_store_event:	
  2149                           ; 1 bytes @ 0x0
  2150                           
  2151     0020                     ??_display_time:	
  2152                           ; 1 bytes @ 0x0
  2153                           
  2154     0020                     ??___lldiv:	
  2155                           ; 1 bytes @ 0x0
  2156                           
  2157                           
  2158                           ; 1 bytes @ 0x0
  2159     0020                     	ds	1
  2160     0021                     write_ds1307@addr:
  2161     0021                     ___lldiv@quotient:	
  2162                           ; 1 bytes @ 0x1
  2163                           
  2164                           
  2165                           ; 4 bytes @ 0x1
  2166     0021                     	ds	1
  2167     0022                     init_ds1307@dummy:
  2168     0022                     login_screen@key:	
  2169                           ; 1 bytes @ 0x2
  2170                           
  2171     0022                     ??_set_time:	
  2172                           ; 1 bytes @ 0x2
  2173                           
  2174                           
  2175                           ; 1 bytes @ 0x2
  2176     0022                     	ds	1
  2177     0023                     login_screen@elapsed:
  2178     0023                     change_password@j:	
  2179                           ; 2 bytes @ 0x3
  2180                           
  2181                           
  2182                           ; 2 bytes @ 0x3
  2183     0023                     	ds	1
  2184     0024                     ??___xxtofl:
  2185                           
  2186                           ; 1 bytes @ 0x4
  2187     0024                     	ds	1
  2188     0025                     ___lldiv@counter:
  2189     0025                     login_screen@rem_sec:	
  2190                           ; 1 bytes @ 0x5
  2191                           
  2192     0025                     change_password@j_362:	
  2193                           ; 2 bytes @ 0x5
  2194                           
  2195                           
  2196                           ; 2 bytes @ 0x5
  2197     0025                     	ds	1
  2198     0026                     ?_init_i2c:
  2199     0026                     ?_init_uart:	
  2200                           ; 1 bytes @ 0x6
  2201                           
  2202     0026                     set_time@key:	
  2203                           ; 1 bytes @ 0x6
  2204                           
  2205     0026                     init_i2c@baud:	
  2206                           ; 1 bytes @ 0x6
  2207                           
  2208     0026                     init_uart@baud:	
  2209                           ; 4 bytes @ 0x6
  2210                           
  2211                           
  2212                           ; 4 bytes @ 0x6
  2213     0026                     	ds	1
  2214     0027                     login_screen@j:
  2215     0027                     change_password@j_365:	
  2216                           ; 2 bytes @ 0x7
  2217                           
  2218     0027                     set_time@time_value:	
  2219                           ; 2 bytes @ 0x7
  2220                           
  2221                           
  2222                           ; 2 bytes @ 0x7
  2223     0027                     	ds	1
  2224     0028                     ___xxtofl@sign:
  2225                           
  2226                           ; 1 bytes @ 0x8
  2227     0028                     	ds	1
  2228     0029                     set_time@value:
  2229     0029                     ___xxtofl@exp:	
  2230                           ; 1 bytes @ 0x9
  2231                           
  2232     0029                     login_screen@j_310:	
  2233                           ; 1 bytes @ 0x9
  2234                           
  2235     0029                     change_password@j_366:	
  2236                           ; 2 bytes @ 0x9
  2237                           
  2238                           
  2239                           ; 2 bytes @ 0x9
  2240     0029                     	ds	1
  2241     002A                     ___xxtofl@arg:
  2242     002A                     ??_init_i2c:	
  2243                           ; 4 bytes @ 0xA
  2244                           
  2245     002A                     ??_init_uart:	
  2246                           ; 1 bytes @ 0xA
  2247                           
  2248                           
  2249                           ; 1 bytes @ 0xA
  2250     002A                     	ds	1
  2251     002B                     change_password@key:
  2252                           
  2253                           ; 1 bytes @ 0xB
  2254     002B                     	ds	3
  2255     002E                     ?___fldiv:
  2256     002E                     ___fldiv@a:	
  2257                           ; 4 bytes @ 0xE
  2258                           
  2259                           
  2260                           ; 4 bytes @ 0xE
  2261     002E                     	ds	4
  2262     0032                     ___fldiv@b:
  2263                           
  2264                           ; 4 bytes @ 0x12
  2265     0032                     	ds	4
  2266     0036                     ??___fldiv:
  2267                           
  2268                           ; 1 bytes @ 0x16
  2269     0036                     	ds	5
  2270     003B                     ___fldiv@rem:
  2271                           
  2272                           ; 4 bytes @ 0x1B
  2273     003B                     	ds	4
  2274     003F                     ___fldiv@sign:
  2275                           
  2276                           ; 1 bytes @ 0x1F
  2277     003F                     	ds	1
  2278     0040                     ___fldiv@new_exp:
  2279                           
  2280                           ; 2 bytes @ 0x20
  2281     0040                     	ds	2
  2282     0042                     ___fldiv@grs:
  2283                           
  2284                           ; 4 bytes @ 0x22
  2285     0042                     	ds	4
  2286     0046                     ___fldiv@bexp:
  2287                           
  2288                           ; 1 bytes @ 0x26
  2289     0046                     	ds	1
  2290     0047                     ___fldiv@aexp:
  2291                           
  2292                           ; 1 bytes @ 0x27
  2293     0047                     	ds	1
  2294     0048                     ?___fltol:
  2295     0048                     ___fltol@f1:	
  2296                           ; 4 bytes @ 0x28
  2297                           
  2298                           
  2299                           ; 4 bytes @ 0x28
  2300     0048                     	ds	4
  2301     004C                     ??___fltol:
  2302                           
  2303                           ; 1 bytes @ 0x2C
  2304     004C                     	ds	4
  2305     0050                     ??_dashboard:
  2306                           
  2307                           ; 1 bytes @ 0x30
  2308     0050                     	ds	4
  2309                           
  2310                           	psect	maintext
  2311     0900                     __pmaintext:	
  2312 ;;
  2313 ;;Main: autosize = 0, tempsize = 0, incstack = 0, save=0
  2314 ;;
  2315 ;; *************** function _main *****************
  2316 ;; Defined at:
  2317 ;;		line 32 in file "main.c"
  2318 ;; Parameters:    Size  Location     Type
  2319 ;;		None
  2320 ;; Auto vars:     Size  Location     Type
  2321 ;;  key             1    1[BANK1 ] unsigned char 
  2322 ;; Return value:  Size  Location     Type
  2323 ;;                  1    wreg      void 
  2324 ;; Registers used:
  2325 ;;		wreg, fsr0l, fsr0h, status,2, status,0, pclath, btemp1, cstack
  2326 ;; Tracked objects:
  2327 ;;		On entry : B00/0
  2328 ;;		On exit  : 0/0
  2329 ;;		Unchanged: 0/0
  2330 ;; Data sizes:     COMMON   BANK0   BANK1   BANK3   BANK2
  2331 ;;      Params:         0       0       0       0       0
  2332 ;;      Locals:         0       0       1       0       0
  2333 ;;      Temps:          0       0       0       0       0
  2334 ;;      Totals:         0       0       1       0       0
  2335 ;;Total ram usage:        1 bytes
  2336 ;; Hardware stack levels required when called: 7
  2337 ;; This function calls:
  2338 ;;		_change_password
  2339 ;;		_clear_log
  2340 ;;		_dashboard
  2341 ;;		_display_menu
  2342 ;;		_download_log
  2343 ;;		_init_config
  2344 ;;		_login_screen
  2345 ;;		_read_digital_keypad
  2346 ;;		_set_time
  2347 ;;		_view_log
  2348 ;; This function is called by:
  2349 ;;		Startup code after reset
  2350 ;; This function uses a non-reentrant model
  2351 ;;
  2352                           
  2353     0900                     _main:	
  2354                           ;psect for function _main
  2355                           
  2356     0900                     l4989:	
  2357                           ;incstack = 0
  2358                           ; Regs used in _main: [wreg-fsr0h+status,2+status,0+pclath+btemp1+cstack]
  2359                           
  2360                           
  2361                           ;main.c: 33:     init_config();
  2362     0900  160A  118A  2463  120A  158A  	fcall	_init_config
  2363     0905                     l4991:
  2364                           
  2365                           ;main.c: 39:     {;main.c: 40:         key = read_digital_keypad(1);
  2366     0905  3001               	movlw	1
  2367     0906  160A  118A  22B3  120A  158A  	fcall	_read_digital_keypad
  2368     090B  1683               	bsf	3,5	;RP0=1, select bank1
  2369     090C  1303               	bcf	3,6	;RP1=0, select bank1
  2370     090D  00EC               	movwf	main@key^(0+128)
  2371     090E                     l4993:
  2372                           
  2373                           ;main.c: 41:         if(key == 0x37 && menu_flag == 0)
  2374     090E  3037               	movlw	55
  2375     090F  066C               	xorwf	main@key^(0+128),w
  2376     0910  1D03               	btfss	3,2
  2377     0911  2913               	goto	u6151
  2378     0912  2914               	goto	u6150
  2379     0913                     u6151:
  2380     0913  2925               	goto	l5001
  2381     0914                     u6150:
  2382     0914                     l4995:
  2383     0914  1283               	bcf	3,5	;RP0=0, select bank0
  2384     0915  1303               	bcf	3,6	;RP1=0, select bank0
  2385     0916  086B               	movf	_menu_flag,w
  2386     0917  1D03               	btfss	3,2
  2387     0918  291A               	goto	u6161
  2388     0919  291B               	goto	u6160
  2389     091A                     u6161:
  2390     091A  2925               	goto	l5001
  2391     091B                     u6160:
  2392     091B                     l4997:
  2393                           
  2394                           ;main.c: 42:         {;main.c: 43:             operation = 1;
  2395     091B  3001               	movlw	1
  2396     091C  00EC               	movwf	_operation
  2397     091D                     l4999:
  2398                           
  2399                           ;main.c: 45:             field_index = 0;
  2400     091D  01E2               	clrf	_field_index
  2401     091E  01E3               	clrf	_field_index+1
  2402                           
  2403                           ;main.c: 46:             attempt = 0;
  2404     091F  01E0               	clrf	_attempt
  2405     0920  01E1               	clrf	_attempt+1
  2406                           
  2407                           ;main.c: 47:             blocked = 0;
  2408     0921  01ED               	clrf	_blocked
  2409                           
  2410                           ;main.c: 48:             userPass[0] = '\0';
  2411     0922  1683               	bsf	3,5	;RP0=1, select bank1
  2412     0923  1303               	bcf	3,6	;RP1=0, select bank1
  2413     0924  01BD               	clrf	_userPass^(0+128)
  2414     0925                     l5001:
  2415                           
  2416                           ;main.c: 51:         if(operation == 0)
  2417     0925  1283               	bcf	3,5	;RP0=0, select bank0
  2418     0926  086C               	movf	_operation,w
  2419     0927  1D03               	btfss	3,2
  2420     0928  292A               	goto	u6171
  2421     0929  292B               	goto	u6170
  2422     092A                     u6171:
  2423     092A  2935               	goto	l5007
  2424     092B                     u6170:
  2425     092B                     l5003:
  2426                           
  2427                           ;main.c: 52:         {;main.c: 53:             menu_flag = 0;
  2428     092B  01EB               	clrf	_menu_flag
  2429     092C                     l5005:
  2430                           
  2431                           ;main.c: 54:             dashboard(key);
  2432     092C  1683               	bsf	3,5	;RP0=1, select bank1
  2433     092D  1303               	bcf	3,6	;RP1=0, select bank1
  2434     092E  086C               	movf	main@key^(0+128),w
  2435     092F  120A  158A  232C  120A  158A  	fcall	_dashboard
  2436                           
  2437                           ;main.c: 55:         }
  2438     0934  2905               	goto	l4991
  2439     0935                     l5007:
  2440     0935  036C               	decf	_operation,w
  2441     0936  1D03               	btfss	3,2
  2442     0937  2939               	goto	u6181
  2443     0938  293A               	goto	u6180
  2444     0939                     u6181:
  2445     0939  2943               	goto	l5011
  2446     093A                     u6180:
  2447     093A                     l5009:
  2448                           
  2449                           ;main.c: 57:         {;main.c: 59:             login_screen(key);
  2450     093A  1683               	bsf	3,5	;RP0=1, select bank1
  2451     093B  1303               	bcf	3,6	;RP1=0, select bank1
  2452     093C  086C               	movf	main@key^(0+128),w
  2453     093D  120A  158A  25EA  120A  158A  	fcall	_login_screen
  2454                           
  2455                           ;main.c: 60:         }
  2456     0942  2905               	goto	l4991
  2457     0943                     l5011:
  2458     0943  3002               	movlw	2
  2459     0944  066C               	xorwf	_operation,w
  2460     0945  1D03               	btfss	3,2
  2461     0946  2948               	goto	u6191
  2462     0947  2949               	goto	u6190
  2463     0948                     u6191:
  2464     0948  2956               	goto	l5017
  2465     0949                     u6190:
  2466     0949                     l5013:
  2467                           
  2468                           ;main.c: 62:         {;main.c: 64:             display_menu(key);
  2469     0949  1683               	bsf	3,5	;RP0=1, select bank1
  2470     094A  1303               	bcf	3,6	;RP1=0, select bank1
  2471     094B  086C               	movf	main@key^(0+128),w
  2472     094C  120A  158A  2257  120A  158A  	fcall	_display_menu
  2473     0951                     l5015:
  2474                           
  2475                           ;main.c: 65:             menu_flag = 1;
  2476     0951  3001               	movlw	1
  2477     0952  1283               	bcf	3,5	;RP0=0, select bank0
  2478     0953  1303               	bcf	3,6	;RP1=0, select bank0
  2479     0954  00EB               	movwf	_menu_flag
  2480                           
  2481                           ;main.c: 66:         }
  2482     0955  2905               	goto	l4991
  2483     0956                     l5017:
  2484     0956  3003               	movlw	3
  2485     0957  066C               	xorwf	_operation,w
  2486     0958  1D03               	btfss	3,2
  2487     0959  295B               	goto	u6201
  2488     095A  295C               	goto	u6200
  2489     095B                     u6201:
  2490     095B  2965               	goto	l5021
  2491     095C                     u6200:
  2492     095C                     l5019:
  2493                           
  2494                           ;main.c: 68:         {;main.c: 70:             view_log(key);
  2495     095C  1683               	bsf	3,5	;RP0=1, select bank1
  2496     095D  1303               	bcf	3,6	;RP1=0, select bank1
  2497     095E  086C               	movf	main@key^(0+128),w
  2498     095F  120A  158A  2073  120A  158A  	fcall	_view_log
  2499                           
  2500                           ;main.c: 71:         }
  2501     0964  2905               	goto	l4991
  2502     0965                     l5021:
  2503     0965  3004               	movlw	4
  2504     0966  066C               	xorwf	_operation,w
  2505     0967  1D03               	btfss	3,2
  2506     0968  296A               	goto	u6211
  2507     0969  296B               	goto	u6210
  2508     096A                     u6211:
  2509     096A  2971               	goto	l5025
  2510     096B                     u6210:
  2511     096B                     l5023:
  2512                           
  2513                           ;main.c: 73:         {;main.c: 75:             clear_log();
  2514     096B  160A  118A  2558  120A  158A  	fcall	_clear_log
  2515                           
  2516                           ;main.c: 76:         }
  2517     0970  2905               	goto	l4991
  2518     0971                     l5025:
  2519     0971  3005               	movlw	5
  2520     0972  066C               	xorwf	_operation,w
  2521     0973  1D03               	btfss	3,2
  2522     0974  2976               	goto	u6221
  2523     0975  2977               	goto	u6220
  2524     0976                     u6221:
  2525     0976  2980               	goto	l5029
  2526     0977                     u6220:
  2527     0977                     l5027:
  2528                           
  2529                           ;main.c: 78:         {;main.c: 80:             download_log(key);
  2530     0977  1683               	bsf	3,5	;RP0=1, select bank1
  2531     0978  1303               	bcf	3,6	;RP1=0, select bank1
  2532     0979  086C               	movf	main@key^(0+128),w
  2533     097A  160A  118A  26F5  120A  158A  	fcall	_download_log
  2534                           
  2535                           ;main.c: 81:         }
  2536     097F  2905               	goto	l4991
  2537     0980                     l5029:
  2538     0980  3006               	movlw	6
  2539     0981  066C               	xorwf	_operation,w
  2540     0982  1D03               	btfss	3,2
  2541     0983  2985               	goto	u6231
  2542     0984  2986               	goto	u6230
  2543     0985                     u6231:
  2544     0985  298F               	goto	l5033
  2545     0986                     u6230:
  2546     0986                     l5031:
  2547                           
  2548                           ;main.c: 83:         {;main.c: 85:             set_time(key);
  2549     0986  1683               	bsf	3,5	;RP0=1, select bank1
  2550     0987  1303               	bcf	3,6	;RP1=0, select bank1
  2551     0988  086C               	movf	main@key^(0+128),w
  2552     0989  120A  118A  203F  120A  158A  	fcall	_set_time
  2553                           
  2554                           ;main.c: 86:         }
  2555     098E  2905               	goto	l4991
  2556     098F                     l5033:
  2557     098F  3007               	movlw	7
  2558     0990  066C               	xorwf	_operation,w
  2559     0991  1D03               	btfss	3,2
  2560     0992  2994               	goto	u6241
  2561     0993  2995               	goto	u6240
  2562     0994                     u6241:
  2563     0994  2905               	goto	l4991
  2564     0995                     u6240:
  2565     0995                     l5035:
  2566                           
  2567                           ;main.c: 88:         {;main.c: 90:             change_password(key);
  2568     0995  1683               	bsf	3,5	;RP0=1, select bank1
  2569     0996  1303               	bcf	3,6	;RP1=0, select bank1
  2570     0997  086C               	movf	main@key^(0+128),w
  2571     0998  120A  118A  2532  120A  158A  	fcall	_change_password
  2572     099D  2905               	goto	l4991
  2573     099E  120A  118A  280C   	ljmp	start
  2574     09A1                     __end_of_main:
  2575                           
  2576                           	psect	text1
  2577     0873                     __ptext1:	
  2578 ;; *************** function _view_log *****************
  2579 ;; Defined at:
  2580 ;;		line 343 in file "dashboard.c"
  2581 ;; Parameters:    Size  Location     Type
  2582 ;;  key             1    wreg     unsigned char 
  2583 ;; Auto vars:     Size  Location     Type
  2584 ;;  key             1    9[COMMON] unsigned char 
  2585 ;; Return value:  Size  Location     Type
  2586 ;;                  1    wreg      void 
  2587 ;; Registers used:
  2588 ;;		wreg, fsr0l, fsr0h, status,2, status,0, pclath, btemp1, cstack
  2589 ;; Tracked objects:
  2590 ;;		On entry : 0/0
  2591 ;;		On exit  : 0/0
  2592 ;;		Unchanged: 0/0
  2593 ;; Data sizes:     COMMON   BANK0   BANK1   BANK3   BANK2
  2594 ;;      Params:         0       0       0       0       0
  2595 ;;      Locals:         1       0       0       0       0
  2596 ;;      Temps:          0       2       0       0       0
  2597 ;;      Totals:         1       2       0       0       0
  2598 ;;Total ram usage:        3 bytes
  2599 ;; Hardware stack levels used: 1
  2600 ;; Hardware stack levels required when called: 2
  2601 ;; This function calls:
  2602 ;;		_clcd_print
  2603 ;;		_load_logs
  2604 ;; This function is called by:
  2605 ;;		_main
  2606 ;; This function uses a non-reentrant model
  2607 ;;
  2608                           
  2609     0873                     _view_log:	
  2610                           ;psect for function _view_log
  2611                           
  2612                           
  2613                           ;incstack = 0
  2614                           ; Regs used in _view_log: [wreg-fsr0h+status,2+status,0+pclath+btemp1+cstack]
  2615                           ;view_log@key stored from wreg
  2616     0873  00F9               	movwf	view_log@key
  2617     0874                     l4685:
  2618                           
  2619                           ;dashboard.c: 343: void view_log(unsigned char key);dashboard.c: 344: {;dashboard.c: 345
      +                          :     if (!log_loaded)
  2620     0874  1283               	bcf	3,5	;RP0=0, select bank0
  2621     0875  1303               	bcf	3,6	;RP1=0, select bank0
  2622     0876  0866               	movf	_log_loaded,w
  2623     0877  1D03               	btfss	3,2
  2624     0878  287A               	goto	u5721
  2625     0879  287B               	goto	u5720
  2626     087A                     u5721:
  2627     087A  288A               	goto	l4693
  2628     087B                     u5720:
  2629     087B                     l4687:
  2630                           
  2631                           ;dashboard.c: 346:     {;dashboard.c: 347:         if (event_count > 0)
  2632     087B  087B               	movf	_event_count,w
  2633     087C  1903               	btfsc	3,2
  2634     087D  287F               	goto	u5731
  2635     087E  2880               	goto	u5730
  2636     087F                     u5731:
  2637     087F  2886               	goto	l4691
  2638     0880                     u5730:
  2639     0880                     l4689:
  2640                           
  2641                           ;dashboard.c: 348:             load_logs(log_index);
  2642     0880  085A               	movf	_log_index,w
  2643     0881  160A  118A  2777  120A  158A  	fcall	_load_logs
  2644     0886                     l4691:
  2645                           
  2646                           ;dashboard.c: 349:         log_loaded = 1;
  2647     0886  3001               	movlw	1
  2648     0887  1283               	bcf	3,5	;RP0=0, select bank0
  2649     0888  1303               	bcf	3,6	;RP1=0, select bank0
  2650     0889  00E6               	movwf	_log_loaded
  2651     088A                     l4693:
  2652                           
  2653                           ;dashboard.c: 352:     if(key == 0x3D)
  2654     088A  303D               	movlw	61
  2655     088B  0679               	xorwf	view_log@key,w
  2656     088C  1D03               	btfss	3,2
  2657     088D  288F               	goto	u5741
  2658     088E  2890               	goto	u5740
  2659     088F                     u5741:
  2660     088F  28B3               	goto	l4703
  2661     0890                     u5740:
  2662     0890                     l4695:
  2663                           
  2664                           ;dashboard.c: 353:     {;dashboard.c: 354:         if(event_count > 0 && log_index < (un
      +                          signed int)(event_count - 1))
  2665     0890  087B               	movf	_event_count,w
  2666     0891  1903               	btfsc	3,2
  2667     0892  2894               	goto	u5751
  2668     0893  2895               	goto	u5750
  2669     0894                     u5751:
  2670     0894  28D8               	goto	l4719
  2671     0895                     u5750:
  2672     0895                     l4697:
  2673     0895  087B               	movf	_event_count,w
  2674     0896  3EFF               	addlw	255
  2675     0897  00A0               	movwf	??_view_log
  2676     0898  30FF               	movlw	255
  2677     0899  1803               	skipnc
  2678     089A  3000               	movlw	0
  2679     089B  00A1               	movwf	??_view_log+1
  2680     089C  0821               	movf	??_view_log+1,w
  2681     089D  025B               	subwf	_log_index+1,w
  2682     089E  1D03               	skipz
  2683     089F  28A2               	goto	u5765
  2684     08A0  0820               	movf	??_view_log,w
  2685     08A1  025A               	subwf	_log_index,w
  2686     08A2                     u5765:
  2687     08A2  1803               	skipnc
  2688     08A3  28A5               	goto	u5761
  2689     08A4  28A6               	goto	u5760
  2690     08A5                     u5761:
  2691     08A5  28D8               	goto	l4719
  2692     08A6                     u5760:
  2693     08A6                     l4699:
  2694                           
  2695                           ;dashboard.c: 355:         {;dashboard.c: 356:             log_index++;
  2696     08A6  3001               	movlw	1
  2697     08A7  07DA               	addwf	_log_index,f
  2698     08A8  1803               	skipnc
  2699     08A9  0ADB               	incf	_log_index+1,f
  2700     08AA  3000               	movlw	0
  2701     08AB  07DB               	addwf	_log_index+1,f
  2702     08AC                     l4701:
  2703                           
  2704                           ;dashboard.c: 357:             load_logs(log_index);
  2705     08AC  085A               	movf	_log_index,w
  2706     08AD  160A  118A  2777  120A  158A  	fcall	_load_logs
  2707     08B2  28D8               	goto	l4719
  2708     08B3                     l4703:
  2709     08B3  303E               	movlw	62
  2710     08B4  0679               	xorwf	view_log@key,w
  2711     08B5  1D03               	btfss	3,2
  2712     08B6  28B8               	goto	u5771
  2713     08B7  28B9               	goto	u5770
  2714     08B8                     u5771:
  2715     08B8  28CC               	goto	l4711
  2716     08B9                     u5770:
  2717     08B9                     l4705:
  2718                           
  2719                           ;dashboard.c: 361:     {;dashboard.c: 362:         if(log_index > 0)
  2720     08B9  085A               	movf	_log_index,w
  2721     08BA  045B               	iorwf	_log_index+1,w
  2722     08BB  1903               	btfsc	3,2
  2723     08BC  28BE               	goto	u5781
  2724     08BD  28BF               	goto	u5780
  2725     08BE                     u5781:
  2726     08BE  28D8               	goto	l4719
  2727     08BF                     u5780:
  2728     08BF                     l4707:
  2729                           
  2730                           ;dashboard.c: 363:         {;dashboard.c: 364:             log_index--;
  2731     08BF  3001               	movlw	1
  2732     08C0  02DA               	subwf	_log_index,f
  2733     08C1  3000               	movlw	0
  2734     08C2  1C03               	skipc
  2735     08C3  03DB               	decf	_log_index+1,f
  2736     08C4  02DB               	subwf	_log_index+1,f
  2737     08C5                     l4709:
  2738                           
  2739                           ;dashboard.c: 365:             load_logs(log_index);
  2740     08C5  085A               	movf	_log_index,w
  2741     08C6  160A  118A  2777  120A  158A  	fcall	_load_logs
  2742     08CB  28D8               	goto	l4719
  2743     08CC                     l4711:
  2744     08CC  302F               	movlw	47
  2745     08CD  0679               	xorwf	view_log@key,w
  2746     08CE  1D03               	btfss	3,2
  2747     08CF  28D1               	goto	u5791
  2748     08D0  28D2               	goto	u5790
  2749     08D1                     u5791:
  2750     08D1  28D8               	goto	l4719
  2751     08D2                     u5790:
  2752     08D2                     l4713:
  2753                           
  2754                           ;dashboard.c: 369:     {;dashboard.c: 370:         log_index = 0;
  2755     08D2  01DA               	clrf	_log_index
  2756     08D3  01DB               	clrf	_log_index+1
  2757                           
  2758                           ;dashboard.c: 371:         log_loaded = 0;
  2759     08D4  01E6               	clrf	_log_loaded
  2760     08D5                     l4715:
  2761                           
  2762                           ;dashboard.c: 372:         operation = 2;
  2763     08D5  3002               	movlw	2
  2764     08D6  00EC               	movwf	_operation
  2765     08D7  28FF               	goto	l420
  2766     08D8                     l4719:
  2767                           
  2768                           ;dashboard.c: 376:     clcd_print("# TIME     EV SP", (0x80 + 0));
  2769     08D8  30C3               	movlw	low (STR_24| (0+32768))
  2770     08D9  00F6               	movwf	clcd_print@str
  2771     08DA  3084               	movlw	high (STR_24| (0+32768))
  2772     08DB  00F7               	movwf	clcd_print@str+1
  2773     08DC  3080               	movlw	128
  2774     08DD  00F8               	movwf	clcd_print@addr
  2775     08DE  160A  118A  2333  120A  158A  	fcall	_clcd_print
  2776     08E3                     l4721:
  2777                           
  2778                           ;dashboard.c: 377:     if (event_count == 0)
  2779     08E3  087B               	movf	_event_count,w
  2780     08E4  1D03               	btfss	3,2
  2781     08E5  28E7               	goto	u5801
  2782     08E6  28E8               	goto	u5800
  2783     08E7                     u5801:
  2784     08E7  28F4               	goto	l4725
  2785     08E8                     u5800:
  2786     08E8                     l4723:
  2787                           
  2788                           ;dashboard.c: 378:     {;dashboard.c: 379:         clcd_print("  No Events     ", (0xC0 
      +                          + 0));
  2789     08E8  302A               	movlw	low (STR_25| (0+32768))
  2790     08E9  00F6               	movwf	clcd_print@str
  2791     08EA  3084               	movlw	high (STR_25| (0+32768))
  2792     08EB  00F7               	movwf	clcd_print@str+1
  2793     08EC  30C0               	movlw	192
  2794     08ED  00F8               	movwf	clcd_print@addr
  2795     08EE  160A  118A  2333  120A  158A  	fcall	_clcd_print
  2796                           
  2797                           ;dashboard.c: 380:     }
  2798     08F3  28FF               	goto	l420
  2799     08F4                     l4725:
  2800                           
  2801                           ;dashboard.c: 382:     {;dashboard.c: 383:         clcd_print(EEPROM_data, (0xC0 + 0));
  2802     08F4  30A2               	movlw	(low (_EEPROM_data| 0))& (0+255)
  2803     08F5  00F6               	movwf	clcd_print@str
  2804     08F6  3000               	movlw	0
  2805     08F7  00F7               	movwf	clcd_print@str+1
  2806     08F8  30C0               	movlw	192
  2807     08F9  00F8               	movwf	clcd_print@addr
  2808     08FA  160A  118A  2333  120A  158A  	fcall	_clcd_print
  2809     08FF                     l420:
  2810     08FF  0008               	return
  2811     0900                     __end_of_view_log:
  2812                           
  2813                           	psect	text2
  2814     003F                     __ptext2:	
  2815 ;; *************** function _set_time *****************
  2816 ;; Defined at:
  2817 ;;		line 532 in file "dashboard.c"
  2818 ;; Parameters:    Size  Location     Type
  2819 ;;  key             1    wreg     unsigned char 
  2820 ;; Auto vars:     Size  Location     Type
  2821 ;;  key             1    6[BANK0 ] unsigned char 
  2822 ;;  time_value      2    7[BANK0 ] int 
  2823 ;;  value           1    9[BANK0 ] unsigned char 
  2824 ;; Return value:  Size  Location     Type
  2825 ;;                  1    wreg      void 
  2826 ;; Registers used:
  2827 ;;		wreg, fsr0l, fsr0h, status,2, status,0, pclath, btemp1, cstack
  2828 ;; Tracked objects:
  2829 ;;		On entry : 0/0
  2830 ;;		On exit  : 0/0
  2831 ;;		Unchanged: 0/0
  2832 ;; Data sizes:     COMMON   BANK0   BANK1   BANK3   BANK2
  2833 ;;      Params:         0       0       0       0       0
  2834 ;;      Locals:         0       4       0       0       0
  2835 ;;      Temps:          0       4       0       0       0
  2836 ;;      Totals:         0       8       0       0       0
  2837 ;;Total ram usage:        8 bytes
  2838 ;; Hardware stack levels used: 1
  2839 ;; Hardware stack levels required when called: 2
  2840 ;; This function calls:
  2841 ;;		___awdiv
  2842 ;;		___awmod
  2843 ;;		___bmul
  2844 ;;		___wmul
  2845 ;;		_clcd_print
  2846 ;;		_clcd_putch
  2847 ;;		_clear_clcd
  2848 ;;		_write_ds1307
  2849 ;; This function is called by:
  2850 ;;		_main
  2851 ;; This function uses a non-reentrant model
  2852 ;;
  2853                           
  2854     003F                     _set_time:	
  2855                           ;psect for function _set_time
  2856                           
  2857                           
  2858                           ;incstack = 0
  2859                           ; Regs used in _set_time: [wreg-fsr0h+status,2+status,0+pclath+btemp1+cstack]
  2860                           ;set_time@key stored from wreg
  2861     003F  1283               	bcf	3,5	;RP0=0, select bank0
  2862     0040  1303               	bcf	3,6	;RP1=0, select bank0
  2863     0041  00A6               	movwf	set_time@key
  2864     0042                     l4779:
  2865                           
  2866                           ;dashboard.c: 534:     clcd_print("HH:MM:SS        ", (0x80 + 0));
  2867     0042  3008               	movlw	low (STR_40| (0+32768))
  2868     0043  00F6               	movwf	clcd_print@str
  2869     0044  3084               	movlw	high (STR_40| (0+32768))
  2870     0045  00F7               	movwf	clcd_print@str+1
  2871     0046  3080               	movlw	128
  2872     0047  00F8               	movwf	clcd_print@addr
  2873     0048  160A  118A  2333  120A  118A  	fcall	_clcd_print
  2874     004D                     l4781:
  2875                           
  2876                           ;dashboard.c: 537:     if (sec % 2 == 0){
  2877     004D  1283               	bcf	3,5	;RP0=0, select bank0
  2878     004E  1303               	bcf	3,6	;RP1=0, select bank0
  2879     004F  185E               	btfsc	_sec,0
  2880     0050  2852               	goto	u5841
  2881     0051  2853               	goto	u5840
  2882     0052                     u5841:
  2883     0052  2868               	goto	l4785
  2884     0053                     u5840:
  2885     0053                     l4783:
  2886                           
  2887                           ;dashboard.c: 538:         clcd_putch('_', (0xC0 + set_time_filed));
  2888     0053  0858               	movf	_set_time_filed,w
  2889     0054  3EC0               	addlw	192
  2890     0055  00F6               	movwf	clcd_putch@addr
  2891     0056  305F               	movlw	95
  2892     0057  120A  118A  22EF  120A  118A  	fcall	_clcd_putch
  2893                           
  2894                           ;dashboard.c: 539:         clcd_putch('_', (0xC0 + set_time_filed + 1));
  2895     005C  1283               	bcf	3,5	;RP0=0, select bank0
  2896     005D  1303               	bcf	3,6	;RP1=0, select bank0
  2897     005E  0858               	movf	_set_time_filed,w
  2898     005F  3EC1               	addlw	193
  2899     0060  00F6               	movwf	clcd_putch@addr
  2900     0061  305F               	movlw	95
  2901     0062  120A  118A  22EF  120A  118A  	fcall	_clcd_putch
  2902                           
  2903                           ;dashboard.c: 540:     }
  2904     0067  2873               	goto	l4787
  2905     0068                     l4785:
  2906                           
  2907                           ;dashboard.c: 542:         clcd_print(time, (0xC0 + 0));
  2908     0068  30DA               	movlw	(low (_time| 0))& (0+255)
  2909     0069  00F6               	movwf	clcd_print@str
  2910     006A  3000               	movlw	0
  2911     006B  00F7               	movwf	clcd_print@str+1
  2912     006C  30C0               	movlw	192
  2913     006D  00F8               	movwf	clcd_print@addr
  2914     006E  160A  118A  2333  120A  118A  	fcall	_clcd_print
  2915     0073                     l4787:
  2916                           
  2917                           ;dashboard.c: 546:     if (key == 0x3E)
  2918     0073  303E               	movlw	62
  2919     0074  1283               	bcf	3,5	;RP0=0, select bank0
  2920     0075  1303               	bcf	3,6	;RP1=0, select bank0
  2921     0076  0626               	xorwf	set_time@key,w
  2922     0077  1D03               	btfss	3,2
  2923     0078  287A               	goto	u5851
  2924     0079  287B               	goto	u5850
  2925     007A                     u5851:
  2926     007A  2964               	goto	l4831
  2927     007B                     u5850:
  2928     007B                     l4789:
  2929                           
  2930                           ;dashboard.c: 547:     {;dashboard.c: 548:         unsigned char value;;dashboard.c: 550
      +                          :         if(set_time_filed == 0)
  2931     007B  0858               	movf	_set_time_filed,w
  2932     007C  0459               	iorwf	_set_time_filed+1,w
  2933     007D  1D03               	btfss	3,2
  2934     007E  2880               	goto	u5861
  2935     007F  2881               	goto	u5860
  2936     0080                     u5861:
  2937     0080  28C8               	goto	l4803
  2938     0081                     u5860:
  2939     0081                     l4791:
  2940                           
  2941                           ;dashboard.c: 551:         {;dashboard.c: 552:             value = (time[0] - '0') * 10 
      +                          + (time[1] - '0');
  2942     0081  300A               	movlw	10
  2943     0082  00F2               	movwf	___bmul@multiplicand
  2944     0083  1683               	bsf	3,5	;RP0=1, select bank1
  2945     0084  1303               	bcf	3,6	;RP1=0, select bank1
  2946     0085  085A               	movf	_time^(0+128),w
  2947     0086  160A  118A  2120  120A  118A  	fcall	___bmul
  2948     008B  1683               	bsf	3,5	;RP0=1, select bank1
  2949     008C  1303               	bcf	3,6	;RP1=0, select bank1
  2950     008D  075B               	addwf	(_time^(0+128)+1),w
  2951     008E  3EF0               	addlw	240
  2952     008F  1283               	bcf	3,5	;RP0=0, select bank0
  2953     0090  1303               	bcf	3,6	;RP1=0, select bank0
  2954     0091  00A9               	movwf	set_time@value
  2955     0092                     l4793:
  2956                           
  2957                           ;dashboard.c: 554:             value++;
  2958     0092  3001               	movlw	1
  2959     0093  07A9               	addwf	set_time@value,f
  2960     0094                     l4795:
  2961                           
  2962                           ;dashboard.c: 556:             if(value > 23)
  2963     0094  3018               	movlw	24
  2964     0095  0229               	subwf	set_time@value,w
  2965     0096  1C03               	skipc
  2966     0097  2899               	goto	u5871
  2967     0098  289A               	goto	u5870
  2968     0099                     u5871:
  2969     0099  289B               	goto	l4799
  2970     009A                     u5870:
  2971     009A                     l4797:
  2972                           
  2973                           ;dashboard.c: 557:                 value = 0;
  2974     009A  01A9               	clrf	set_time@value
  2975     009B                     l4799:
  2976                           
  2977                           ;dashboard.c: 559:             time[0] = (value / 10) + '0';
  2978     009B  300A               	movlw	10
  2979     009C  00F2               	movwf	___awdiv@divisor
  2980     009D  3000               	movlw	0
  2981     009E  00F3               	movwf	___awdiv@divisor+1
  2982     009F  0829               	movf	set_time@value,w
  2983     00A0  00A2               	movwf	??_set_time
  2984     00A1  01A3               	clrf	??_set_time+1
  2985     00A2  0822               	movf	??_set_time,w
  2986     00A3  00F4               	movwf	___awdiv@dividend
  2987     00A4  0823               	movf	??_set_time+1,w
  2988     00A5  00F5               	movwf	___awdiv@dividend+1
  2989     00A6  160A  118A  25B9  120A  118A  	fcall	___awdiv
  2990     00AB  0872               	movf	?___awdiv,w
  2991     00AC  3E30               	addlw	48
  2992     00AD  1683               	bsf	3,5	;RP0=1, select bank1
  2993     00AE  1303               	bcf	3,6	;RP1=0, select bank1
  2994     00AF  00DA               	movwf	_time^(0+128)
  2995     00B0                     l4801:
  2996                           
  2997                           ;dashboard.c: 560:             time[1] = (value % 10) + '0';
  2998     00B0  300A               	movlw	10
  2999     00B1  00F2               	movwf	___awmod@divisor
  3000     00B2  3000               	movlw	0
  3001     00B3  00F3               	movwf	___awmod@divisor+1
  3002     00B4  1283               	bcf	3,5	;RP0=0, select bank0
  3003     00B5  1303               	bcf	3,6	;RP1=0, select bank0
  3004     00B6  0829               	movf	set_time@value,w
  3005     00B7  00A2               	movwf	??_set_time
  3006     00B8  01A3               	clrf	??_set_time+1
  3007     00B9  0822               	movf	??_set_time,w
  3008     00BA  00F4               	movwf	___awmod@dividend
  3009     00BB  0823               	movf	??_set_time+1,w
  3010     00BC  00F5               	movwf	___awmod@dividend+1
  3011     00BD  160A  118A  24A5  120A  118A  	fcall	___awmod
  3012     00C2  0872               	movf	?___awmod,w
  3013     00C3  3E30               	addlw	48
  3014     00C4  1683               	bsf	3,5	;RP0=1, select bank1
  3015     00C5  1303               	bcf	3,6	;RP1=0, select bank1
  3016     00C6  00DB               	movwf	(_time^(0+128)+1)
  3017                           
  3018                           ;dashboard.c: 561:         }
  3019     00C7  2AAC               	goto	l506
  3020     00C8                     l4803:
  3021     00C8  3003               	movlw	3
  3022     00C9  0658               	xorwf	_set_time_filed,w
  3023     00CA  0459               	iorwf	_set_time_filed+1,w
  3024     00CB  1D03               	btfss	3,2
  3025     00CC  28CE               	goto	u5881
  3026     00CD  28CF               	goto	u5880
  3027     00CE                     u5881:
  3028     00CE  2916               	goto	l4817
  3029     00CF                     u5880:
  3030     00CF                     l4805:
  3031                           
  3032                           ;dashboard.c: 563:         {;dashboard.c: 564:             value = (time[3] - '0') * 10 
      +                          + (time[4] - '0');
  3033     00CF  300A               	movlw	10
  3034     00D0  00F2               	movwf	___bmul@multiplicand
  3035     00D1  1683               	bsf	3,5	;RP0=1, select bank1
  3036     00D2  1303               	bcf	3,6	;RP1=0, select bank1
  3037     00D3  085D               	movf	(_time^(0+128)+3),w
  3038     00D4  160A  118A  2120  120A  118A  	fcall	___bmul
  3039     00D9  1683               	bsf	3,5	;RP0=1, select bank1
  3040     00DA  1303               	bcf	3,6	;RP1=0, select bank1
  3041     00DB  075E               	addwf	(_time^(0+128)+4),w
  3042     00DC  3EF0               	addlw	240
  3043     00DD  1283               	bcf	3,5	;RP0=0, select bank0
  3044     00DE  1303               	bcf	3,6	;RP1=0, select bank0
  3045     00DF  00A9               	movwf	set_time@value
  3046     00E0                     l4807:
  3047                           
  3048                           ;dashboard.c: 566:             value++;
  3049     00E0  3001               	movlw	1
  3050     00E1  07A9               	addwf	set_time@value,f
  3051     00E2                     l4809:
  3052                           
  3053                           ;dashboard.c: 568:             if(value > 59)
  3054     00E2  303C               	movlw	60
  3055     00E3  0229               	subwf	set_time@value,w
  3056     00E4  1C03               	skipc
  3057     00E5  28E7               	goto	u5891
  3058     00E6  28E8               	goto	u5890
  3059     00E7                     u5891:
  3060     00E7  28E9               	goto	l4813
  3061     00E8                     u5890:
  3062     00E8                     l4811:
  3063                           
  3064                           ;dashboard.c: 569:                 value = 0;
  3065     00E8  01A9               	clrf	set_time@value
  3066     00E9                     l4813:
  3067                           
  3068                           ;dashboard.c: 571:             time[3] = (value / 10) + '0';
  3069     00E9  300A               	movlw	10
  3070     00EA  00F2               	movwf	___awdiv@divisor
  3071     00EB  3000               	movlw	0
  3072     00EC  00F3               	movwf	___awdiv@divisor+1
  3073     00ED  0829               	movf	set_time@value,w
  3074     00EE  00A2               	movwf	??_set_time
  3075     00EF  01A3               	clrf	??_set_time+1
  3076     00F0  0822               	movf	??_set_time,w
  3077     00F1  00F4               	movwf	___awdiv@dividend
  3078     00F2  0823               	movf	??_set_time+1,w
  3079     00F3  00F5               	movwf	___awdiv@dividend+1
  3080     00F4  160A  118A  25B9  120A  118A  	fcall	___awdiv
  3081     00F9  0872               	movf	?___awdiv,w
  3082     00FA  3E30               	addlw	48
  3083     00FB  1683               	bsf	3,5	;RP0=1, select bank1
  3084     00FC  1303               	bcf	3,6	;RP1=0, select bank1
  3085     00FD  00DD               	movwf	(_time^(0+128)+3)
  3086     00FE                     l4815:
  3087                           
  3088                           ;dashboard.c: 572:             time[4] = (value % 10) + '0';
  3089     00FE  300A               	movlw	10
  3090     00FF  00F2               	movwf	___awmod@divisor
  3091     0100  3000               	movlw	0
  3092     0101  00F3               	movwf	___awmod@divisor+1
  3093     0102  1283               	bcf	3,5	;RP0=0, select bank0
  3094     0103  1303               	bcf	3,6	;RP1=0, select bank0
  3095     0104  0829               	movf	set_time@value,w
  3096     0105  00A2               	movwf	??_set_time
  3097     0106  01A3               	clrf	??_set_time+1
  3098     0107  0822               	movf	??_set_time,w
  3099     0108  00F4               	movwf	___awmod@dividend
  3100     0109  0823               	movf	??_set_time+1,w
  3101     010A  00F5               	movwf	___awmod@dividend+1
  3102     010B  160A  118A  24A5  120A  118A  	fcall	___awmod
  3103     0110  0872               	movf	?___awmod,w
  3104     0111  3E30               	addlw	48
  3105     0112  1683               	bsf	3,5	;RP0=1, select bank1
  3106     0113  1303               	bcf	3,6	;RP1=0, select bank1
  3107     0114  00DE               	movwf	(_time^(0+128)+4)
  3108                           
  3109                           ;dashboard.c: 573:         }
  3110     0115  2AAC               	goto	l506
  3111     0116                     l4817:
  3112     0116  3006               	movlw	6
  3113     0117  0658               	xorwf	_set_time_filed,w
  3114     0118  0459               	iorwf	_set_time_filed+1,w
  3115     0119  1D03               	btfss	3,2
  3116     011A  291C               	goto	u5901
  3117     011B  291D               	goto	u5900
  3118     011C                     u5901:
  3119     011C  2AAC               	goto	l506
  3120     011D                     u5900:
  3121     011D                     l4819:
  3122                           
  3123                           ;dashboard.c: 575:         {;dashboard.c: 576:             value = (time[6] - '0') * 10 
      +                          + (time[7] - '0');
  3124     011D  300A               	movlw	10
  3125     011E  00F2               	movwf	___bmul@multiplicand
  3126     011F  1683               	bsf	3,5	;RP0=1, select bank1
  3127     0120  1303               	bcf	3,6	;RP1=0, select bank1
  3128     0121  0860               	movf	(_time^(0+128)+6),w
  3129     0122  160A  118A  2120  120A  118A  	fcall	___bmul
  3130     0127  1683               	bsf	3,5	;RP0=1, select bank1
  3131     0128  1303               	bcf	3,6	;RP1=0, select bank1
  3132     0129  0761               	addwf	(_time^(0+128)+7),w
  3133     012A  3EF0               	addlw	240
  3134     012B  1283               	bcf	3,5	;RP0=0, select bank0
  3135     012C  1303               	bcf	3,6	;RP1=0, select bank0
  3136     012D  00A9               	movwf	set_time@value
  3137     012E                     l4821:
  3138                           
  3139                           ;dashboard.c: 578:             value++;
  3140     012E  3001               	movlw	1
  3141     012F  07A9               	addwf	set_time@value,f
  3142     0130                     l4823:
  3143                           
  3144                           ;dashboard.c: 580:             if(value > 59)
  3145     0130  303C               	movlw	60
  3146     0131  0229               	subwf	set_time@value,w
  3147     0132  1C03               	skipc
  3148     0133  2935               	goto	u5911
  3149     0134  2936               	goto	u5910
  3150     0135                     u5911:
  3151     0135  2937               	goto	l4827
  3152     0136                     u5910:
  3153     0136                     l4825:
  3154                           
  3155                           ;dashboard.c: 581:                 value = 0;
  3156     0136  01A9               	clrf	set_time@value
  3157     0137                     l4827:
  3158                           
  3159                           ;dashboard.c: 583:             time[6] = (value / 10) + '0';
  3160     0137  300A               	movlw	10
  3161     0138  00F2               	movwf	___awdiv@divisor
  3162     0139  3000               	movlw	0
  3163     013A  00F3               	movwf	___awdiv@divisor+1
  3164     013B  0829               	movf	set_time@value,w
  3165     013C  00A2               	movwf	??_set_time
  3166     013D  01A3               	clrf	??_set_time+1
  3167     013E  0822               	movf	??_set_time,w
  3168     013F  00F4               	movwf	___awdiv@dividend
  3169     0140  0823               	movf	??_set_time+1,w
  3170     0141  00F5               	movwf	___awdiv@dividend+1
  3171     0142  160A  118A  25B9  120A  118A  	fcall	___awdiv
  3172     0147  0872               	movf	?___awdiv,w
  3173     0148  3E30               	addlw	48
  3174     0149  1683               	bsf	3,5	;RP0=1, select bank1
  3175     014A  1303               	bcf	3,6	;RP1=0, select bank1
  3176     014B  00E0               	movwf	(_time^(0+128)+6)
  3177     014C                     l4829:
  3178                           
  3179                           ;dashboard.c: 584:             time[7] = (value % 10) + '0';
  3180     014C  300A               	movlw	10
  3181     014D  00F2               	movwf	___awmod@divisor
  3182     014E  3000               	movlw	0
  3183     014F  00F3               	movwf	___awmod@divisor+1
  3184     0150  1283               	bcf	3,5	;RP0=0, select bank0
  3185     0151  1303               	bcf	3,6	;RP1=0, select bank0
  3186     0152  0829               	movf	set_time@value,w
  3187     0153  00A2               	movwf	??_set_time
  3188     0154  01A3               	clrf	??_set_time+1
  3189     0155  0822               	movf	??_set_time,w
  3190     0156  00F4               	movwf	___awmod@dividend
  3191     0157  0823               	movf	??_set_time+1,w
  3192     0158  00F5               	movwf	___awmod@dividend+1
  3193     0159  160A  118A  24A5  120A  118A  	fcall	___awmod
  3194     015E  0872               	movf	?___awmod,w
  3195     015F  3E30               	addlw	48
  3196     0160  1683               	bsf	3,5	;RP0=1, select bank1
  3197     0161  1303               	bcf	3,6	;RP1=0, select bank1
  3198     0162  00E1               	movwf	(_time^(0+128)+7)
  3199     0163  2AAC               	goto	l506
  3200     0164                     l4831:
  3201     0164  303D               	movlw	61
  3202     0165  0626               	xorwf	set_time@key,w
  3203     0166  1D03               	btfss	3,2
  3204     0167  2969               	goto	u5921
  3205     0168  296A               	goto	u5920
  3206     0169                     u5921:
  3207     0169  2984               	goto	l4843
  3208     016A                     u5920:
  3209     016A                     l4833:
  3210                           
  3211                           ;dashboard.c: 588:         if(set_time_filed == 0)
  3212     016A  0858               	movf	_set_time_filed,w
  3213     016B  0459               	iorwf	_set_time_filed+1,w
  3214     016C  1D03               	btfss	3,2
  3215     016D  296F               	goto	u5931
  3216     016E  2970               	goto	u5930
  3217     016F                     u5931:
  3218     016F  2975               	goto	l4837
  3219     0170                     u5930:
  3220     0170                     l4835:
  3221                           
  3222                           ;dashboard.c: 589:             set_time_filed = 3;
  3223     0170  3003               	movlw	3
  3224     0171  00D8               	movwf	_set_time_filed
  3225     0172  3000               	movlw	0
  3226     0173  00D9               	movwf	_set_time_filed+1
  3227     0174  2AAC               	goto	l506
  3228     0175                     l4837:
  3229     0175  3003               	movlw	3
  3230     0176  0658               	xorwf	_set_time_filed,w
  3231     0177  0459               	iorwf	_set_time_filed+1,w
  3232     0178  1D03               	btfss	3,2
  3233     0179  297B               	goto	u5941
  3234     017A  297C               	goto	u5940
  3235     017B                     u5941:
  3236     017B  2981               	goto	l4841
  3237     017C                     u5940:
  3238     017C                     l4839:
  3239                           
  3240                           ;dashboard.c: 591:             set_time_filed = 6;
  3241     017C  3006               	movlw	6
  3242     017D  00D8               	movwf	_set_time_filed
  3243     017E  3000               	movlw	0
  3244     017F  00D9               	movwf	_set_time_filed+1
  3245     0180  2AAC               	goto	l506
  3246     0181                     l4841:
  3247                           
  3248                           ;dashboard.c: 593:             set_time_filed = 0;
  3249     0181  01D8               	clrf	_set_time_filed
  3250     0182  01D9               	clrf	_set_time_filed+1
  3251     0183  2AAC               	goto	l506
  3252     0184                     l4843:
  3253     0184  3037               	movlw	55
  3254     0185  0626               	xorwf	set_time@key,w
  3255     0186  1D03               	btfss	3,2
  3256     0187  2989               	goto	u5951
  3257     0188  298A               	goto	u5950
  3258     0189                     u5951:
  3259     0189  2A9F               	goto	l4859
  3260     018A                     u5950:
  3261     018A                     l4845:
  3262     018A                     l4847:
  3263                           
  3264                           ;dashboard.c: 598:         time_value = (time[0] - '0') * 10 + (time[1] - '0');
  3265     018A  1683               	bsf	3,5	;RP0=1, select bank1
  3266     018B  1303               	bcf	3,6	;RP1=0, select bank1
  3267     018C  085A               	movf	_time^(0+128),w
  3268     018D  1283               	bcf	3,5	;RP0=0, select bank0
  3269     018E  1303               	bcf	3,6	;RP1=0, select bank0
  3270     018F  00A2               	movwf	??_set_time
  3271     0190  01A3               	clrf	??_set_time+1
  3272     0191  0822               	movf	??_set_time,w
  3273     0192  00F2               	movwf	___wmul@multiplier
  3274     0193  0823               	movf	??_set_time+1,w
  3275     0194  00F3               	movwf	___wmul@multiplier+1
  3276     0195  300A               	movlw	10
  3277     0196  00F4               	movwf	___wmul@multiplicand
  3278     0197  3000               	movlw	0
  3279     0198  00F5               	movwf	___wmul@multiplicand+1
  3280     0199  160A  118A  2218  120A  118A  	fcall	___wmul
  3281     019E  1683               	bsf	3,5	;RP0=1, select bank1
  3282     019F  1303               	bcf	3,6	;RP1=0, select bank1
  3283     01A0  085B               	movf	(_time^(0+128)+1),w
  3284     01A1  0772               	addwf	?___wmul,w
  3285     01A2  1283               	bcf	3,5	;RP0=0, select bank0
  3286     01A3  1303               	bcf	3,6	;RP1=0, select bank0
  3287     01A4  00A4               	movwf	??_set_time+2
  3288     01A5  3000               	movlw	0
  3289     01A6  1803               	skipnc
  3290     01A7  3001               	movlw	1
  3291     01A8  0773               	addwf	?___wmul+1,w
  3292     01A9  00A5               	movwf	??_set_time+3
  3293     01AA  0824               	movf	??_set_time+2,w
  3294     01AB  3EF0               	addlw	240
  3295     01AC  00A7               	movwf	set_time@time_value
  3296     01AD  0825               	movf	??_set_time+3,w
  3297     01AE  1803               	skipnc
  3298     01AF  3E01               	addlw	1
  3299     01B0  3EFD               	addlw	253
  3300     01B1  00A8               	movwf	set_time@time_value+1
  3301     01B2                     l4849:
  3302                           
  3303                           ;dashboard.c: 599:         write_ds1307(0x02, ((time_value/10)<<4) | (time_value % 10));
  3304     01B2  300A               	movlw	10
  3305     01B3  00F2               	movwf	___awmod@divisor
  3306     01B4  3000               	movlw	0
  3307     01B5  00F3               	movwf	___awmod@divisor+1
  3308     01B6  0828               	movf	set_time@time_value+1,w
  3309     01B7  00F5               	movwf	___awmod@dividend+1
  3310     01B8  0827               	movf	set_time@time_value,w
  3311     01B9  00F4               	movwf	___awmod@dividend
  3312     01BA  160A  118A  24A5  120A  118A  	fcall	___awmod
  3313     01BF  0872               	movf	?___awmod,w
  3314     01C0  1283               	bcf	3,5	;RP0=0, select bank0
  3315     01C1  1303               	bcf	3,6	;RP1=0, select bank0
  3316     01C2  00A2               	movwf	??_set_time
  3317     01C3  0873               	movf	?___awmod+1,w
  3318     01C4  00A3               	movwf	??_set_time+1
  3319     01C5  300A               	movlw	10
  3320     01C6  00F2               	movwf	___awdiv@divisor
  3321     01C7  3000               	movlw	0
  3322     01C8  00F3               	movwf	___awdiv@divisor+1
  3323     01C9  0828               	movf	set_time@time_value+1,w
  3324     01CA  00F5               	movwf	___awdiv@dividend+1
  3325     01CB  0827               	movf	set_time@time_value,w
  3326     01CC  00F4               	movwf	___awdiv@dividend
  3327     01CD  160A  118A  25B9  120A  118A  	fcall	___awdiv
  3328     01D2  0872               	movf	?___awdiv,w
  3329     01D3  1283               	bcf	3,5	;RP0=0, select bank0
  3330     01D4  1303               	bcf	3,6	;RP1=0, select bank0
  3331     01D5  00A4               	movwf	??_set_time+2
  3332     01D6  3003               	movlw	3
  3333     01D7                     u5965:
  3334     01D7  1003               	clrc
  3335     01D8  0DA4               	rlf	??_set_time+2,f
  3336     01D9  3EFF               	addlw	-1
  3337     01DA  1D03               	skipz
  3338     01DB  29D7               	goto	u5965
  3339     01DC  1003               	clrc
  3340     01DD  0D24               	rlf	??_set_time+2,w
  3341     01DE  0422               	iorwf	??_set_time,w
  3342     01DF  00A0               	movwf	write_ds1307@data
  3343     01E0  3002               	movlw	2
  3344     01E1  160A  118A  21F4  120A  118A  	fcall	_write_ds1307
  3345     01E6                     l4851:
  3346                           
  3347                           ;dashboard.c: 601:         time_value = (time[3] - '0') * 10 + (time[4] - '0');
  3348     01E6  1683               	bsf	3,5	;RP0=1, select bank1
  3349     01E7  1303               	bcf	3,6	;RP1=0, select bank1
  3350     01E8  085D               	movf	(_time^(0+128)+3),w
  3351     01E9  1283               	bcf	3,5	;RP0=0, select bank0
  3352     01EA  1303               	bcf	3,6	;RP1=0, select bank0
  3353     01EB  00A2               	movwf	??_set_time
  3354     01EC  01A3               	clrf	??_set_time+1
  3355     01ED  0822               	movf	??_set_time,w
  3356     01EE  00F2               	movwf	___wmul@multiplier
  3357     01EF  0823               	movf	??_set_time+1,w
  3358     01F0  00F3               	movwf	___wmul@multiplier+1
  3359     01F1  300A               	movlw	10
  3360     01F2  00F4               	movwf	___wmul@multiplicand
  3361     01F3  3000               	movlw	0
  3362     01F4  00F5               	movwf	___wmul@multiplicand+1
  3363     01F5  160A  118A  2218  120A  118A  	fcall	___wmul
  3364     01FA  1683               	bsf	3,5	;RP0=1, select bank1
  3365     01FB  1303               	bcf	3,6	;RP1=0, select bank1
  3366     01FC  085E               	movf	(_time^(0+128)+4),w
  3367     01FD  0772               	addwf	?___wmul,w
  3368     01FE  1283               	bcf	3,5	;RP0=0, select bank0
  3369     01FF  1303               	bcf	3,6	;RP1=0, select bank0
  3370     0200  00A4               	movwf	??_set_time+2
  3371     0201  3000               	movlw	0
  3372     0202  1803               	skipnc
  3373     0203  3001               	movlw	1
  3374     0204  0773               	addwf	?___wmul+1,w
  3375     0205  00A5               	movwf	??_set_time+3
  3376     0206  0824               	movf	??_set_time+2,w
  3377     0207  3EF0               	addlw	240
  3378     0208  00A7               	movwf	set_time@time_value
  3379     0209  0825               	movf	??_set_time+3,w
  3380     020A  1803               	skipnc
  3381     020B  3E01               	addlw	1
  3382     020C  3EFD               	addlw	253
  3383     020D  00A8               	movwf	set_time@time_value+1
  3384     020E                     l4853:
  3385                           
  3386                           ;dashboard.c: 602:         write_ds1307(0x01, ((time_value/10)<<4) | (time_value % 10));
  3387     020E  300A               	movlw	10
  3388     020F  00F2               	movwf	___awmod@divisor
  3389     0210  3000               	movlw	0
  3390     0211  00F3               	movwf	___awmod@divisor+1
  3391     0212  0828               	movf	set_time@time_value+1,w
  3392     0213  00F5               	movwf	___awmod@dividend+1
  3393     0214  0827               	movf	set_time@time_value,w
  3394     0215  00F4               	movwf	___awmod@dividend
  3395     0216  160A  118A  24A5  120A  118A  	fcall	___awmod
  3396     021B  0872               	movf	?___awmod,w
  3397     021C  1283               	bcf	3,5	;RP0=0, select bank0
  3398     021D  1303               	bcf	3,6	;RP1=0, select bank0
  3399     021E  00A2               	movwf	??_set_time
  3400     021F  0873               	movf	?___awmod+1,w
  3401     0220  00A3               	movwf	??_set_time+1
  3402     0221  300A               	movlw	10
  3403     0222  00F2               	movwf	___awdiv@divisor
  3404     0223  3000               	movlw	0
  3405     0224  00F3               	movwf	___awdiv@divisor+1
  3406     0225  0828               	movf	set_time@time_value+1,w
  3407     0226  00F5               	movwf	___awdiv@dividend+1
  3408     0227  0827               	movf	set_time@time_value,w
  3409     0228  00F4               	movwf	___awdiv@dividend
  3410     0229  160A  118A  25B9  120A  118A  	fcall	___awdiv
  3411     022E  0872               	movf	?___awdiv,w
  3412     022F  1283               	bcf	3,5	;RP0=0, select bank0
  3413     0230  1303               	bcf	3,6	;RP1=0, select bank0
  3414     0231  00A4               	movwf	??_set_time+2
  3415     0232  3003               	movlw	3
  3416     0233                     u5975:
  3417     0233  1003               	clrc
  3418     0234  0DA4               	rlf	??_set_time+2,f
  3419     0235  3EFF               	addlw	-1
  3420     0236  1D03               	skipz
  3421     0237  2A33               	goto	u5975
  3422     0238  1003               	clrc
  3423     0239  0D24               	rlf	??_set_time+2,w
  3424     023A  0422               	iorwf	??_set_time,w
  3425     023B  00A0               	movwf	write_ds1307@data
  3426     023C  3001               	movlw	1
  3427     023D  160A  118A  21F4  120A  118A  	fcall	_write_ds1307
  3428     0242                     l4855:
  3429                           
  3430                           ;dashboard.c: 604:         time_value = (time[6] - '0') * 10 + (time[7] - '0');
  3431     0242  1683               	bsf	3,5	;RP0=1, select bank1
  3432     0243  1303               	bcf	3,6	;RP1=0, select bank1
  3433     0244  0860               	movf	(_time^(0+128)+6),w
  3434     0245  1283               	bcf	3,5	;RP0=0, select bank0
  3435     0246  1303               	bcf	3,6	;RP1=0, select bank0
  3436     0247  00A2               	movwf	??_set_time
  3437     0248  01A3               	clrf	??_set_time+1
  3438     0249  0822               	movf	??_set_time,w
  3439     024A  00F2               	movwf	___wmul@multiplier
  3440     024B  0823               	movf	??_set_time+1,w
  3441     024C  00F3               	movwf	___wmul@multiplier+1
  3442     024D  300A               	movlw	10
  3443     024E  00F4               	movwf	___wmul@multiplicand
  3444     024F  3000               	movlw	0
  3445     0250  00F5               	movwf	___wmul@multiplicand+1
  3446     0251  160A  118A  2218  120A  118A  	fcall	___wmul
  3447     0256  1683               	bsf	3,5	;RP0=1, select bank1
  3448     0257  1303               	bcf	3,6	;RP1=0, select bank1
  3449     0258  0861               	movf	(_time^(0+128)+7),w
  3450     0259  0772               	addwf	?___wmul,w
  3451     025A  1283               	bcf	3,5	;RP0=0, select bank0
  3452     025B  1303               	bcf	3,6	;RP1=0, select bank0
  3453     025C  00A4               	movwf	??_set_time+2
  3454     025D  3000               	movlw	0
  3455     025E  1803               	skipnc
  3456     025F  3001               	movlw	1
  3457     0260  0773               	addwf	?___wmul+1,w
  3458     0261  00A5               	movwf	??_set_time+3
  3459     0262  0824               	movf	??_set_time+2,w
  3460     0263  3EF0               	addlw	240
  3461     0264  00A7               	movwf	set_time@time_value
  3462     0265  0825               	movf	??_set_time+3,w
  3463     0266  1803               	skipnc
  3464     0267  3E01               	addlw	1
  3465     0268  3EFD               	addlw	253
  3466     0269  00A8               	movwf	set_time@time_value+1
  3467     026A                     l4857:
  3468                           
  3469                           ;dashboard.c: 605:         write_ds1307(0x00, ((time_value/10)<<4) | (time_value % 10));
  3470     026A  300A               	movlw	10
  3471     026B  00F2               	movwf	___awmod@divisor
  3472     026C  3000               	movlw	0
  3473     026D  00F3               	movwf	___awmod@divisor+1
  3474     026E  0828               	movf	set_time@time_value+1,w
  3475     026F  00F5               	movwf	___awmod@dividend+1
  3476     0270  0827               	movf	set_time@time_value,w
  3477     0271  00F4               	movwf	___awmod@dividend
  3478     0272  160A  118A  24A5  120A  118A  	fcall	___awmod
  3479     0277  0872               	movf	?___awmod,w
  3480     0278  1283               	bcf	3,5	;RP0=0, select bank0
  3481     0279  1303               	bcf	3,6	;RP1=0, select bank0
  3482     027A  00A2               	movwf	??_set_time
  3483     027B  0873               	movf	?___awmod+1,w
  3484     027C  00A3               	movwf	??_set_time+1
  3485     027D  300A               	movlw	10
  3486     027E  00F2               	movwf	___awdiv@divisor
  3487     027F  3000               	movlw	0
  3488     0280  00F3               	movwf	___awdiv@divisor+1
  3489     0281  0828               	movf	set_time@time_value+1,w
  3490     0282  00F5               	movwf	___awdiv@dividend+1
  3491     0283  0827               	movf	set_time@time_value,w
  3492     0284  00F4               	movwf	___awdiv@dividend
  3493     0285  160A  118A  25B9  120A  118A  	fcall	___awdiv
  3494     028A  0872               	movf	?___awdiv,w
  3495     028B  1283               	bcf	3,5	;RP0=0, select bank0
  3496     028C  1303               	bcf	3,6	;RP1=0, select bank0
  3497     028D  00A4               	movwf	??_set_time+2
  3498     028E  3003               	movlw	3
  3499     028F                     u5985:
  3500     028F  1003               	clrc
  3501     0290  0DA4               	rlf	??_set_time+2,f
  3502     0291  3EFF               	addlw	-1
  3503     0292  1D03               	skipz
  3504     0293  2A8F               	goto	u5985
  3505     0294  1003               	clrc
  3506     0295  0D24               	rlf	??_set_time+2,w
  3507     0296  0422               	iorwf	??_set_time,w
  3508     0297  00A0               	movwf	write_ds1307@data
  3509     0298  3000               	movlw	0
  3510     0299  160A  118A  21F4  120A  118A  	fcall	_write_ds1307
  3511                           
  3512                           ;dashboard.c: 607:     }
  3513     029E  2AAC               	goto	l506
  3514     029F                     l4859:
  3515     029F  302F               	movlw	47
  3516     02A0  0626               	xorwf	set_time@key,w
  3517     02A1  1D03               	btfss	3,2
  3518     02A2  2AA4               	goto	u5991
  3519     02A3  2AA5               	goto	u5990
  3520     02A4                     u5991:
  3521     02A4  2AAC               	goto	l506
  3522     02A5                     u5990:
  3523     02A5                     l4861:
  3524                           
  3525                           ;dashboard.c: 609:         operation = 2;
  3526     02A5  3002               	movlw	2
  3527     02A6  00EC               	movwf	_operation
  3528     02A7                     l4863:
  3529                           
  3530                           ;dashboard.c: 610:         clear_clcd();
  3531     02A7  160A  118A  215A  120A  118A  	fcall	_clear_clcd
  3532     02AC                     l506:
  3533     02AC  0008               	return
  3534     02AD                     __end_of_set_time:
  3535                           
  3536                           	psect	text3
  3537     1218                     __ptext3:	
  3538 ;; *************** function ___wmul *****************
  3539 ;; Defined at:
  3540 ;;		line 15 in file "C:\Program Files\Microchip\xc8\v3.10\pic\sources\c99\common\Umul16.c"
  3541 ;; Parameters:    Size  Location     Type
  3542 ;;  multiplier      2    2[COMMON] unsigned int 
  3543 ;;  multiplicand    2    4[COMMON] unsigned int 
  3544 ;; Auto vars:     Size  Location     Type
  3545 ;;  product         2    6[COMMON] unsigned int 
  3546 ;; Return value:  Size  Location     Type
  3547 ;;                  2    2[COMMON] unsigned int 
  3548 ;; Registers used:
  3549 ;;		wreg, status,2, status,0
  3550 ;; Tracked objects:
  3551 ;;		On entry : 0/0
  3552 ;;		On exit  : 0/0
  3553 ;;		Unchanged: 0/0
  3554 ;; Data sizes:     COMMON   BANK0   BANK1   BANK3   BANK2
  3555 ;;      Params:         4       0       0       0       0
  3556 ;;      Locals:         2       0       0       0       0
  3557 ;;      Temps:          0       0       0       0       0
  3558 ;;      Totals:         6       0       0       0       0
  3559 ;;Total ram usage:        6 bytes
  3560 ;; Hardware stack levels used: 1
  3561 ;; Hardware stack levels required when called: 1
  3562 ;; This function calls:
  3563 ;;		Nothing
  3564 ;; This function is called by:
  3565 ;;		_set_time
  3566 ;; This function uses a non-reentrant model
  3567 ;;
  3568                           
  3569     1218                     ___wmul:	
  3570                           ;psect for function ___wmul
  3571                           
  3572     1218                     l4065:	
  3573                           ;incstack = 0
  3574                           ; Regs used in ___wmul: [wreg+status,2+status,0]
  3575                           
  3576     1218  01F6               	clrf	___wmul@product
  3577     1219  01F7               	clrf	___wmul@product+1
  3578     121A                     l4067:
  3579     121A  1C72               	btfss	___wmul@multiplier,0
  3580     121B  2A1D               	goto	u4491
  3581     121C  2A1E               	goto	u4490
  3582     121D                     u4491:
  3583     121D  2A24               	goto	l659
  3584     121E                     u4490:
  3585     121E                     l4069:
  3586     121E  0874               	movf	___wmul@multiplicand,w
  3587     121F  07F6               	addwf	___wmul@product,f
  3588     1220  1803               	skipnc
  3589     1221  0AF7               	incf	___wmul@product+1,f
  3590     1222  0875               	movf	___wmul@multiplicand+1,w
  3591     1223  07F7               	addwf	___wmul@product+1,f
  3592     1224                     l659:
  3593     1224  3001               	movlw	1
  3594     1225                     u4505:
  3595     1225  1003               	clrc
  3596     1226  0DF4               	rlf	___wmul@multiplicand,f
  3597     1227  0DF5               	rlf	___wmul@multiplicand+1,f
  3598     1228  3EFF               	addlw	-1
  3599     1229  1D03               	skipz
  3600     122A  2A25               	goto	u4505
  3601     122B                     l4071:
  3602     122B  3001               	movlw	1
  3603     122C                     u4515:
  3604     122C  1003               	clrc
  3605     122D  0CF3               	rrf	___wmul@multiplier+1,f
  3606     122E  0CF2               	rrf	___wmul@multiplier,f
  3607     122F  3EFF               	addlw	-1
  3608     1230  1D03               	skipz
  3609     1231  2A2C               	goto	u4515
  3610     1232                     l4073:
  3611     1232  0872               	movf	___wmul@multiplier,w
  3612     1233  0473               	iorwf	___wmul@multiplier+1,w
  3613     1234  1D03               	btfss	3,2
  3614     1235  2A37               	goto	u4521
  3615     1236  2A38               	goto	u4520
  3616     1237                     u4521:
  3617     1237  2A1A               	goto	l4067
  3618     1238                     u4520:
  3619     1238                     l4075:
  3620     1238  0877               	movf	___wmul@product+1,w
  3621     1239  00F3               	movwf	?___wmul+1
  3622     123A  0876               	movf	___wmul@product,w
  3623     123B  00F2               	movwf	?___wmul
  3624     123C                     l661:
  3625     123C  0008               	return
  3626     123D                     __end_of___wmul:
  3627                           
  3628                           	psect	text4
  3629     12B3                     __ptext4:	
  3630 ;; *************** function _read_digital_keypad *****************
  3631 ;; Defined at:
  3632 ;;		line 10 in file "digital_keypad.c"
  3633 ;; Parameters:    Size  Location     Type
  3634 ;;  mode            1    wreg     unsigned char 
  3635 ;; Auto vars:     Size  Location     Type
  3636 ;;  mode            1    3[COMMON] unsigned char 
  3637 ;; Return value:  Size  Location     Type
  3638 ;;                  1    wreg      unsigned char 
  3639 ;; Registers used:
  3640 ;;		wreg, status,2, status,0
  3641 ;; Tracked objects:
  3642 ;;		On entry : 0/0
  3643 ;;		On exit  : 0/0
  3644 ;;		Unchanged: 0/0
  3645 ;; Data sizes:     COMMON   BANK0   BANK1   BANK3   BANK2
  3646 ;;      Params:         0       0       0       0       0
  3647 ;;      Locals:         1       0       0       0       0
  3648 ;;      Temps:          1       0       0       0       0
  3649 ;;      Totals:         2       0       0       0       0
  3650 ;;Total ram usage:        2 bytes
  3651 ;; Hardware stack levels used: 1
  3652 ;; Hardware stack levels required when called: 1
  3653 ;; This function calls:
  3654 ;;		Nothing
  3655 ;; This function is called by:
  3656 ;;		_main
  3657 ;; This function uses a non-reentrant model
  3658 ;;
  3659                           
  3660     12B3                     _read_digital_keypad:	
  3661                           ;psect for function _read_digital_keypad
  3662                           
  3663                           
  3664                           ;incstack = 0
  3665                           ; Regs used in _read_digital_keypad: [wreg+status,2+status,0]
  3666                           ;read_digital_keypad@mode stored from wreg
  3667     12B3  00F3               	movwf	read_digital_keypad@mode
  3668     12B4                     l4447:
  3669                           
  3670                           ;digital_keypad.c: 10: unsigned char read_digital_keypad(unsigned char mode);digital_key
      +                          pad.c: 11: {;digital_keypad.c: 12:     static unsigned char once = 1;;digital_keypad.c: 
      +                          14:     if (mode == 0)
  3671     12B4  0873               	movf	read_digital_keypad@mode,w
  3672     12B5  1D03               	btfss	3,2
  3673     12B6  2AB8               	goto	u5381
  3674     12B7  2AB9               	goto	u5380
  3675     12B8                     u5381:
  3676     12B8  2ABE               	goto	l4455
  3677     12B9                     u5380:
  3678     12B9                     l4449:
  3679                           
  3680                           ;digital_keypad.c: 15:     {;digital_keypad.c: 16:         return PORTB & 0x3F;
  3681     12B9  1283               	bcf	3,5	;RP0=0, select bank0
  3682     12BA  1303               	bcf	3,6	;RP1=0, select bank0
  3683     12BB  0806               	movf	6,w	;volatile
  3684     12BC  393F               	andlw	63
  3685     12BD  2ADC               	goto	l88
  3686     12BE                     l4455:
  3687                           
  3688                           ;digital_keypad.c: 19:     {;digital_keypad.c: 20:         if (((PORTB & 0x3F) != 0x3F) 
      +                          && once)
  3689     12BE  303F               	movlw	63
  3690     12BF  1283               	bcf	3,5	;RP0=0, select bank0
  3691     12C0  1303               	bcf	3,6	;RP1=0, select bank0
  3692     12C1  0506               	andwf	6,w	;volatile
  3693     12C2  00F2               	movwf	??_read_digital_keypad
  3694     12C3  303F               	movlw	63
  3695     12C4  0672               	xorwf	??_read_digital_keypad,w
  3696     12C5  1903               	btfsc	3,2
  3697     12C6  2AC8               	goto	u5391
  3698     12C7  2AC9               	goto	u5390
  3699     12C8                     u5391:
  3700     12C8  2AD0               	goto	l4467
  3701     12C9                     u5390:
  3702     12C9                     l4457:
  3703     12C9  086F               	movf	read_digital_keypad@once,w
  3704     12CA  1903               	btfsc	3,2
  3705     12CB  2ACD               	goto	u5401
  3706     12CC  2ACE               	goto	u5400
  3707     12CD                     u5401:
  3708     12CD  2AD0               	goto	l4467
  3709     12CE                     u5400:
  3710     12CE                     l4459:
  3711                           
  3712                           ;digital_keypad.c: 21:         {;digital_keypad.c: 22:             once = 0;
  3713     12CE  01EF               	clrf	read_digital_keypad@once
  3714     12CF  2AB9               	goto	l4449
  3715     12D0                     l4467:
  3716     12D0  303F               	movlw	63
  3717     12D1  0506               	andwf	6,w	;volatile
  3718     12D2  00F2               	movwf	??_read_digital_keypad
  3719     12D3  303F               	movlw	63
  3720     12D4  0672               	xorwf	??_read_digital_keypad,w
  3721     12D5  1D03               	btfss	3,2
  3722     12D6  2AD8               	goto	u5411
  3723     12D7  2AD9               	goto	u5410
  3724     12D8                     u5411:
  3725     12D8  2ADB               	goto	l4471
  3726     12D9                     u5410:
  3727     12D9                     l4469:
  3728                           
  3729                           ;digital_keypad.c: 27:         {;digital_keypad.c: 28:             once = 1;
  3730     12D9  3001               	movlw	1
  3731     12DA  00EF               	movwf	read_digital_keypad@once
  3732     12DB                     l4471:
  3733                           
  3734                           ;digital_keypad.c: 32:     return 0x3F;
  3735     12DB  303F               	movlw	63
  3736     12DC                     l88:
  3737     12DC  0008               	return
  3738     12DD                     __end_of_read_digital_keypad:
  3739                           
  3740                           	psect	text5
  3741     0DEA                     __ptext5:	
  3742 ;; *************** function _login_screen *****************
  3743 ;; Defined at:
  3744 ;;		line 101 in file "dashboard.c"
  3745 ;; Parameters:    Size  Location     Type
  3746 ;;  key             1    wreg     unsigned char 
  3747 ;; Auto vars:     Size  Location     Type
  3748 ;;  key             1    2[BANK0 ] unsigned char 
  3749 ;;  rem_sec         2    5[BANK0 ] unsigned int 
  3750 ;;  elapsed         2    3[BANK0 ] unsigned int 
  3751 ;;  j               2    9[BANK0 ] int 
  3752 ;;  j               2    7[BANK0 ] int 
  3753 ;; Return value:  Size  Location     Type
  3754 ;;                  1    wreg      void 
  3755 ;; Registers used:
  3756 ;;		wreg, fsr0l, fsr0h, status,2, status,0, pclath, btemp1, cstack
  3757 ;; Tracked objects:
  3758 ;;		On entry : 0/0
  3759 ;;		On exit  : 0/0
  3760 ;;		Unchanged: 0/0
  3761 ;; Data sizes:     COMMON   BANK0   BANK1   BANK3   BANK2
  3762 ;;      Params:         0       0       0       0       0
  3763 ;;      Locals:         0       9       0       0       0
  3764 ;;      Temps:          0       2       0       0       0
  3765 ;;      Totals:         0      11       0       0       0
  3766 ;;Total ram usage:       11 bytes
  3767 ;; Hardware stack levels used: 1
  3768 ;; Hardware stack levels required when called: 2
  3769 ;; This function calls:
  3770 ;;		___lwdiv
  3771 ;;		___lwmod
  3772 ;;		_clcd_print
  3773 ;;		_clcd_putch
  3774 ;;		_clear_clcd
  3775 ;;		_strcmp
  3776 ;; This function is called by:
  3777 ;;		_main
  3778 ;; This function uses a non-reentrant model
  3779 ;;
  3780                           
  3781     0DEA                     _login_screen:	
  3782                           ;psect for function _login_screen
  3783                           
  3784                           
  3785                           ;incstack = 0
  3786                           ; Regs used in _login_screen: [wreg-fsr0h+status,2+status,0+pclath+btemp1+cstack]
  3787                           ;login_screen@key stored from wreg
  3788     0DEA  1283               	bcf	3,5	;RP0=0, select bank0
  3789     0DEB  1303               	bcf	3,6	;RP1=0, select bank0
  3790     0DEC  00A2               	movwf	login_screen@key
  3791     0DED                     l4521:
  3792                           
  3793                           ;dashboard.c: 101: void login_screen(unsigned char key);dashboard.c: 102: {;dashboard.c:
      +                           103:     if (field_index < 4)
  3794     0DED  3000               	movlw	0
  3795     0DEE  0263               	subwf	_field_index+1,w
  3796     0DEF  3004               	movlw	4
  3797     0DF0  1903               	skipnz
  3798     0DF1  0262               	subwf	_field_index,w
  3799     0DF2  1803               	skipnc
  3800     0DF3  2DF5               	goto	u5491
  3801     0DF4  2DF6               	goto	u5490
  3802     0DF5                     u5491:
  3803     0DF5  2E96               	goto	l4559
  3804     0DF6                     u5490:
  3805     0DF6                     l4523:
  3806                           
  3807                           ;dashboard.c: 104:     {;dashboard.c: 105:         clcd_print("Enter Password  ", (0x80 
      +                          + 0));
  3808     0DF6  304C               	movlw	low (STR_11| (0+32768))
  3809     0DF7  00F6               	movwf	clcd_print@str
  3810     0DF8  3084               	movlw	high (STR_11| (0+32768))
  3811     0DF9  00F7               	movwf	clcd_print@str+1
  3812     0DFA  3080               	movlw	128
  3813     0DFB  00F8               	movwf	clcd_print@addr
  3814     0DFC  160A  118A  2333  120A  158A  	fcall	_clcd_print
  3815                           
  3816                           ;dashboard.c: 106:         clcd_print("                ", (0xC0 + field_index+1));
  3817     0E01  30F7               	movlw	low (STR_12| (0+32768))
  3818     0E02  00F6               	movwf	clcd_print@str
  3819     0E03  3083               	movlw	high (STR_12| (0+32768))
  3820     0E04  00F7               	movwf	clcd_print@str+1
  3821     0E05  1283               	bcf	3,5	;RP0=0, select bank0
  3822     0E06  1303               	bcf	3,6	;RP1=0, select bank0
  3823     0E07  0862               	movf	_field_index,w
  3824     0E08  3EC1               	addlw	193
  3825     0E09  00F8               	movwf	clcd_print@addr
  3826     0E0A  160A  118A  2333  120A  158A  	fcall	_clcd_print
  3827     0E0F                     l4525:
  3828                           
  3829                           ;dashboard.c: 108:         if (sec % 2 == 0)
  3830     0E0F  1283               	bcf	3,5	;RP0=0, select bank0
  3831     0E10  1303               	bcf	3,6	;RP1=0, select bank0
  3832     0E11  185E               	btfsc	_sec,0
  3833     0E12  2E14               	goto	u5501
  3834     0E13  2E15               	goto	u5500
  3835     0E14                     u5501:
  3836     0E14  2E1F               	goto	l4529
  3837     0E15                     u5500:
  3838     0E15                     l4527:
  3839                           
  3840                           ;dashboard.c: 109:         {;dashboard.c: 110:             clcd_putch('_', (0xC0 + field
      +                          _index));
  3841     0E15  0862               	movf	_field_index,w
  3842     0E16  3EC0               	addlw	192
  3843     0E17  00F6               	movwf	clcd_putch@addr
  3844     0E18  305F               	movlw	95
  3845     0E19  120A  118A  22EF  120A  158A  	fcall	_clcd_putch
  3846                           
  3847                           ;dashboard.c: 111:         }
  3848     0E1E  2E28               	goto	l4531
  3849     0E1F                     l4529:
  3850                           
  3851                           ;dashboard.c: 113:         {;dashboard.c: 114:             clcd_putch(' ', (0xC0 + field
      +                          _index));
  3852     0E1F  0862               	movf	_field_index,w
  3853     0E20  3EC0               	addlw	192
  3854     0E21  00F6               	movwf	clcd_putch@addr
  3855     0E22  3020               	movlw	32
  3856     0E23  120A  118A  22EF  120A  158A  	fcall	_clcd_putch
  3857     0E28                     l4531:
  3858                           
  3859                           ;dashboard.c: 117:         if (key == 0x3E){
  3860     0E28  303E               	movlw	62
  3861     0E29  1283               	bcf	3,5	;RP0=0, select bank0
  3862     0E2A  1303               	bcf	3,6	;RP1=0, select bank0
  3863     0E2B  0622               	xorwf	login_screen@key,w
  3864     0E2C  1D03               	btfss	3,2
  3865     0E2D  2E2F               	goto	u5511
  3866     0E2E  2E30               	goto	u5510
  3867     0E2F                     u5511:
  3868     0E2F  2E63               	goto	l4545
  3869     0E30                     u5510:
  3870     0E30                     l4533:
  3871                           
  3872                           ;dashboard.c: 118:             userPass[field_index] = '1';
  3873     0E30  0862               	movf	_field_index,w
  3874     0E31  3EBD               	addlw	(low (_userPass| 0))& (0+255)
  3875     0E32  0084               	movwf	4
  3876     0E33  3031               	movlw	49
  3877     0E34  1383               	bcf	3,7	;select IRP bank1
  3878     0E35  0080               	movwf	0
  3879     0E36                     l4535:
  3880                           
  3881                           ;dashboard.c: 119:             for (int j = 0; j<field_index+1; j++){
  3882     0E36  01A7               	clrf	login_screen@j
  3883     0E37  01A8               	clrf	login_screen@j+1
  3884     0E38  2E4A               	goto	l4541
  3885     0E39                     l4537:
  3886                           
  3887                           ;dashboard.c: 120:                 clcd_putch('*', (0xC0 + j));
  3888     0E39  0827               	movf	login_screen@j,w
  3889     0E3A  3EC0               	addlw	192
  3890     0E3B  00F6               	movwf	clcd_putch@addr
  3891     0E3C  302A               	movlw	42
  3892     0E3D  120A  118A  22EF  120A  158A  	fcall	_clcd_putch
  3893     0E42                     l4539:
  3894                           
  3895                           ;dashboard.c: 121:             }
  3896     0E42  3001               	movlw	1
  3897     0E43  1283               	bcf	3,5	;RP0=0, select bank0
  3898     0E44  1303               	bcf	3,6	;RP1=0, select bank0
  3899     0E45  07A7               	addwf	login_screen@j,f
  3900     0E46  1803               	skipnc
  3901     0E47  0AA8               	incf	login_screen@j+1,f
  3902     0E48  3000               	movlw	0
  3903     0E49  07A8               	addwf	login_screen@j+1,f
  3904     0E4A                     l4541:
  3905     0E4A  0862               	movf	_field_index,w
  3906     0E4B  3E01               	addlw	1
  3907     0E4C  00A0               	movwf	??_login_screen
  3908     0E4D  0863               	movf	_field_index+1,w
  3909     0E4E  1803               	skipnc
  3910     0E4F  3E01               	addlw	1
  3911     0E50  3E00               	addlw	0
  3912     0E51  00A1               	movwf	??_login_screen+1
  3913     0E52  0821               	movf	??_login_screen+1,w
  3914     0E53  0228               	subwf	login_screen@j+1,w
  3915     0E54  1D03               	skipz
  3916     0E55  2E58               	goto	u5525
  3917     0E56  0820               	movf	??_login_screen,w
  3918     0E57  0227               	subwf	login_screen@j,w
  3919     0E58                     u5525:
  3920     0E58  1C03               	skipc
  3921     0E59  2E5B               	goto	u5521
  3922     0E5A  2E5C               	goto	u5520
  3923     0E5B                     u5521:
  3924     0E5B  2E39               	goto	l4537
  3925     0E5C                     u5520:
  3926     0E5C                     l4543:
  3927                           
  3928                           ;dashboard.c: 122:             field_index++;
  3929     0E5C  3001               	movlw	1
  3930     0E5D  07E2               	addwf	_field_index,f
  3931     0E5E  1803               	skipnc
  3932     0E5F  0AE3               	incf	_field_index+1,f
  3933     0E60  3000               	movlw	0
  3934     0E61  07E3               	addwf	_field_index+1,f
  3935                           
  3936                           ;dashboard.c: 123:         }
  3937     0E62  2FFF               	goto	l365
  3938     0E63                     l4545:
  3939     0E63  303D               	movlw	61
  3940     0E64  0622               	xorwf	login_screen@key,w
  3941     0E65  1D03               	btfss	3,2
  3942     0E66  2E68               	goto	u5531
  3943     0E67  2E69               	goto	u5530
  3944     0E68                     u5531:
  3945     0E68  2FFF               	goto	l365
  3946     0E69                     u5530:
  3947     0E69                     l4547:
  3948                           
  3949                           ;dashboard.c: 125:             userPass[field_index] = '0';
  3950     0E69  0862               	movf	_field_index,w
  3951     0E6A  3EBD               	addlw	(low (_userPass| 0))& (0+255)
  3952     0E6B  0084               	movwf	4
  3953     0E6C  3030               	movlw	48
  3954     0E6D  1383               	bcf	3,7	;select IRP bank1
  3955     0E6E  0080               	movwf	0
  3956     0E6F                     l4549:
  3957                           
  3958                           ;dashboard.c: 126:             for (int j = 0; j<field_index+1; j++){
  3959     0E6F  01A9               	clrf	login_screen@j_310
  3960     0E70  01AA               	clrf	login_screen@j_310+1
  3961     0E71  2E83               	goto	l4555
  3962     0E72                     l4551:
  3963                           
  3964                           ;dashboard.c: 127:                 clcd_putch('*', (0xC0 + j));
  3965     0E72  0829               	movf	login_screen@j_310,w
  3966     0E73  3EC0               	addlw	192
  3967     0E74  00F6               	movwf	clcd_putch@addr
  3968     0E75  302A               	movlw	42
  3969     0E76  120A  118A  22EF  120A  158A  	fcall	_clcd_putch
  3970     0E7B                     l4553:
  3971                           
  3972                           ;dashboard.c: 128:             }
  3973     0E7B  3001               	movlw	1
  3974     0E7C  1283               	bcf	3,5	;RP0=0, select bank0
  3975     0E7D  1303               	bcf	3,6	;RP1=0, select bank0
  3976     0E7E  07A9               	addwf	login_screen@j_310,f
  3977     0E7F  1803               	skipnc
  3978     0E80  0AAA               	incf	login_screen@j_310+1,f
  3979     0E81  3000               	movlw	0
  3980     0E82  07AA               	addwf	login_screen@j_310+1,f
  3981     0E83                     l4555:
  3982     0E83  0862               	movf	_field_index,w
  3983     0E84  3E01               	addlw	1
  3984     0E85  00A0               	movwf	??_login_screen
  3985     0E86  0863               	movf	_field_index+1,w
  3986     0E87  1803               	skipnc
  3987     0E88  3E01               	addlw	1
  3988     0E89  3E00               	addlw	0
  3989     0E8A  00A1               	movwf	??_login_screen+1
  3990     0E8B  0821               	movf	??_login_screen+1,w
  3991     0E8C  022A               	subwf	login_screen@j_310+1,w
  3992     0E8D  1D03               	skipz
  3993     0E8E  2E91               	goto	u5545
  3994     0E8F  0820               	movf	??_login_screen,w
  3995     0E90  0229               	subwf	login_screen@j_310,w
  3996     0E91                     u5545:
  3997     0E91  1C03               	skipc
  3998     0E92  2E94               	goto	u5541
  3999     0E93  2E95               	goto	u5540
  4000     0E94                     u5541:
  4001     0E94  2E72               	goto	l4551
  4002     0E95                     u5540:
  4003     0E95  2E5C               	goto	l4543
  4004     0E96                     l4559:
  4005                           
  4006                           ;dashboard.c: 134:     {;dashboard.c: 135:         attempt++;
  4007     0E96  3001               	movlw	1
  4008     0E97  07E0               	addwf	_attempt,f
  4009     0E98  1803               	skipnc
  4010     0E99  0AE1               	incf	_attempt+1,f
  4011     0E9A  3000               	movlw	0
  4012     0E9B  07E1               	addwf	_attempt+1,f
  4013     0E9C                     l4561:
  4014                           
  4015                           ;dashboard.c: 137:         userPass[4] = '\0';
  4016     0E9C  1683               	bsf	3,5	;RP0=1, select bank1
  4017     0E9D  1303               	bcf	3,6	;RP1=0, select bank1
  4018     0E9E  01C1               	clrf	(_userPass^(0+128)+4)
  4019     0E9F                     l4563:
  4020                           
  4021                           ;dashboard.c: 138:         if (!strcmp(Pass, userPass)){
  4022     0E9F  30E3               	movlw	(low (_Pass| 0))& (0+255)
  4023     0EA0  00F2               	movwf	strcmp@l
  4024     0EA1  30BD               	movlw	(low (_userPass| 0))& (0+255)
  4025     0EA2  00F3               	movwf	strcmp@r
  4026     0EA3  160A  118A  228B  120A  158A  	fcall	_strcmp
  4027     0EA8  0872               	movf	?_strcmp,w
  4028     0EA9  0473               	iorwf	?_strcmp+1,w
  4029     0EAA  1D03               	btfss	3,2
  4030     0EAB  2EAD               	goto	u5551
  4031     0EAC  2EAE               	goto	u5550
  4032     0EAD                     u5551:
  4033     0EAD  2ECE               	goto	l4569
  4034     0EAE                     u5550:
  4035     0EAE                     l4565:
  4036                           
  4037                           ;dashboard.c: 139:             clcd_print("Correct Password", (0x80 + 0));
  4038     0EAE  30D4               	movlw	low (STR_13| (0+32768))
  4039     0EAF  00F6               	movwf	clcd_print@str
  4040     0EB0  3084               	movlw	high (STR_13| (0+32768))
  4041     0EB1  00F7               	movwf	clcd_print@str+1
  4042     0EB2  3080               	movlw	128
  4043     0EB3  00F8               	movwf	clcd_print@addr
  4044     0EB4  160A  118A  2333  120A  158A  	fcall	_clcd_print
  4045                           
  4046                           ;dashboard.c: 140:             clcd_print("                ", (0xC0 + 0));
  4047     0EB9  30F7               	movlw	low (STR_12| (0+32768))
  4048     0EBA  00F6               	movwf	clcd_print@str
  4049     0EBB  3083               	movlw	high (STR_12| (0+32768))
  4050     0EBC  00F7               	movwf	clcd_print@str+1
  4051     0EBD  30C0               	movlw	192
  4052     0EBE  00F8               	movwf	clcd_print@addr
  4053     0EBF  160A  118A  2333  120A  158A  	fcall	_clcd_print
  4054     0EC4                     l4567:
  4055                           
  4056                           ;dashboard.c: 141:             operation = 2;
  4057     0EC4  3002               	movlw	2
  4058     0EC5  1283               	bcf	3,5	;RP0=0, select bank0
  4059     0EC6  1303               	bcf	3,6	;RP1=0, select bank0
  4060     0EC7  00EC               	movwf	_operation
  4061                           
  4062                           ;dashboard.c: 142:             clear_clcd();
  4063     0EC8  160A  118A  215A  120A  158A  	fcall	_clear_clcd
  4064                           
  4065                           ;dashboard.c: 144:         }
  4066     0ECD  2FFF               	goto	l365
  4067     0ECE                     l4569:
  4068                           
  4069                           ;dashboard.c: 146:         {;dashboard.c: 147:             if (attempt < TOTAl_ATTEMPTs)
  4070     0ECE  3000               	movlw	0
  4071     0ECF  1283               	bcf	3,5	;RP0=0, select bank0
  4072     0ED0  1303               	bcf	3,6	;RP1=0, select bank0
  4073     0ED1  0261               	subwf	_attempt+1,w
  4074     0ED2  3003               	movlw	3
  4075     0ED3  1903               	skipnz
  4076     0ED4  0260               	subwf	_attempt,w
  4077     0ED5  1803               	skipnc
  4078     0ED6  2ED8               	goto	u5561
  4079     0ED7  2ED9               	goto	u5560
  4080     0ED8                     u5561:
  4081     0ED8  2F5C               	goto	l4599
  4082     0ED9                     u5560:
  4083     0ED9                     l4571:
  4084                           
  4085                           ;dashboard.c: 148:             {;dashboard.c: 149:                 clcd_print("Wrong Pas
      +                          sword", (0x80 + 0));
  4086     0ED9  3005               	movlw	low (STR_15| (0+32768))
  4087     0EDA  00F6               	movwf	clcd_print@str
  4088     0EDB  3085               	movlw	high (STR_15| (0+32768))
  4089     0EDC  00F7               	movwf	clcd_print@str+1
  4090     0EDD  3080               	movlw	128
  4091     0EDE  00F8               	movwf	clcd_print@addr
  4092     0EDF  160A  118A  2333  120A  158A  	fcall	_clcd_print
  4093                           
  4094                           ;dashboard.c: 151:                 switch(attempt){
  4095     0EE4  2F09               	goto	l4581
  4096     0EE5                     l4573:
  4097                           
  4098                           ;dashboard.c: 154:                         clcd_print("Attempts rem. 2 ", (0xC0 + 0));
  4099     0EE5  307F               	movlw	low (STR_16| (0+32768))
  4100     0EE6  00F6               	movwf	clcd_print@str
  4101     0EE7  3084               	movlw	high (STR_16| (0+32768))
  4102     0EE8  00F7               	movwf	clcd_print@str+1
  4103     0EE9  30C0               	movlw	192
  4104     0EEA  00F8               	movwf	clcd_print@addr
  4105     0EEB  160A  118A  2333  120A  158A  	fcall	_clcd_print
  4106                           
  4107                           ;dashboard.c: 155:                         break;
  4108     0EF0  2F1B               	goto	l4583
  4109     0EF1                     l4575:
  4110                           
  4111                           ;dashboard.c: 157:                         clcd_print("Attempts rem. 1 ", (0xC0 + 0));
  4112     0EF1  306E               	movlw	low (STR_17| (0+32768))
  4113     0EF2  00F6               	movwf	clcd_print@str
  4114     0EF3  3084               	movlw	high (STR_17| (0+32768))
  4115     0EF4  00F7               	movwf	clcd_print@str+1
  4116     0EF5  30C0               	movlw	192
  4117     0EF6  00F8               	movwf	clcd_print@addr
  4118     0EF7  160A  118A  2333  120A  158A  	fcall	_clcd_print
  4119                           
  4120                           ;dashboard.c: 158:                         break;
  4121     0EFC  2F1B               	goto	l4583
  4122     0EFD                     l4577:
  4123                           
  4124                           ;dashboard.c: 160:                         clcd_print("Attempts rem. 0 ", (0xC0 + 0));
  4125     0EFD  305D               	movlw	low (STR_18| (0+32768))
  4126     0EFE  00F6               	movwf	clcd_print@str
  4127     0EFF  3084               	movlw	high (STR_18| (0+32768))
  4128     0F00  00F7               	movwf	clcd_print@str+1
  4129     0F01  30C0               	movlw	192
  4130     0F02  00F8               	movwf	clcd_print@addr
  4131     0F03  160A  118A  2333  120A  158A  	fcall	_clcd_print
  4132                           
  4133                           ;dashboard.c: 161:                         break;
  4134     0F08  2F1B               	goto	l4583
  4135     0F09                     l4581:
  4136                           
  4137                           ; Switch on 2 bytes has been partitioned into a top level switch of size 1, and 1 sub-sw
      +                          itches
  4138                           ; Switch size 1, requested type "simple"
  4139                           ; Number of cases is 1, Range of values is 0 to 0
  4140                           ; switch strategies available:
  4141                           ; Name         Instructions Cycles
  4142                           ; simple_byte            4     3 (average)
  4143                           ; direct_byte           11     8 (fixed)
  4144                           ; jumptable            260     6 (fixed)
  4145                           ;	Chosen strategy is simple_byte
  4146     0F09  1283               	bcf	3,5	;RP0=0, select bank0
  4147     0F0A  1303               	bcf	3,6	;RP1=0, select bank0
  4148     0F0B  0861               	movf	_attempt+1,w
  4149     0F0C  3A00               	xorlw	0	; case 0
  4150     0F0D  1903               	skipnz
  4151     0F0E  2F10               	goto	l5077
  4152     0F0F  2F1B               	goto	l4583
  4153     0F10                     l5077:
  4154                           
  4155                           ; Switch size 1, requested type "simple"
  4156                           ; Number of cases is 3, Range of values is 1 to 3
  4157                           ; switch strategies available:
  4158                           ; Name         Instructions Cycles
  4159                           ; simple_byte           10     6 (average)
  4160                           ; direct_byte           20    11 (fixed)
  4161                           ; jumptable            263     9 (fixed)
  4162                           ;	Chosen strategy is simple_byte
  4163     0F10  0860               	movf	_attempt,w
  4164     0F11  3A01               	xorlw	1	; case 1
  4165     0F12  1903               	skipnz
  4166     0F13  2EE5               	goto	l4573
  4167     0F14  3A03               	xorlw	3	; case 2
  4168     0F15  1903               	skipnz
  4169     0F16  2EF1               	goto	l4575
  4170     0F17  3A01               	xorlw	1	; case 3
  4171     0F18  1903               	skipnz
  4172     0F19  2EFD               	goto	l4577
  4173     0F1A  2F1B               	goto	l4583
  4174     0F1B                     l4583:
  4175                           
  4176                           ;dashboard.c: 164:                 for (delay = 0; delay < 200000; delay++);
  4177     0F1B  3000               	movlw	0
  4178     0F1C  1283               	bcf	3,5	;RP0=0, select bank0
  4179     0F1D  1303               	bcf	3,6	;RP1=0, select bank0
  4180     0F1E  00D7               	movwf	_delay+3
  4181     0F1F  3000               	movlw	0
  4182     0F20  00D6               	movwf	_delay+2
  4183     0F21  3000               	movlw	0
  4184     0F22  00D5               	movwf	_delay+1
  4185     0F23  3000               	movlw	0
  4186     0F24  00D4               	movwf	_delay
  4187     0F25                     l4585:
  4188     0F25  0857               	movf	_delay+3,w
  4189     0F26  1D03               	btfss	3,2
  4190     0F27  2F38               	goto	u5570
  4191     0F28  3003               	movlw	3
  4192     0F29  0256               	subwf	_delay+2,w
  4193     0F2A  1D03               	skipz
  4194     0F2B  2F34               	goto	u5573
  4195     0F2C  300D               	movlw	13
  4196     0F2D  0255               	subwf	_delay+1,w
  4197     0F2E  1D03               	skipz
  4198     0F2F  2F34               	goto	u5573
  4199     0F30  3040               	movlw	64
  4200     0F31  0254               	subwf	_delay,w
  4201     0F32  1D03               	skipz
  4202     0F33  2F34               	goto	u5573
  4203     0F34                     u5573:
  4204     0F34  1C03               	btfss	3,0
  4205     0F35  2F37               	goto	u5571
  4206     0F36  2F38               	goto	u5570
  4207     0F37                     u5571:
  4208     0F37  2F39               	goto	l4589
  4209     0F38                     u5570:
  4210     0F38  2F4A               	goto	l4593
  4211     0F39                     l4589:
  4212     0F39  3001               	movlw	1
  4213     0F3A  1283               	bcf	3,5	;RP0=0, select bank0
  4214     0F3B  1303               	bcf	3,6	;RP1=0, select bank0
  4215     0F3C  07D4               	addwf	_delay,f
  4216     0F3D  3000               	movlw	0
  4217     0F3E  1803               	skipnc
  4218     0F3F  3001               	movlw	1
  4219     0F40  07D5               	addwf	_delay+1,f
  4220     0F41  3000               	movlw	0
  4221     0F42  1803               	skipnc
  4222     0F43  3001               	movlw	1
  4223     0F44  07D6               	addwf	_delay+2,f
  4224     0F45  3000               	movlw	0
  4225     0F46  1803               	skipnc
  4226     0F47  3001               	movlw	1
  4227     0F48  07D7               	addwf	_delay+3,f
  4228     0F49  2F25               	goto	l4585
  4229     0F4A                     l4593:
  4230                           
  4231                           ;dashboard.c: 165:                 delay = 0;
  4232     0F4A  3000               	movlw	0
  4233     0F4B  1283               	bcf	3,5	;RP0=0, select bank0
  4234     0F4C  1303               	bcf	3,6	;RP1=0, select bank0
  4235     0F4D  00D7               	movwf	_delay+3
  4236     0F4E  3000               	movlw	0
  4237     0F4F  00D6               	movwf	_delay+2
  4238     0F50  3000               	movlw	0
  4239     0F51  00D5               	movwf	_delay+1
  4240     0F52  3000               	movlw	0
  4241     0F53  00D4               	movwf	_delay
  4242     0F54                     l4595:
  4243                           
  4244                           ;dashboard.c: 166:                 field_index = 0;
  4245     0F54  01E2               	clrf	_field_index
  4246     0F55  01E3               	clrf	_field_index+1
  4247     0F56                     l4597:
  4248                           
  4249                           ;dashboard.c: 167:                 clear_clcd();
  4250     0F56  160A  118A  215A  120A  158A  	fcall	_clear_clcd
  4251                           
  4252                           ;dashboard.c: 169:             }
  4253     0F5B  2F76               	goto	l4607
  4254     0F5C                     l4599:
  4255     0F5C  3000               	movlw	0
  4256     0F5D  0261               	subwf	_attempt+1,w
  4257     0F5E  3003               	movlw	3
  4258     0F5F  1903               	skipnz
  4259     0F60  0260               	subwf	_attempt,w
  4260     0F61  1C03               	skipc
  4261     0F62  2F64               	goto	u5581
  4262     0F63  2F65               	goto	u5580
  4263     0F64                     u5581:
  4264     0F64  2F76               	goto	l4607
  4265     0F65                     u5580:
  4266     0F65                     l4601:
  4267     0F65  086D               	movf	_blocked,w
  4268     0F66  1D03               	btfss	3,2
  4269     0F67  2F69               	goto	u5591
  4270     0F68  2F6A               	goto	u5590
  4271     0F69                     u5591:
  4272     0F69  2F76               	goto	l4607
  4273     0F6A                     u5590:
  4274     0F6A                     l4603:
  4275                           
  4276                           ;dashboard.c: 171:             {;dashboard.c: 172:                 blocked = 1;
  4277     0F6A  3001               	movlw	1
  4278     0F6B  00ED               	movwf	_blocked
  4279     0F6C                     l4605:
  4280                           
  4281                           ;dashboard.c: 173:                 block_start_sec = sec;
  4282     0F6C  085F               	movf	_sec+1,w
  4283     0F6D  1683               	bsf	3,5	;RP0=1, select bank1
  4284     0F6E  1303               	bcf	3,6	;RP1=0, select bank1
  4285     0F6F  00A1               	movwf	(_block_start_sec+1)^(0+128)
  4286     0F70  1283               	bcf	3,5	;RP0=0, select bank0
  4287     0F71  1303               	bcf	3,6	;RP1=0, select bank0
  4288     0F72  085E               	movf	_sec,w
  4289     0F73  1683               	bsf	3,5	;RP0=1, select bank1
  4290     0F74  1303               	bcf	3,6	;RP1=0, select bank1
  4291     0F75  00A0               	movwf	_block_start_sec^(0+128)
  4292     0F76                     l4607:
  4293                           
  4294                           ;dashboard.c: 177:             if (blocked)
  4295     0F76  1283               	bcf	3,5	;RP0=0, select bank0
  4296     0F77  1303               	bcf	3,6	;RP1=0, select bank0
  4297     0F78  086D               	movf	_blocked,w
  4298     0F79  1903               	btfsc	3,2
  4299     0F7A  2F7C               	goto	u5601
  4300     0F7B  2F7D               	goto	u5600
  4301     0F7C                     u5601:
  4302     0F7C  2FFF               	goto	l365
  4303     0F7D                     u5600:
  4304     0F7D                     l4609:
  4305                           
  4306                           ;dashboard.c: 178:             {;dashboard.c: 179:                 unsigned int elapsed 
      +                          = sec - block_start_sec;
  4307     0F7D  1683               	bsf	3,5	;RP0=1, select bank1
  4308     0F7E  1303               	bcf	3,6	;RP1=0, select bank1
  4309     0F7F  0820               	movf	_block_start_sec^(0+128),w
  4310     0F80  1283               	bcf	3,5	;RP0=0, select bank0
  4311     0F81  1303               	bcf	3,6	;RP1=0, select bank0
  4312     0F82  025E               	subwf	_sec,w
  4313     0F83  00A3               	movwf	login_screen@elapsed
  4314     0F84  1683               	bsf	3,5	;RP0=1, select bank1
  4315     0F85  1303               	bcf	3,6	;RP1=0, select bank1
  4316     0F86  0821               	movf	(_block_start_sec+1)^(0+128),w
  4317     0F87  1C03               	skipc
  4318     0F88  0A21               	incf	(_block_start_sec+1)^(0+128),w
  4319     0F89  1283               	bcf	3,5	;RP0=0, select bank0
  4320     0F8A  1303               	bcf	3,6	;RP1=0, select bank0
  4321     0F8B  025F               	subwf	_sec+1,w
  4322     0F8C  00A4               	movwf	login_screen@elapsed+1
  4323     0F8D                     l4611:
  4324                           
  4325                           ;dashboard.c: 181:                 if (elapsed < 30){
  4326     0F8D  3000               	movlw	0
  4327     0F8E  0224               	subwf	login_screen@elapsed+1,w
  4328     0F8F  301E               	movlw	30
  4329     0F90  1903               	skipnz
  4330     0F91  0223               	subwf	login_screen@elapsed,w
  4331     0F92  1803               	skipnc
  4332     0F93  2F95               	goto	u5611
  4333     0F94  2F96               	goto	u5610
  4334     0F95                     u5611:
  4335     0F95  2FF3               	goto	l4629
  4336     0F96                     u5610:
  4337     0F96                     l4613:
  4338                           
  4339                           ;dashboard.c: 183:                     unsigned int rem_sec = 29 - elapsed;
  4340     0F96  301D               	movlw	29
  4341     0F97  00A0               	movwf	??_login_screen
  4342     0F98  0823               	movf	login_screen@elapsed,w
  4343     0F99  0220               	subwf	??_login_screen,w
  4344     0F9A  00A5               	movwf	login_screen@rem_sec
  4345     0F9B  0924               	comf	login_screen@elapsed+1,w
  4346     0F9C  1803               	skipnc
  4347     0F9D  3E01               	addlw	1
  4348     0F9E  00A6               	movwf	login_screen@rem_sec+1
  4349     0F9F                     l4615:
  4350                           
  4351                           ;dashboard.c: 184:                     rem_time_sec[0] = (rem_sec / 10) + '0';
  4352     0F9F  300A               	movlw	10
  4353     0FA0  00F2               	movwf	___lwdiv@divisor
  4354     0FA1  3000               	movlw	0
  4355     0FA2  00F3               	movwf	___lwdiv@divisor+1
  4356     0FA3  0826               	movf	login_screen@rem_sec+1,w
  4357     0FA4  00F5               	movwf	___lwdiv@dividend+1
  4358     0FA5  0825               	movf	login_screen@rem_sec,w
  4359     0FA6  00F4               	movwf	___lwdiv@dividend
  4360     0FA7  120A  118A  22AD  120A  158A  	fcall	___lwdiv
  4361     0FAC  0872               	movf	?___lwdiv,w
  4362     0FAD  3E30               	addlw	48
  4363     0FAE  1683               	bsf	3,5	;RP0=1, select bank1
  4364     0FAF  1303               	bcf	3,6	;RP1=0, select bank1
  4365     0FB0  00E8               	movwf	_rem_time_sec^(0+128)
  4366     0FB1                     l4617:
  4367                           
  4368                           ;dashboard.c: 185:                     rem_time_sec[1] = (rem_sec % 10) + '0';
  4369     0FB1  300A               	movlw	10
  4370     0FB2  00F2               	movwf	___lwmod@divisor
  4371     0FB3  3000               	movlw	0
  4372     0FB4  00F3               	movwf	___lwmod@divisor+1
  4373     0FB5  1283               	bcf	3,5	;RP0=0, select bank0
  4374     0FB6  1303               	bcf	3,6	;RP1=0, select bank0
  4375     0FB7  0826               	movf	login_screen@rem_sec+1,w
  4376     0FB8  00F5               	movwf	___lwmod@dividend+1
  4377     0FB9  0825               	movf	login_screen@rem_sec,w
  4378     0FBA  00F4               	movwf	___lwmod@dividend
  4379     0FBB  160A  118A  242B  120A  158A  	fcall	___lwmod
  4380     0FC0  0872               	movf	?___lwmod,w
  4381     0FC1  3E30               	addlw	48
  4382     0FC2  1683               	bsf	3,5	;RP0=1, select bank1
  4383     0FC3  1303               	bcf	3,6	;RP1=0, select bank1
  4384     0FC4  00E9               	movwf	(_rem_time_sec^(0+128)+1)
  4385     0FC5                     l4619:
  4386                           
  4387                           ;dashboard.c: 186:                     rem_time_sec[2] = '\0';
  4388     0FC5  01EA               	clrf	(_rem_time_sec^(0+128)+2)
  4389     0FC6                     l4621:
  4390                           
  4391                           ;dashboard.c: 188:                     clcd_print("USER BLOCKED!   ", (0x80 + 0));
  4392     0FC6  303B               	movlw	low (STR_19| (0+32768))
  4393     0FC7  00F6               	movwf	clcd_print@str
  4394     0FC8  3084               	movlw	high (STR_19| (0+32768))
  4395     0FC9  00F7               	movwf	clcd_print@str+1
  4396     0FCA  3080               	movlw	128
  4397     0FCB  00F8               	movwf	clcd_print@addr
  4398     0FCC  160A  118A  2333  120A  158A  	fcall	_clcd_print
  4399     0FD1                     l4623:
  4400                           
  4401                           ;dashboard.c: 189:                     clcd_print("Wait ", (0xC0 + 0));
  4402     0FD1  3014               	movlw	low (STR_20| (0+32768))
  4403     0FD2  00F6               	movwf	clcd_print@str
  4404     0FD3  3085               	movlw	high (STR_20| (0+32768))
  4405     0FD4  00F7               	movwf	clcd_print@str+1
  4406     0FD5  30C0               	movlw	192
  4407     0FD6  00F8               	movwf	clcd_print@addr
  4408     0FD7  160A  118A  2333  120A  158A  	fcall	_clcd_print
  4409     0FDC                     l4625:
  4410                           
  4411                           ;dashboard.c: 190:                     clcd_print(rem_time_sec, (0xC0 + 5));
  4412     0FDC  30E8               	movlw	(low (_rem_time_sec| 0))& (0+255)
  4413     0FDD  00F6               	movwf	clcd_print@str
  4414     0FDE  3000               	movlw	0
  4415     0FDF  00F7               	movwf	clcd_print@str+1
  4416     0FE0  30C5               	movlw	197
  4417     0FE1  00F8               	movwf	clcd_print@addr
  4418     0FE2  160A  118A  2333  120A  158A  	fcall	_clcd_print
  4419     0FE7                     l4627:
  4420                           
  4421                           ;dashboard.c: 191:                     clcd_print(" sec          ", (0xC0 + 7));
  4422     0FE7  30F6               	movlw	low (STR_21| (0+32768))
  4423     0FE8  00F6               	movwf	clcd_print@str
  4424     0FE9  3084               	movlw	high (STR_21| (0+32768))
  4425     0FEA  00F7               	movwf	clcd_print@str+1
  4426     0FEB  30C7               	movlw	199
  4427     0FEC  00F8               	movwf	clcd_print@addr
  4428     0FED  160A  118A  2333  120A  158A  	fcall	_clcd_print
  4429                           
  4430                           ;dashboard.c: 192:                 }
  4431     0FF2  2FFF               	goto	l365
  4432     0FF3                     l4629:
  4433                           
  4434                           ;dashboard.c: 195:                     blocked = 0;
  4435     0FF3  01ED               	clrf	_blocked
  4436                           
  4437                           ;dashboard.c: 196:                     attempt = 0;
  4438     0FF4  01E0               	clrf	_attempt
  4439     0FF5  01E1               	clrf	_attempt+1
  4440                           
  4441                           ;dashboard.c: 197:                     field_index = 0;
  4442     0FF6  01E2               	clrf	_field_index
  4443     0FF7  01E3               	clrf	_field_index+1
  4444                           
  4445                           ;dashboard.c: 198:                     operation = 0;
  4446     0FF8  01EC               	clrf	_operation
  4447                           
  4448                           ;dashboard.c: 199:                     pos = 0;
  4449     0FF9  01EA               	clrf	_pos
  4450     0FFA                     l4631:
  4451                           
  4452                           ;dashboard.c: 200:                     clear_clcd();
  4453     0FFA  160A  118A  215A  120A  158A  	fcall	_clear_clcd
  4454     0FFF                     l365:
  4455     0FFF  0008               	return
  4456     1000                     __end_of_login_screen:
  4457                           
  4458                           	psect	text6
  4459     142B                     __ptext6:	
  4460 ;; *************** function ___lwmod *****************
  4461 ;; Defined at:
  4462 ;;		line 5 in file "C:\Program Files\Microchip\xc8\v3.10\pic\sources\c99\common\lwmod.c"
  4463 ;; Parameters:    Size  Location     Type
  4464 ;;  divisor         2    2[COMMON] unsigned int 
  4465 ;;  dividend        2    4[COMMON] unsigned int 
  4466 ;; Auto vars:     Size  Location     Type
  4467 ;;  counter         1    6[COMMON] unsigned char 
  4468 ;; Return value:  Size  Location     Type
  4469 ;;                  2    2[COMMON] unsigned int 
  4470 ;; Registers used:
  4471 ;;		wreg, status,2, status,0
  4472 ;; Tracked objects:
  4473 ;;		On entry : 0/0
  4474 ;;		On exit  : 0/0
  4475 ;;		Unchanged: 0/0
  4476 ;; Data sizes:     COMMON   BANK0   BANK1   BANK3   BANK2
  4477 ;;      Params:         4       0       0       0       0
  4478 ;;      Locals:         1       0       0       0       0
  4479 ;;      Temps:          0       0       0       0       0
  4480 ;;      Totals:         5       0       0       0       0
  4481 ;;Total ram usage:        5 bytes
  4482 ;; Hardware stack levels used: 1
  4483 ;; Hardware stack levels required when called: 1
  4484 ;; This function calls:
  4485 ;;		Nothing
  4486 ;; This function is called by:
  4487 ;;		_login_screen
  4488 ;; This function uses a non-reentrant model
  4489 ;;
  4490                           
  4491     142B                     ___lwmod:	
  4492                           ;psect for function ___lwmod
  4493                           
  4494     142B                     l4223:	
  4495                           ;incstack = 0
  4496                           ; Regs used in ___lwmod: [wreg+status,2+status,0]
  4497                           
  4498     142B  0872               	movf	___lwmod@divisor,w
  4499     142C  0473               	iorwf	___lwmod@divisor+1,w
  4500     142D  1903               	btfsc	3,2
  4501     142E  2C30               	goto	u4891
  4502     142F  2C31               	goto	u4890
  4503     1430                     u4891:
  4504     1430  2C5E               	goto	l4241
  4505     1431                     u4890:
  4506     1431                     l4225:
  4507     1431  3001               	movlw	1
  4508     1432  00F6               	movwf	___lwmod@counter
  4509     1433  2C3D               	goto	l4231
  4510     1434                     l4227:
  4511     1434  3001               	movlw	1
  4512     1435                     u4905:
  4513     1435  1003               	clrc
  4514     1436  0DF2               	rlf	___lwmod@divisor,f
  4515     1437  0DF3               	rlf	___lwmod@divisor+1,f
  4516     1438  3EFF               	addlw	-1
  4517     1439  1D03               	skipz
  4518     143A  2C35               	goto	u4905
  4519     143B                     l4229:
  4520     143B  3001               	movlw	1
  4521     143C  07F6               	addwf	___lwmod@counter,f
  4522     143D                     l4231:
  4523     143D  1FF3               	btfss	___lwmod@divisor+1,7
  4524     143E  2C40               	goto	u4911
  4525     143F  2C41               	goto	u4910
  4526     1440                     u4911:
  4527     1440  2C34               	goto	l4227
  4528     1441                     u4910:
  4529     1441                     l4233:
  4530     1441  0873               	movf	___lwmod@divisor+1,w
  4531     1442  0275               	subwf	___lwmod@dividend+1,w
  4532     1443  1D03               	skipz
  4533     1444  2C47               	goto	u4925
  4534     1445  0872               	movf	___lwmod@divisor,w
  4535     1446  0274               	subwf	___lwmod@dividend,w
  4536     1447                     u4925:
  4537     1447  1C03               	skipc
  4538     1448  2C4A               	goto	u4921
  4539     1449  2C4B               	goto	u4920
  4540     144A                     u4921:
  4541     144A  2C51               	goto	l4237
  4542     144B                     u4920:
  4543     144B                     l4235:
  4544     144B  0872               	movf	___lwmod@divisor,w
  4545     144C  02F4               	subwf	___lwmod@dividend,f
  4546     144D  0873               	movf	___lwmod@divisor+1,w
  4547     144E  1C03               	skipc
  4548     144F  03F5               	decf	___lwmod@dividend+1,f
  4549     1450  02F5               	subwf	___lwmod@dividend+1,f
  4550     1451                     l4237:
  4551     1451  3001               	movlw	1
  4552     1452                     u4935:
  4553     1452  1003               	clrc
  4554     1453  0CF3               	rrf	___lwmod@divisor+1,f
  4555     1454  0CF2               	rrf	___lwmod@divisor,f
  4556     1455  3EFF               	addlw	-1
  4557     1456  1D03               	skipz
  4558     1457  2C52               	goto	u4935
  4559     1458                     l4239:
  4560     1458  3001               	movlw	1
  4561     1459  02F6               	subwf	___lwmod@counter,f
  4562     145A  1D03               	btfss	3,2
  4563     145B  2C5D               	goto	u4941
  4564     145C  2C5E               	goto	u4940
  4565     145D                     u4941:
  4566     145D  2C41               	goto	l4233
  4567     145E                     u4940:
  4568     145E                     l4241:
  4569     145E  0875               	movf	___lwmod@dividend+1,w
  4570     145F  00F3               	movwf	?___lwmod+1
  4571     1460  0874               	movf	___lwmod@dividend,w
  4572     1461  00F2               	movwf	?___lwmod
  4573     1462                     l949:
  4574     1462  0008               	return
  4575     1463                     __end_of___lwmod:
  4576                           
  4577                           	psect	text7
  4578     02AD                     __ptext7:	
  4579 ;; *************** function ___lwdiv *****************
  4580 ;; Defined at:
  4581 ;;		line 5 in file "C:\Program Files\Microchip\xc8\v3.10\pic\sources\c99\common\lwdiv.c"
  4582 ;; Parameters:    Size  Location     Type
  4583 ;;  divisor         2    2[COMMON] unsigned int 
  4584 ;;  dividend        2    4[COMMON] unsigned int 
  4585 ;; Auto vars:     Size  Location     Type
  4586 ;;  quotient        2    7[COMMON] unsigned int 
  4587 ;;  counter         1    6[COMMON] unsigned char 
  4588 ;; Return value:  Size  Location     Type
  4589 ;;                  2    2[COMMON] unsigned int 
  4590 ;; Registers used:
  4591 ;;		wreg, status,2, status,0
  4592 ;; Tracked objects:
  4593 ;;		On entry : 0/0
  4594 ;;		On exit  : 0/0
  4595 ;;		Unchanged: 0/0
  4596 ;; Data sizes:     COMMON   BANK0   BANK1   BANK3   BANK2
  4597 ;;      Params:         4       0       0       0       0
  4598 ;;      Locals:         3       0       0       0       0
  4599 ;;      Temps:          0       0       0       0       0
  4600 ;;      Totals:         7       0       0       0       0
  4601 ;;Total ram usage:        7 bytes
  4602 ;; Hardware stack levels used: 1
  4603 ;; Hardware stack levels required when called: 1
  4604 ;; This function calls:
  4605 ;;		Nothing
  4606 ;; This function is called by:
  4607 ;;		_login_screen
  4608 ;; This function uses a non-reentrant model
  4609 ;;
  4610                           
  4611     02AD                     ___lwdiv:	
  4612                           ;psect for function ___lwdiv
  4613                           
  4614     02AD                     l4197:	
  4615                           ;incstack = 0
  4616                           ; Regs used in ___lwdiv: [wreg+status,2+status,0]
  4617                           
  4618     02AD  01F7               	clrf	___lwdiv@quotient
  4619     02AE  01F8               	clrf	___lwdiv@quotient+1
  4620     02AF                     l4199:
  4621     02AF  0872               	movf	___lwdiv@divisor,w
  4622     02B0  0473               	iorwf	___lwdiv@divisor+1,w
  4623     02B1  1903               	btfsc	3,2
  4624     02B2  2AB4               	goto	u4821
  4625     02B3  2AB5               	goto	u4820
  4626     02B4                     u4821:
  4627     02B4  2AEA               	goto	l4219
  4628     02B5                     u4820:
  4629     02B5                     l4201:
  4630     02B5  3001               	movlw	1
  4631     02B6  00F6               	movwf	___lwdiv@counter
  4632     02B7  2AC1               	goto	l4207
  4633     02B8                     l4203:
  4634     02B8  3001               	movlw	1
  4635     02B9                     u4835:
  4636     02B9  1003               	clrc
  4637     02BA  0DF2               	rlf	___lwdiv@divisor,f
  4638     02BB  0DF3               	rlf	___lwdiv@divisor+1,f
  4639     02BC  3EFF               	addlw	-1
  4640     02BD  1D03               	skipz
  4641     02BE  2AB9               	goto	u4835
  4642     02BF                     l4205:
  4643     02BF  3001               	movlw	1
  4644     02C0  07F6               	addwf	___lwdiv@counter,f
  4645     02C1                     l4207:
  4646     02C1  1FF3               	btfss	___lwdiv@divisor+1,7
  4647     02C2  2AC4               	goto	u4841
  4648     02C3  2AC5               	goto	u4840
  4649     02C4                     u4841:
  4650     02C4  2AB8               	goto	l4203
  4651     02C5                     u4840:
  4652     02C5                     l4209:
  4653     02C5  3001               	movlw	1
  4654     02C6                     u4855:
  4655     02C6  1003               	clrc
  4656     02C7  0DF7               	rlf	___lwdiv@quotient,f
  4657     02C8  0DF8               	rlf	___lwdiv@quotient+1,f
  4658     02C9  3EFF               	addlw	-1
  4659     02CA  1D03               	skipz
  4660     02CB  2AC6               	goto	u4855
  4661     02CC  0873               	movf	___lwdiv@divisor+1,w
  4662     02CD  0275               	subwf	___lwdiv@dividend+1,w
  4663     02CE  1D03               	skipz
  4664     02CF  2AD2               	goto	u4865
  4665     02D0  0872               	movf	___lwdiv@divisor,w
  4666     02D1  0274               	subwf	___lwdiv@dividend,w
  4667     02D2                     u4865:
  4668     02D2  1C03               	skipc
  4669     02D3  2AD5               	goto	u4861
  4670     02D4  2AD6               	goto	u4860
  4671     02D5                     u4861:
  4672     02D5  2ADD               	goto	l4215
  4673     02D6                     u4860:
  4674     02D6                     l4211:
  4675     02D6  0872               	movf	___lwdiv@divisor,w
  4676     02D7  02F4               	subwf	___lwdiv@dividend,f
  4677     02D8  0873               	movf	___lwdiv@divisor+1,w
  4678     02D9  1C03               	skipc
  4679     02DA  03F5               	decf	___lwdiv@dividend+1,f
  4680     02DB  02F5               	subwf	___lwdiv@dividend+1,f
  4681     02DC                     l4213:
  4682     02DC  1477               	bsf	___lwdiv@quotient,0
  4683     02DD                     l4215:
  4684     02DD  3001               	movlw	1
  4685     02DE                     u4875:
  4686     02DE  1003               	clrc
  4687     02DF  0CF3               	rrf	___lwdiv@divisor+1,f
  4688     02E0  0CF2               	rrf	___lwdiv@divisor,f
  4689     02E1  3EFF               	addlw	-1
  4690     02E2  1D03               	skipz
  4691     02E3  2ADE               	goto	u4875
  4692     02E4                     l4217:
  4693     02E4  3001               	movlw	1
  4694     02E5  02F6               	subwf	___lwdiv@counter,f
  4695     02E6  1D03               	btfss	3,2
  4696     02E7  2AE9               	goto	u4881
  4697     02E8  2AEA               	goto	u4880
  4698     02E9                     u4881:
  4699     02E9  2AC5               	goto	l4209
  4700     02EA                     u4880:
  4701     02EA                     l4219:
  4702     02EA  0878               	movf	___lwdiv@quotient+1,w
  4703     02EB  00F3               	movwf	?___lwdiv+1
  4704     02EC  0877               	movf	___lwdiv@quotient,w
  4705     02ED  00F2               	movwf	?___lwdiv
  4706     02EE                     l939:
  4707     02EE  0008               	return
  4708     02EF                     __end_of___lwdiv:
  4709                           
  4710                           	psect	text8
  4711     1463                     __ptext8:	
  4712 ;; *************** function _init_config *****************
  4713 ;; Defined at:
  4714 ;;		line 17 in file "main.c"
  4715 ;; Parameters:    Size  Location     Type
  4716 ;;		None
  4717 ;; Auto vars:     Size  Location     Type
  4718 ;;		None
  4719 ;; Return value:  Size  Location     Type
  4720 ;;                  1    wreg      void 
  4721 ;; Registers used:
  4722 ;;		wreg, fsr0l, fsr0h, status,2, status,0, pclath, btemp1, cstack
  4723 ;; Tracked objects:
  4724 ;;		On entry : 0/0
  4725 ;;		On exit  : 0/0
  4726 ;;		Unchanged: 0/0
  4727 ;; Data sizes:     COMMON   BANK0   BANK1   BANK3   BANK2
  4728 ;;      Params:         0       0       0       0       0
  4729 ;;      Locals:         0       0       0       0       0
  4730 ;;      Temps:          0       0       0       0       0
  4731 ;;      Totals:         0       0       0       0       0
  4732 ;;Total ram usage:        0 bytes
  4733 ;; Hardware stack levels used: 1
  4734 ;; Hardware stack levels required when called: 4
  4735 ;; This function calls:
  4736 ;;		_init_adc
  4737 ;;		_init_clcd
  4738 ;;		_init_digital_keypad
  4739 ;;		_init_ds1307
  4740 ;;		_init_i2c
  4741 ;;		_init_timer0
  4742 ;;		_init_uart
  4743 ;;		_puts
  4744 ;; This function is called by:
  4745 ;;		_main
  4746 ;; This function uses a non-reentrant model
  4747 ;;
  4748                           
  4749     1463                     _init_config:	
  4750                           ;psect for function _init_config
  4751                           
  4752     1463                     l4431:	
  4753                           ;incstack = 0
  4754                           ; Regs used in _init_config: [wreg-fsr0h+status,2+status,0+pclath+btemp1+cstack]
  4755                           
  4756                           
  4757                           ;main.c: 19:     init_adc();
  4758     1463  160A  118A  20C1  160A  118A  	fcall	_init_adc
  4759     1468                     l4433:
  4760                           
  4761                           ;main.c: 20:     init_clcd();
  4762     1468  120A  158A  2002  160A  118A  	fcall	_init_clcd
  4763     146D                     l4435:
  4764                           
  4765                           ;main.c: 21:     init_digital_keypad();
  4766     146D  160A  118A  20BB  160A  118A  	fcall	_init_digital_keypad
  4767     1472                     l4437:
  4768                           
  4769                           ;main.c: 22:     init_i2c(100000);
  4770     1472  3000               	movlw	0
  4771     1473  1283               	bcf	3,5	;RP0=0, select bank0
  4772     1474  1303               	bcf	3,6	;RP1=0, select bank0
  4773     1475  00A9               	movwf	init_i2c@baud+3
  4774     1476  3001               	movlw	1
  4775     1477  00A8               	movwf	init_i2c@baud+2
  4776     1478  3086               	movlw	134
  4777     1479  00A7               	movwf	init_i2c@baud+1
  4778     147A  30A0               	movlw	160
  4779     147B  00A6               	movwf	init_i2c@baud
  4780     147C  160A  118A  23C3  160A  118A  	fcall	_init_i2c
  4781     1481                     l4439:
  4782                           
  4783                           ;main.c: 23:     init_ds1307();
  4784     1481  160A  118A  2146  160A  118A  	fcall	_init_ds1307
  4785                           
  4786                           ;main.c: 24:     init_timer0();
  4787     1486  160A  118A  20E2  160A  118A  	fcall	_init_timer0
  4788     148B                     l4441:
  4789                           
  4790                           ;main.c: 25:     init_uart(9600);
  4791     148B  3000               	movlw	0
  4792     148C  1283               	bcf	3,5	;RP0=0, select bank0
  4793     148D  1303               	bcf	3,6	;RP1=0, select bank0
  4794     148E  00A9               	movwf	init_uart@baud+3
  4795     148F  3000               	movlw	0
  4796     1490  00A8               	movwf	init_uart@baud+2
  4797     1491  3025               	movlw	37
  4798     1492  00A7               	movwf	init_uart@baud+1
  4799     1493  3080               	movlw	128
  4800     1494  00A6               	movwf	init_uart@baud
  4801     1495  160A  118A  2392  160A  118A  	fcall	_init_uart
  4802     149A                     l4443:
  4803                           
  4804                           ;main.c: 27:     puts("UART Test Code\n\r");
  4805     149A  30E5               	movlw	low (STR_1| (0+32768))
  4806     149B  00F3               	movwf	puts@s
  4807     149C  3084               	movlw	high (STR_1| (0+32768))
  4808     149D  00F4               	movwf	puts@s+1
  4809     149E  160A  118A  223D  160A  118A  	fcall	_puts
  4810     14A3                     l4445:
  4811                           
  4812                           ;main.c: 29:     GIE = 1;
  4813     14A3  178B               	bsf	11,7	;volatile
  4814     14A4                     l51:
  4815     14A4  0008               	return
  4816     14A5                     __end_of_init_config:
  4817                           
  4818                           	psect	text9
  4819     1392                     __ptext9:	
  4820 ;; *************** function _init_uart *****************
  4821 ;; Defined at:
  4822 ;;		line 4 in file "uart.c"
  4823 ;; Parameters:    Size  Location     Type
  4824 ;;  baud            4    6[BANK0 ] unsigned long 
  4825 ;; Auto vars:     Size  Location     Type
  4826 ;;		None
  4827 ;; Return value:  Size  Location     Type
  4828 ;;                  1    wreg      void 
  4829 ;; Registers used:
  4830 ;;		wreg, status,2, status,0, pclath, cstack
  4831 ;; Tracked objects:
  4832 ;;		On entry : 0/0
  4833 ;;		On exit  : 0/0
  4834 ;;		Unchanged: 0/0
  4835 ;; Data sizes:     COMMON   BANK0   BANK1   BANK3   BANK2
  4836 ;;      Params:         0       4       0       0       0
  4837 ;;      Locals:         0       0       0       0       0
  4838 ;;      Temps:          0       4       0       0       0
  4839 ;;      Totals:         0       8       0       0       0
  4840 ;;Total ram usage:        8 bytes
  4841 ;; Hardware stack levels used: 1
  4842 ;; Hardware stack levels required when called: 2
  4843 ;; This function calls:
  4844 ;;		___lldiv
  4845 ;; This function is called by:
  4846 ;;		_init_config
  4847 ;; This function uses a non-reentrant model
  4848 ;;
  4849                           
  4850     1392                     _init_uart:	
  4851                           ;psect for function _init_uart
  4852                           
  4853     1392                     l3931:	
  4854                           ;incstack = 0
  4855                           ; Regs used in _init_uart: [wreg+status,2+status,0+pclath+cstack]
  4856                           
  4857                           
  4858                           ;uart.c: 4: void init_uart(unsigned long baud);uart.c: 5: {;uart.c: 7:     SPEN = 1;
  4859     1392  1283               	bcf	3,5	;RP0=0, select bank0
  4860     1393  1303               	bcf	3,6	;RP1=0, select bank0
  4861     1394  1798               	bsf	24,7	;volatile
  4862                           
  4863                           ;uart.c: 10:     CREN = 1;
  4864     1395  1618               	bsf	24,4	;volatile
  4865     1396                     l3933:
  4866                           
  4867                           ;uart.c: 13:     SPBRG = (20000000 / (16 * baud)) - 1;
  4868     1396  0826               	movf	init_uart@baud,w
  4869     1397  00AA               	movwf	??_init_uart
  4870     1398  0827               	movf	init_uart@baud+1,w
  4871     1399  00AB               	movwf	??_init_uart+1
  4872     139A  0828               	movf	init_uart@baud+2,w
  4873     139B  00AC               	movwf	??_init_uart+2
  4874     139C  0829               	movf	init_uart@baud+3,w
  4875     139D  00AD               	movwf	??_init_uart+3
  4876     139E  3004               	movlw	4
  4877     139F                     u4345:
  4878     139F  1003               	clrc
  4879     13A0  0DAA               	rlf	??_init_uart,f
  4880     13A1  0DAB               	rlf	??_init_uart+1,f
  4881     13A2  0DAC               	rlf	??_init_uart+2,f
  4882     13A3  0DAD               	rlf	??_init_uart+3,f
  4883     13A4                     u4340:
  4884     13A4  3EFF               	addlw	-1
  4885     13A5  1D03               	skipz
  4886     13A6  2B9F               	goto	u4345
  4887     13A7  082D               	movf	??_init_uart+3,w
  4888     13A8  00F5               	movwf	___lldiv@divisor+3
  4889     13A9  082C               	movf	??_init_uart+2,w
  4890     13AA  00F4               	movwf	___lldiv@divisor+2
  4891     13AB  082B               	movf	??_init_uart+1,w
  4892     13AC  00F3               	movwf	___lldiv@divisor+1
  4893     13AD  082A               	movf	??_init_uart,w
  4894     13AE  00F2               	movwf	___lldiv@divisor
  4895     13AF  3001               	movlw	1
  4896     13B0  00F9               	movwf	___lldiv@dividend+3
  4897     13B1  3031               	movlw	49
  4898     13B2  00F8               	movwf	___lldiv@dividend+2
  4899     13B3  302D               	movlw	45
  4900     13B4  00F7               	movwf	___lldiv@dividend+1
  4901     13B5  3000               	movlw	0
  4902     13B6  00F6               	movwf	___lldiv@dividend
  4903     13B7  120A  158A  200D  160A  118A  	fcall	___lldiv
  4904     13BC  0872               	movf	?___lldiv,w
  4905     13BD  3EFF               	addlw	255
  4906     13BE  1683               	bsf	3,5	;RP0=1, select bank1
  4907     13BF  1303               	bcf	3,6	;RP1=0, select bank1
  4908     13C0  0099               	movwf	25	;volatile
  4909     13C1                     l3935:
  4910                           
  4911                           ;uart.c: 16:     RCIE = 1;
  4912     13C1  168C               	bsf	12,5	;volatile
  4913     13C2                     l555:
  4914     13C2  0008               	return
  4915     13C3                     __end_of_init_uart:
  4916                           
  4917                           	psect	text10
  4918     10E2                     __ptext10:	
  4919 ;; *************** function _init_timer0 *****************
  4920 ;; Defined at:
  4921 ;;		line 4 in file "timers.c"
  4922 ;; Parameters:    Size  Location     Type
  4923 ;;		None
  4924 ;; Auto vars:     Size  Location     Type
  4925 ;;		None
  4926 ;; Return value:  Size  Location     Type
  4927 ;;                  1    wreg      void 
  4928 ;; Registers used:
  4929 ;;		None
  4930 ;; Tracked objects:
  4931 ;;		On entry : 0/0
  4932 ;;		On exit  : 0/0
  4933 ;;		Unchanged: 0/0
  4934 ;; Data sizes:     COMMON   BANK0   BANK1   BANK3   BANK2
  4935 ;;      Params:         0       0       0       0       0
  4936 ;;      Locals:         0       0       0       0       0
  4937 ;;      Temps:          0       0       0       0       0
  4938 ;;      Totals:         0       0       0       0       0
  4939 ;;Total ram usage:        0 bytes
  4940 ;; Hardware stack levels used: 1
  4941 ;; Hardware stack levels required when called: 1
  4942 ;; This function calls:
  4943 ;;		Nothing
  4944 ;; This function is called by:
  4945 ;;		_init_config
  4946 ;; This function uses a non-reentrant model
  4947 ;;
  4948                           
  4949     10E2                     _init_timer0:	
  4950                           ;psect for function _init_timer0
  4951                           
  4952     10E2                     l3929:	
  4953                           ;incstack = 0
  4954                           ; Regs used in _init_timer0: []
  4955                           
  4956                           
  4957                           ;timers.c: 7:     T0CS = 0;
  4958     10E2  1683               	bsf	3,5	;RP0=1, select bank1
  4959     10E3  1303               	bcf	3,6	;RP1=0, select bank1
  4960     10E4  1281               	bcf	1,5	;volatile
  4961                           
  4962                           ;timers.c: 11:     PSA = 1;
  4963     10E5  1581               	bsf	1,3	;volatile
  4964                           
  4965                           ;timers.c: 13:     TMR0 = 6;
  4966     10E6  3006               	movlw	6
  4967     10E7  1283               	bcf	3,5	;RP0=0, select bank0
  4968     10E8  1303               	bcf	3,6	;RP1=0, select bank0
  4969     10E9  0081               	movwf	1	;volatile
  4970                           
  4971                           ;timers.c: 16:     TMR0IE = 1;
  4972     10EA  168B               	bsf	11,5	;volatile
  4973     10EB                     l536:
  4974     10EB  0008               	return
  4975     10EC                     __end_of_init_timer0:
  4976                           
  4977                           	psect	text11
  4978     13C3                     __ptext11:	
  4979 ;; *************** function _init_i2c *****************
  4980 ;; Defined at:
  4981 ;;		line 28 in file "i2c.c"
  4982 ;; Parameters:    Size  Location     Type
  4983 ;;  baud            4    6[BANK0 ] unsigned long 
  4984 ;; Auto vars:     Size  Location     Type
  4985 ;;		None
  4986 ;; Return value:  Size  Location     Type
  4987 ;;                  1    wreg      void 
  4988 ;; Registers used:
  4989 ;;		wreg, status,2, status,0, pclath, cstack
  4990 ;; Tracked objects:
  4991 ;;		On entry : 0/0
  4992 ;;		On exit  : 0/0
  4993 ;;		Unchanged: 0/0
  4994 ;; Data sizes:     COMMON   BANK0   BANK1   BANK3   BANK2
  4995 ;;      Params:         0       4       0       0       0
  4996 ;;      Locals:         0       0       0       0       0
  4997 ;;      Temps:          0       4       0       0       0
  4998 ;;      Totals:         0       8       0       0       0
  4999 ;;Total ram usage:        8 bytes
  5000 ;; Hardware stack levels used: 1
  5001 ;; Hardware stack levels required when called: 2
  5002 ;; This function calls:
  5003 ;;		___lldiv
  5004 ;; This function is called by:
  5005 ;;		_init_config
  5006 ;; This function uses a non-reentrant model
  5007 ;;
  5008                           
  5009     13C3                     _init_i2c:	
  5010                           ;psect for function _init_i2c
  5011                           
  5012     13C3                     l3917:	
  5013                           ;incstack = 0
  5014                           ; Regs used in _init_i2c: [wreg+status,2+status,0+pclath+cstack]
  5015                           
  5016                           
  5017                           ;i2c.c: 28: void init_i2c(unsigned long baud);i2c.c: 29: {;i2c.c: 31:     SSPM3 = 1;
  5018     13C3  1283               	bcf	3,5	;RP0=0, select bank0
  5019     13C4  1303               	bcf	3,6	;RP1=0, select bank0
  5020     13C5  1594               	bsf	20,3	;volatile
  5021     13C6                     l3919:
  5022                           
  5023                           ;i2c.c: 34:     SSPADD = (unsigned char)(20000000 / (4 * baud)) - 1;
  5024     13C6  0826               	movf	init_i2c@baud,w
  5025     13C7  00AA               	movwf	??_init_i2c
  5026     13C8  0827               	movf	init_i2c@baud+1,w
  5027     13C9  00AB               	movwf	??_init_i2c+1
  5028     13CA  0828               	movf	init_i2c@baud+2,w
  5029     13CB  00AC               	movwf	??_init_i2c+2
  5030     13CC  0829               	movf	init_i2c@baud+3,w
  5031     13CD  00AD               	movwf	??_init_i2c+3
  5032     13CE  3002               	movlw	2
  5033     13CF                     u4335:
  5034     13CF  1003               	clrc
  5035     13D0  0DAA               	rlf	??_init_i2c,f
  5036     13D1  0DAB               	rlf	??_init_i2c+1,f
  5037     13D2  0DAC               	rlf	??_init_i2c+2,f
  5038     13D3  0DAD               	rlf	??_init_i2c+3,f
  5039     13D4                     u4330:
  5040     13D4  3EFF               	addlw	-1
  5041     13D5  1D03               	skipz
  5042     13D6  2BCF               	goto	u4335
  5043     13D7  082D               	movf	??_init_i2c+3,w
  5044     13D8  00F5               	movwf	___lldiv@divisor+3
  5045     13D9  082C               	movf	??_init_i2c+2,w
  5046     13DA  00F4               	movwf	___lldiv@divisor+2
  5047     13DB  082B               	movf	??_init_i2c+1,w
  5048     13DC  00F3               	movwf	___lldiv@divisor+1
  5049     13DD  082A               	movf	??_init_i2c,w
  5050     13DE  00F2               	movwf	___lldiv@divisor
  5051     13DF  3001               	movlw	1
  5052     13E0  00F9               	movwf	___lldiv@dividend+3
  5053     13E1  3031               	movlw	49
  5054     13E2  00F8               	movwf	___lldiv@dividend+2
  5055     13E3  302D               	movlw	45
  5056     13E4  00F7               	movwf	___lldiv@dividend+1
  5057     13E5  3000               	movlw	0
  5058     13E6  00F6               	movwf	___lldiv@dividend
  5059     13E7  120A  158A  200D  160A  118A  	fcall	___lldiv
  5060     13EC  0872               	movf	?___lldiv,w
  5061     13ED  3EFF               	addlw	255
  5062     13EE  1683               	bsf	3,5	;RP0=1, select bank1
  5063     13EF  1303               	bcf	3,6	;RP1=0, select bank1
  5064     13F0  0093               	movwf	19	;volatile
  5065     13F1                     l3921:
  5066                           
  5067                           ;i2c.c: 37:     SSPEN = 1;
  5068     13F1  1283               	bcf	3,5	;RP0=0, select bank0
  5069     13F2  1303               	bcf	3,6	;RP1=0, select bank0
  5070     13F3  1694               	bsf	20,5	;volatile
  5071     13F4                     l168:
  5072     13F4  0008               	return
  5073     13F5                     __end_of_init_i2c:
  5074                           
  5075                           	psect	text12
  5076     080D                     __ptext12:	
  5077 ;; *************** function ___lldiv *****************
  5078 ;; Defined at:
  5079 ;;		line 5 in file "C:\Program Files\Microchip\xc8\v3.10\pic\sources\c99\common\__lldiv.c"
  5080 ;; Parameters:    Size  Location     Type
  5081 ;;  divisor         4    2[COMMON] unsigned long 
  5082 ;;  dividend        4    6[COMMON] unsigned long 
  5083 ;; Auto vars:     Size  Location     Type
  5084 ;;  quotient        4    1[BANK0 ] unsigned long 
  5085 ;;  counter         1    5[BANK0 ] unsigned char 
  5086 ;; Return value:  Size  Location     Type
  5087 ;;                  4    2[COMMON] unsigned long 
  5088 ;; Registers used:
  5089 ;;		wreg, status,2, status,0
  5090 ;; Tracked objects:
  5091 ;;		On entry : 0/0
  5092 ;;		On exit  : 0/0
  5093 ;;		Unchanged: 0/0
  5094 ;; Data sizes:     COMMON   BANK0   BANK1   BANK3   BANK2
  5095 ;;      Params:         8       0       0       0       0
  5096 ;;      Locals:         0       5       0       0       0
  5097 ;;      Temps:          0       1       0       0       0
  5098 ;;      Totals:         8       6       0       0       0
  5099 ;;Total ram usage:       14 bytes
  5100 ;; Hardware stack levels used: 1
  5101 ;; Hardware stack levels required when called: 1
  5102 ;; This function calls:
  5103 ;;		Nothing
  5104 ;; This function is called by:
  5105 ;;		_init_i2c
  5106 ;;		_init_uart
  5107 ;; This function uses a non-reentrant model
  5108 ;;
  5109                           
  5110     080D                     ___lldiv:	
  5111                           ;psect for function ___lldiv
  5112                           
  5113     080D                     l3881:	
  5114                           ;incstack = 0
  5115                           ; Regs used in ___lldiv: [wreg+status,2+status,0]
  5116                           
  5117     080D  3000               	movlw	0
  5118     080E  1283               	bcf	3,5	;RP0=0, select bank0
  5119     080F  1303               	bcf	3,6	;RP1=0, select bank0
  5120     0810  00A4               	movwf	___lldiv@quotient+3
  5121     0811  3000               	movlw	0
  5122     0812  00A3               	movwf	___lldiv@quotient+2
  5123     0813  3000               	movlw	0
  5124     0814  00A2               	movwf	___lldiv@quotient+1
  5125     0815  3000               	movlw	0
  5126     0816  00A1               	movwf	___lldiv@quotient
  5127     0817  0875               	movf	___lldiv@divisor+3,w
  5128     0818  0474               	iorwf	___lldiv@divisor+2,w
  5129     0819  0473               	iorwf	___lldiv@divisor+1,w
  5130     081A  0472               	iorwf	___lldiv@divisor,w
  5131     081B  1903               	skipnz
  5132     081C  281E               	goto	u4261
  5133     081D  281F               	goto	u4260
  5134     081E                     u4261:
  5135     081E  286A               	goto	l3901
  5136     081F                     u4260:
  5137     081F                     l3883:
  5138     081F  3001               	movlw	1
  5139     0820  00A5               	movwf	___lldiv@counter
  5140     0821  282D               	goto	l3887
  5141     0822                     l3885:
  5142     0822  3001               	movlw	1
  5143     0823  00A0               	movwf	??___lldiv
  5144     0824                     u4275:
  5145     0824  1003               	clrc
  5146     0825  0DF2               	rlf	___lldiv@divisor,f
  5147     0826  0DF3               	rlf	___lldiv@divisor+1,f
  5148     0827  0DF4               	rlf	___lldiv@divisor+2,f
  5149     0828  0DF5               	rlf	___lldiv@divisor+3,f
  5150     0829  0BA0               	decfsz	??___lldiv,f
  5151     082A  2824               	goto	u4275
  5152     082B  3001               	movlw	1
  5153     082C  07A5               	addwf	___lldiv@counter,f
  5154     082D                     l3887:
  5155     082D  1FF5               	btfss	___lldiv@divisor+3,7
  5156     082E  2830               	goto	u4281
  5157     082F  2831               	goto	u4280
  5158     0830                     u4281:
  5159     0830  2822               	goto	l3885
  5160     0831                     u4280:
  5161     0831                     l3889:
  5162     0831  3001               	movlw	1
  5163     0832  00A0               	movwf	??___lldiv
  5164     0833                     u4295:
  5165     0833  1003               	clrc
  5166     0834  0DA1               	rlf	___lldiv@quotient,f
  5167     0835  0DA2               	rlf	___lldiv@quotient+1,f
  5168     0836  0DA3               	rlf	___lldiv@quotient+2,f
  5169     0837  0DA4               	rlf	___lldiv@quotient+3,f
  5170     0838  0BA0               	decfsz	??___lldiv,f
  5171     0839  2833               	goto	u4295
  5172     083A                     l3891:
  5173     083A  0875               	movf	___lldiv@divisor+3,w
  5174     083B  0279               	subwf	___lldiv@dividend+3,w
  5175     083C  1D03               	skipz
  5176     083D  2848               	goto	u4305
  5177     083E  0874               	movf	___lldiv@divisor+2,w
  5178     083F  0278               	subwf	___lldiv@dividend+2,w
  5179     0840  1D03               	skipz
  5180     0841  2848               	goto	u4305
  5181     0842  0873               	movf	___lldiv@divisor+1,w
  5182     0843  0277               	subwf	___lldiv@dividend+1,w
  5183     0844  1D03               	skipz
  5184     0845  2848               	goto	u4305
  5185     0846  0872               	movf	___lldiv@divisor,w
  5186     0847  0276               	subwf	___lldiv@dividend,w
  5187     0848                     u4305:
  5188     0848  1C03               	skipc
  5189     0849  284B               	goto	u4301
  5190     084A  284C               	goto	u4300
  5191     084B                     u4301:
  5192     084B  285B               	goto	l3897
  5193     084C                     u4300:
  5194     084C                     l3893:
  5195     084C  0872               	movf	___lldiv@divisor,w
  5196     084D  02F6               	subwf	___lldiv@dividend,f
  5197     084E  0873               	movf	___lldiv@divisor+1,w
  5198     084F  1C03               	skipc
  5199     0850  0F73               	incfsz	___lldiv@divisor+1,w
  5200     0851  02F7               	subwf	___lldiv@dividend+1,f
  5201     0852  0874               	movf	___lldiv@divisor+2,w
  5202     0853  1C03               	skipc
  5203     0854  0F74               	incfsz	___lldiv@divisor+2,w
  5204     0855  02F8               	subwf	___lldiv@dividend+2,f
  5205     0856  0875               	movf	___lldiv@divisor+3,w
  5206     0857  1C03               	skipc
  5207     0858  0F75               	incfsz	___lldiv@divisor+3,w
  5208     0859  02F9               	subwf	___lldiv@dividend+3,f
  5209     085A                     l3895:
  5210     085A  1421               	bsf	___lldiv@quotient,0
  5211     085B                     l3897:
  5212     085B  3001               	movlw	1
  5213     085C                     u4315:
  5214     085C  1003               	clrc
  5215     085D  0CF5               	rrf	___lldiv@divisor+3,f
  5216     085E  0CF4               	rrf	___lldiv@divisor+2,f
  5217     085F  0CF3               	rrf	___lldiv@divisor+1,f
  5218     0860  0CF2               	rrf	___lldiv@divisor,f
  5219     0861  3EFF               	addlw	-1
  5220     0862  1D03               	skipz
  5221     0863  285C               	goto	u4315
  5222     0864                     l3899:
  5223     0864  3001               	movlw	1
  5224     0865  02A5               	subwf	___lldiv@counter,f
  5225     0866  1D03               	btfss	3,2
  5226     0867  2869               	goto	u4321
  5227     0868  286A               	goto	u4320
  5228     0869                     u4321:
  5229     0869  2831               	goto	l3889
  5230     086A                     u4320:
  5231     086A                     l3901:
  5232     086A  0824               	movf	___lldiv@quotient+3,w
  5233     086B  00F5               	movwf	?___lldiv+3
  5234     086C  0823               	movf	___lldiv@quotient+2,w
  5235     086D  00F4               	movwf	?___lldiv+2
  5236     086E  0822               	movf	___lldiv@quotient+1,w
  5237     086F  00F3               	movwf	?___lldiv+1
  5238     0870  0821               	movf	___lldiv@quotient,w
  5239     0871  00F2               	movwf	?___lldiv
  5240     0872                     l695:
  5241     0872  0008               	return
  5242     0873                     __end_of___lldiv:
  5243                           
  5244                           	psect	text13
  5245     1146                     __ptext13:	
  5246 ;; *************** function _init_ds1307 *****************
  5247 ;; Defined at:
  5248 ;;		line 8 in file "ds1307.c"
  5249 ;; Parameters:    Size  Location     Type
  5250 ;;		None
  5251 ;; Auto vars:     Size  Location     Type
  5252 ;;  dummy           1    2[BANK0 ] unsigned char 
  5253 ;; Return value:  Size  Location     Type
  5254 ;;                  1    wreg      void 
  5255 ;; Registers used:
  5256 ;;		wreg, status,2, status,0, pclath, cstack
  5257 ;; Tracked objects:
  5258 ;;		On entry : 0/0
  5259 ;;		On exit  : 0/0
  5260 ;;		Unchanged: 0/0
  5261 ;; Data sizes:     COMMON   BANK0   BANK1   BANK3   BANK2
  5262 ;;      Params:         0       0       0       0       0
  5263 ;;      Locals:         0       1       0       0       0
  5264 ;;      Temps:          0       0       0       0       0
  5265 ;;      Totals:         0       1       0       0       0
  5266 ;;Total ram usage:        1 bytes
  5267 ;; Hardware stack levels used: 1
  5268 ;; Hardware stack levels required when called: 3
  5269 ;; This function calls:
  5270 ;;		_read_ds1307
  5271 ;;		_write_ds1307
  5272 ;; This function is called by:
  5273 ;;		_init_config
  5274 ;; This function uses a non-reentrant model
  5275 ;;
  5276                           
  5277     1146                     _init_ds1307:	
  5278                           ;psect for function _init_ds1307
  5279                           
  5280     1146                     l3923:	
  5281                           ;incstack = 0
  5282                           ; Regs used in _init_ds1307: [wreg+status,2+status,0+pclath+cstack]
  5283                           
  5284                           
  5285                           ;ds1307.c: 10:     unsigned char dummy;;ds1307.c: 12:     dummy = read_ds1307(0x00);
  5286     1146  3000               	movlw	0
  5287     1147  160A  118A  22DD  160A  118A  	fcall	_read_ds1307
  5288     114C  1283               	bcf	3,5	;RP0=0, select bank0
  5289     114D  1303               	bcf	3,6	;RP1=0, select bank0
  5290     114E  00A2               	movwf	init_ds1307@dummy
  5291     114F                     l3925:
  5292                           
  5293                           ;ds1307.c: 13:     dummy = dummy & 0x7F;
  5294     114F  307F               	movlw	127
  5295     1150  05A2               	andwf	init_ds1307@dummy,f
  5296     1151                     l3927:
  5297                           
  5298                           ;ds1307.c: 14:     write_ds1307(0x00, dummy);
  5299     1151  0822               	movf	init_ds1307@dummy,w
  5300     1152  00A0               	movwf	write_ds1307@data
  5301     1153  3000               	movlw	0
  5302     1154  160A  118A  21F4  160A  118A  	fcall	_write_ds1307
  5303     1159                     l212:
  5304     1159  0008               	return
  5305     115A                     __end_of_init_ds1307:
  5306                           
  5307                           	psect	text14
  5308     11F4                     __ptext14:	
  5309 ;; *************** function _write_ds1307 *****************
  5310 ;; Defined at:
  5311 ;;		line 32 in file "ds1307.c"
  5312 ;; Parameters:    Size  Location     Type
  5313 ;;  addr            1    wreg     unsigned char 
  5314 ;;  data            1    0[BANK0 ] unsigned char 
  5315 ;; Auto vars:     Size  Location     Type
  5316 ;;  addr            1    1[BANK0 ] unsigned char 
  5317 ;; Return value:  Size  Location     Type
  5318 ;;                  1    wreg      void 
  5319 ;; Registers used:
  5320 ;;		wreg, status,2, status,0, pclath, cstack
  5321 ;; Tracked objects:
  5322 ;;		On entry : 0/0
  5323 ;;		On exit  : 0/0
  5324 ;;		Unchanged: 0/0
  5325 ;; Data sizes:     COMMON   BANK0   BANK1   BANK3   BANK2
  5326 ;;      Params:         0       1       0       0       0
  5327 ;;      Locals:         0       1       0       0       0
  5328 ;;      Temps:          0       0       0       0       0
  5329 ;;      Totals:         0       2       0       0       0
  5330 ;;Total ram usage:        2 bytes
  5331 ;; Hardware stack levels used: 1
  5332 ;; Hardware stack levels required when called: 1
  5333 ;; This function calls:
  5334 ;;		_i2c_start
  5335 ;;		_i2c_stop
  5336 ;;		_i2c_write
  5337 ;; This function is called by:
  5338 ;;		_init_ds1307
  5339 ;;		_set_time
  5340 ;; This function uses a non-reentrant model
  5341 ;;
  5342                           
  5343     11F4                     _write_ds1307:	
  5344                           ;psect for function _write_ds1307
  5345                           
  5346                           
  5347                           ;incstack = 0
  5348                           ; Regs used in _write_ds1307: [wreg+status,2+status,0+pclath+cstack]
  5349                           ;write_ds1307@addr stored from wreg
  5350     11F4  1283               	bcf	3,5	;RP0=0, select bank0
  5351     11F5  1303               	bcf	3,6	;RP1=0, select bank0
  5352     11F6  00A1               	movwf	write_ds1307@addr
  5353     11F7                     l3851:
  5354                           
  5355                           ;ds1307.c: 32: void write_ds1307(unsigned char addr, unsigned char data);ds1307.c: 33: {
      +                          ;ds1307.c: 34:     i2c_start();
  5356     11F7  160A  118A  20D0  160A  118A  	fcall	_i2c_start
  5357                           
  5358                           ;ds1307.c: 35:     i2c_write(0b11010000);
  5359     11FC  30D0               	movlw	208
  5360     11FD  160A  118A  20F7  160A  118A  	fcall	_i2c_write
  5361                           
  5362                           ;ds1307.c: 36:     i2c_write(addr);
  5363     1202  1283               	bcf	3,5	;RP0=0, select bank0
  5364     1203  1303               	bcf	3,6	;RP1=0, select bank0
  5365     1204  0821               	movf	write_ds1307@addr,w
  5366     1205  160A  118A  20F7  160A  118A  	fcall	_i2c_write
  5367                           
  5368                           ;ds1307.c: 37:     i2c_write(data);
  5369     120A  1283               	bcf	3,5	;RP0=0, select bank0
  5370     120B  1303               	bcf	3,6	;RP1=0, select bank0
  5371     120C  0820               	movf	write_ds1307@data,w
  5372     120D  160A  118A  20F7  160A  118A  	fcall	_i2c_write
  5373                           
  5374                           ;ds1307.c: 38:     i2c_stop();
  5375     1212  160A  118A  20D9  160A  118A  	fcall	_i2c_stop
  5376     1217                     l218:
  5377     1217  0008               	return
  5378     1218                     __end_of_write_ds1307:
  5379                           
  5380                           	psect	text15
  5381     10BB                     __ptext15:	
  5382 ;; *************** function _init_digital_keypad *****************
  5383 ;; Defined at:
  5384 ;;		line 4 in file "digital_keypad.c"
  5385 ;; Parameters:    Size  Location     Type
  5386 ;;		None
  5387 ;; Auto vars:     Size  Location     Type
  5388 ;;		None
  5389 ;; Return value:  Size  Location     Type
  5390 ;;                  1    wreg      void 
  5391 ;; Registers used:
  5392 ;;		wreg, status,2
  5393 ;; Tracked objects:
  5394 ;;		On entry : 0/0
  5395 ;;		On exit  : 0/0
  5396 ;;		Unchanged: 0/0
  5397 ;; Data sizes:     COMMON   BANK0   BANK1   BANK3   BANK2
  5398 ;;      Params:         0       0       0       0       0
  5399 ;;      Locals:         0       0       0       0       0
  5400 ;;      Temps:          0       0       0       0       0
  5401 ;;      Totals:         0       0       0       0       0
  5402 ;;Total ram usage:        0 bytes
  5403 ;; Hardware stack levels used: 1
  5404 ;; Hardware stack levels required when called: 1
  5405 ;; This function calls:
  5406 ;;		Nothing
  5407 ;; This function is called by:
  5408 ;;		_init_config
  5409 ;; This function uses a non-reentrant model
  5410 ;;
  5411                           
  5412     10BB                     _init_digital_keypad:	
  5413                           ;psect for function _init_digital_keypad
  5414                           
  5415     10BB                     l3915:	
  5416                           ;incstack = 0
  5417                           ; Regs used in _init_digital_keypad: [wreg+status,2]
  5418                           
  5419                           
  5420                           ;digital_keypad.c: 7:     TRISB = TRISB | 0x3F;
  5421     10BB  1683               	bsf	3,5	;RP0=1, select bank1
  5422     10BC  1303               	bcf	3,6	;RP1=0, select bank1
  5423     10BD  0806               	movf	6,w	;volatile
  5424     10BE  383F               	iorlw	63
  5425     10BF  0086               	movwf	6	;volatile
  5426     10C0                     l82:
  5427     10C0  0008               	return
  5428     10C1                     __end_of_init_digital_keypad:
  5429                           
  5430                           	psect	text16
  5431     0802                     __ptext16:	
  5432 ;; *************** function _init_clcd *****************
  5433 ;; Defined at:
  5434 ;;		line 44 in file "clcd.c"
  5435 ;; Parameters:    Size  Location     Type
  5436 ;;		None
  5437 ;; Auto vars:     Size  Location     Type
  5438 ;;		None
  5439 ;; Return value:  Size  Location     Type
  5440 ;;                  1    wreg      void 
  5441 ;; Registers used:
  5442 ;;		wreg, status,2, status,0, pclath, cstack
  5443 ;; Tracked objects:
  5444 ;;		On entry : 0/0
  5445 ;;		On exit  : 0/0
  5446 ;;		Unchanged: 0/0
  5447 ;; Data sizes:     COMMON   BANK0   BANK1   BANK3   BANK2
  5448 ;;      Params:         0       0       0       0       0
  5449 ;;      Locals:         0       0       0       0       0
  5450 ;;      Temps:          0       0       0       0       0
  5451 ;;      Totals:         0       0       0       0       0
  5452 ;;Total ram usage:        0 bytes
  5453 ;; Hardware stack levels used: 1
  5454 ;; Hardware stack levels required when called: 3
  5455 ;; This function calls:
  5456 ;;		_init_display_controller
  5457 ;; This function is called by:
  5458 ;;		_init_config
  5459 ;; This function uses a non-reentrant model
  5460 ;;
  5461                           
  5462     0802                     _init_clcd:	
  5463                           ;psect for function _init_clcd
  5464                           
  5465     0802                     l3907:	
  5466                           ;incstack = 0
  5467                           ; Regs used in _init_clcd: [wreg+status,2+status,0+pclath+cstack]
  5468                           
  5469                           
  5470                           ;clcd.c: 47:     TRISD = 0x00;
  5471     0802  1683               	bsf	3,5	;RP0=1, select bank1
  5472     0803  1303               	bcf	3,6	;RP1=0, select bank1
  5473     0804  0188               	clrf	8	;volatile
  5474     0805                     l3909:
  5475                           
  5476                           ;clcd.c: 50:     TRISE2 = 0;
  5477     0805  1109               	bcf	9,2	;volatile
  5478     0806                     l3911:
  5479                           
  5480                           ;clcd.c: 51:     TRISE1 = 0;
  5481     0806  1089               	bcf	9,1	;volatile
  5482     0807                     l3913:
  5483                           
  5484                           ;clcd.c: 53:     init_display_controller();
  5485     0807  160A  118A  261C  120A  158A  	fcall	_init_display_controller
  5486     080C                     l115:
  5487     080C  0008               	return
  5488     080D                     __end_of_init_clcd:
  5489                           
  5490                           	psect	text17
  5491     161C                     __ptext17:	
  5492 ;; *************** function _init_display_controller *****************
  5493 ;; Defined at:
  5494 ;;		line 21 in file "clcd.c"
  5495 ;; Parameters:    Size  Location     Type
  5496 ;;		None
  5497 ;; Auto vars:     Size  Location     Type
  5498 ;;		None
  5499 ;; Return value:  Size  Location     Type
  5500 ;;                  1    wreg      void 
  5501 ;; Registers used:
  5502 ;;		wreg, status,2, status,0, pclath, cstack
  5503 ;; Tracked objects:
  5504 ;;		On entry : 0/0
  5505 ;;		On exit  : 0/0
  5506 ;;		Unchanged: 0/0
  5507 ;; Data sizes:     COMMON   BANK0   BANK1   BANK3   BANK2
  5508 ;;      Params:         0       0       0       0       0
  5509 ;;      Locals:         0       0       0       0       0
  5510 ;;      Temps:          2       0       0       0       0
  5511 ;;      Totals:         2       0       0       0       0
  5512 ;;Total ram usage:        2 bytes
  5513 ;; Hardware stack levels used: 1
  5514 ;; Hardware stack levels required when called: 2
  5515 ;; This function calls:
  5516 ;;		_clcd_write
  5517 ;; This function is called by:
  5518 ;;		_init_clcd
  5519 ;; This function uses a non-reentrant model
  5520 ;;
  5521                           
  5522     161C                     _init_display_controller:	
  5523                           ;psect for function _init_display_controller
  5524                           
  5525     161C                     l3813:	
  5526                           ;incstack = 0
  5527                           ; Regs used in _init_display_controller: [wreg+status,2+status,0+pclath+cstack]
  5528                           
  5529                           
  5530                           ;clcd.c: 24:     _delay((unsigned long)((30)*(20000000/4000.0)));
  5531     161C  30C3               	movlw	195
  5532     161D  00F7               	movwf	??_init_display_controller+1
  5533     161E  30CD               	movlw	205
  5534     161F  00F6               	movwf	??_init_display_controller
  5535     1620                     u6257:
  5536     1620  0BF6               	decfsz	??_init_display_controller,f
  5537     1621  2E20               	goto	u6257
  5538     1622  0BF7               	decfsz	??_init_display_controller+1,f
  5539     1623  2E20               	goto	u6257
  5540     1624                     l3815:
  5541                           
  5542                           ;clcd.c: 27:     clcd_write(0x33, 0);
  5543     1624  01F2               	clrf	clcd_write@mode
  5544     1625  3033               	movlw	51
  5545     1626  160A  118A  23F5  160A  118A  	fcall	_clcd_write
  5546     162B                     l3817:
  5547                           
  5548                           ;clcd.c: 28:     _delay((unsigned long)((4100)*(20000000/4000000.0)));
  5549     162B  301B               	movlw	27
  5550     162C  00F7               	movwf	??_init_display_controller+1
  5551     162D  309E               	movlw	158
  5552     162E  00F6               	movwf	??_init_display_controller
  5553     162F                     u6267:
  5554     162F  0BF6               	decfsz	??_init_display_controller,f
  5555     1630  2E2F               	goto	u6267
  5556     1631  0BF7               	decfsz	??_init_display_controller+1,f
  5557     1632  2E2F               	goto	u6267
  5558     1633  0000               	nop
  5559                           
  5560                           ;clcd.c: 29:     clcd_write(0x33, 0);
  5561     1634  01F2               	clrf	clcd_write@mode
  5562     1635  3033               	movlw	51
  5563     1636  160A  118A  23F5  160A  118A  	fcall	_clcd_write
  5564     163B                     l3819:
  5565                           
  5566                           ;clcd.c: 30:     _delay((unsigned long)((100)*(20000000/4000000.0)));
  5567     163B  30A6               	movlw	166
  5568     163C  00F6               	movwf	??_init_display_controller
  5569     163D                     u6277:
  5570     163D  0BF6               	decfsz	??_init_display_controller,f
  5571     163E  2E3D               	goto	u6277
  5572     163F  0000               	nop
  5573     1640                     l3821:
  5574                           
  5575                           ;clcd.c: 31:     clcd_write(0x33, 0);
  5576     1640  01F2               	clrf	clcd_write@mode
  5577     1641  3033               	movlw	51
  5578     1642  160A  118A  23F5  160A  118A  	fcall	_clcd_write
  5579     1647                     l3823:
  5580                           
  5581                           ;clcd.c: 32:     _delay((unsigned long)((1)*(20000000/4000000.0)));
  5582     1647  2E48               	nop2	;2 cycle nop
  5583     1648  2E49               	nop2	;2 cycle nop
  5584     1649  0000               	nop
  5585     164A                     l3825:
  5586                           
  5587                           ;clcd.c: 34:     clcd_write(0x02, 0);
  5588     164A  01F2               	clrf	clcd_write@mode
  5589     164B  3002               	movlw	2
  5590     164C  160A  118A  23F5  160A  118A  	fcall	_clcd_write
  5591     1651                     l3827:
  5592                           
  5593                           ;clcd.c: 35:     _delay((unsigned long)((100)*(20000000/4000000.0)));
  5594     1651  30A6               	movlw	166
  5595     1652  00F6               	movwf	??_init_display_controller
  5596     1653                     u6287:
  5597     1653  0BF6               	decfsz	??_init_display_controller,f
  5598     1654  2E53               	goto	u6287
  5599     1655  0000               	nop
  5600                           
  5601                           ;clcd.c: 36:     clcd_write(0x28, 0);
  5602     1656  01F2               	clrf	clcd_write@mode
  5603     1657  3028               	movlw	40
  5604     1658  160A  118A  23F5  160A  118A  	fcall	_clcd_write
  5605     165D                     l3829:
  5606                           
  5607                           ;clcd.c: 37:     _delay((unsigned long)((100)*(20000000/4000000.0)));
  5608     165D  30A6               	movlw	166
  5609     165E  00F6               	movwf	??_init_display_controller
  5610     165F                     u6297:
  5611     165F  0BF6               	decfsz	??_init_display_controller,f
  5612     1660  2E5F               	goto	u6297
  5613     1661  0000               	nop
  5614     1662                     l3831:
  5615                           
  5616                           ;clcd.c: 38:     clcd_write(0x01, 0);
  5617     1662  01F2               	clrf	clcd_write@mode
  5618     1663  3001               	movlw	1
  5619     1664  160A  118A  23F5  160A  118A  	fcall	_clcd_write
  5620                           
  5621                           ;clcd.c: 39:     _delay((unsigned long)((500)*(20000000/4000000.0)));
  5622     1669  3004               	movlw	4
  5623     166A  00F7               	movwf	??_init_display_controller+1
  5624     166B  303D               	movlw	61
  5625     166C  00F6               	movwf	??_init_display_controller
  5626     166D                     u6307:
  5627     166D  0BF6               	decfsz	??_init_display_controller,f
  5628     166E  2E6D               	goto	u6307
  5629     166F  0BF7               	decfsz	??_init_display_controller+1,f
  5630     1670  2E6D               	goto	u6307
  5631     1671  2E72               	nop2
  5632     1672                     l3833:
  5633                           
  5634                           ;clcd.c: 40:     clcd_write(0x0C, 0);
  5635     1672  01F2               	clrf	clcd_write@mode
  5636     1673  300C               	movlw	12
  5637     1674  160A  118A  23F5  160A  118A  	fcall	_clcd_write
  5638     1679                     l3835:
  5639                           
  5640                           ;clcd.c: 41:     _delay((unsigned long)((100)*(20000000/4000000.0)));
  5641     1679  30A6               	movlw	166
  5642     167A  00F6               	movwf	??_init_display_controller
  5643     167B                     u6317:
  5644     167B  0BF6               	decfsz	??_init_display_controller,f
  5645     167C  2E7B               	goto	u6317
  5646     167D  0000               	nop
  5647     167E                     l112:
  5648     167E  0008               	return
  5649     167F                     __end_of_init_display_controller:
  5650                           
  5651                           	psect	text18
  5652     10C1                     __ptext18:	
  5653 ;; *************** function _init_adc *****************
  5654 ;; Defined at:
  5655 ;;		line 4 in file "adc.c"
  5656 ;; Parameters:    Size  Location     Type
  5657 ;;		None
  5658 ;; Auto vars:     Size  Location     Type
  5659 ;;		None
  5660 ;; Return value:  Size  Location     Type
  5661 ;;                  1    wreg      void 
  5662 ;; Registers used:
  5663 ;;		None
  5664 ;; Tracked objects:
  5665 ;;		On entry : 0/0
  5666 ;;		On exit  : 0/0
  5667 ;;		Unchanged: 0/0
  5668 ;; Data sizes:     COMMON   BANK0   BANK1   BANK3   BANK2
  5669 ;;      Params:         0       0       0       0       0
  5670 ;;      Locals:         0       0       0       0       0
  5671 ;;      Temps:          0       0       0       0       0
  5672 ;;      Totals:         0       0       0       0       0
  5673 ;;Total ram usage:        0 bytes
  5674 ;; Hardware stack levels used: 1
  5675 ;; Hardware stack levels required when called: 1
  5676 ;; This function calls:
  5677 ;;		Nothing
  5678 ;; This function is called by:
  5679 ;;		_init_config
  5680 ;; This function uses a non-reentrant model
  5681 ;;
  5682                           
  5683     10C1                     _init_adc:	
  5684                           ;psect for function _init_adc
  5685                           
  5686     10C1                     l3905:	
  5687                           ;incstack = 0
  5688                           ; Regs used in _init_adc: []
  5689                           
  5690                           
  5691                           ;adc.c: 7:     ADFM = 1;
  5692     10C1  1683               	bsf	3,5	;RP0=1, select bank1
  5693     10C2  1303               	bcf	3,6	;RP1=0, select bank1
  5694     10C3  179F               	bsf	31,7	;volatile
  5695                           
  5696                           ;adc.c: 10:     ADON = 1;
  5697     10C4  1283               	bcf	3,5	;RP0=0, select bank0
  5698     10C5  1303               	bcf	3,6	;RP1=0, select bank0
  5699     10C6  141F               	bsf	31,0	;volatile
  5700     10C7                     l241:
  5701     10C7  0008               	return
  5702     10C8                     __end_of_init_adc:
  5703                           
  5704                           	psect	text19
  5705     16F5                     __ptext19:	
  5706 ;; *************** function _download_log *****************
  5707 ;; Defined at:
  5708 ;;		line 405 in file "dashboard.c"
  5709 ;; Parameters:    Size  Location     Type
  5710 ;;  key             1    wreg     unsigned char 
  5711 ;; Auto vars:     Size  Location     Type
  5712 ;;  key             1    0[COMMON] unsigned char 
  5713 ;;  i               1    9[COMMON] unsigned char 
  5714 ;; Return value:  Size  Location     Type
  5715 ;;                  1    wreg      void 
  5716 ;; Registers used:
  5717 ;;		wreg, fsr0l, fsr0h, status,2, status,0, pclath, btemp1, cstack
  5718 ;; Tracked objects:
  5719 ;;		On entry : 0/0
  5720 ;;		On exit  : 0/0
  5721 ;;		Unchanged: 0/0
  5722 ;; Data sizes:     COMMON   BANK0   BANK1   BANK3   BANK2
  5723 ;;      Params:         0       0       0       0       0
  5724 ;;      Locals:         1       0       0       0       0
  5725 ;;      Temps:          0       0       0       0       0
  5726 ;;      Totals:         1       0       0       0       0
  5727 ;;Total ram usage:        1 bytes
  5728 ;; Hardware stack levels used: 1
  5729 ;; Hardware stack levels required when called: 4
  5730 ;; This function calls:
  5731 ;;		_clcd_print
  5732 ;;		_clear_clcd
  5733 ;;		_load_logs
  5734 ;;		_puts
  5735 ;; This function is called by:
  5736 ;;		_main
  5737 ;; This function uses a non-reentrant model
  5738 ;;
  5739                           
  5740     16F5                     _download_log:	
  5741                           ;psect for function _download_log
  5742                           
  5743     16F5                     l4749:	
  5744                           ;incstack = 0
  5745                           ; Regs used in _download_log: [wreg-fsr0h+status,2+status,0+pclath+btemp1+cstack]
  5746                           
  5747                           
  5748                           ;dashboard.c: 405: void download_log(unsigned char key);dashboard.c: 406: {;dashboard.c:
      +                           407:     clcd_print("Logs are        ", (0x80 + 0));
  5749     16F5  3019               	movlw	low (STR_26| (0+32768))
  5750     16F6  00F6               	movwf	clcd_print@str
  5751     16F7  3084               	movlw	high (STR_26| (0+32768))
  5752     16F8  00F7               	movwf	clcd_print@str+1
  5753     16F9  3080               	movlw	128
  5754     16FA  00F8               	movwf	clcd_print@addr
  5755     16FB  160A  118A  2333  160A  118A  	fcall	_clcd_print
  5756                           
  5757                           ;dashboard.c: 408:     clcd_print("Downloading.....", (0xC0 + 0));
  5758     1700  30A1               	movlw	low (STR_29| (0+32768))
  5759     1701  00F6               	movwf	clcd_print@str
  5760     1702  3084               	movlw	high (STR_29| (0+32768))
  5761     1703  00F7               	movwf	clcd_print@str+1
  5762     1704  30C0               	movlw	192
  5763     1705  00F8               	movwf	clcd_print@addr
  5764     1706  160A  118A  2333  160A  118A  	fcall	_clcd_print
  5765                           
  5766                           ;dashboard.c: 409:     puts("# TIME    EV SP\n\r");
  5767     170B  30E5               	movlw	low (STR_30| (0+32768))
  5768     170C  00F3               	movwf	puts@s
  5769     170D  3083               	movlw	high (STR_30| (0+32768))
  5770     170E  00F4               	movwf	puts@s+1
  5771     170F  160A  118A  223D  160A  118A  	fcall	_puts
  5772     1714                     l4751:
  5773                           
  5774                           ;dashboard.c: 410:     for (unsigned char i = 0; i < event_count; i++)
  5775     1714  01F9               	clrf	download_log@i
  5776     1715  2F30               	goto	l4761
  5777     1716                     l4753:
  5778                           
  5779                           ;dashboard.c: 411:     {;dashboard.c: 412:         load_logs(i);
  5780     1716  0879               	movf	download_log@i,w
  5781     1717  160A  118A  2777  160A  118A  	fcall	_load_logs
  5782     171C                     l4755:
  5783                           
  5784                           ;dashboard.c: 413:         puts(EEPROM_data);
  5785     171C  30A2               	movlw	(low (_EEPROM_data| 0))& (0+255)
  5786     171D  00F3               	movwf	puts@s
  5787     171E  3000               	movlw	0
  5788     171F  00F4               	movwf	puts@s+1
  5789     1720  160A  118A  223D  160A  118A  	fcall	_puts
  5790     1725                     l4757:
  5791                           
  5792                           ;dashboard.c: 414:         puts("\n\r");
  5793     1725  30F4               	movlw	low ((STR_30+15)| (0+32768))
  5794     1726  00F3               	movwf	puts@s
  5795     1727  3083               	movlw	high ((STR_30+15)| (0+32768))
  5796     1728  00F4               	movwf	puts@s+1
  5797     1729  160A  118A  223D  160A  118A  	fcall	_puts
  5798     172E                     l4759:
  5799                           
  5800                           ;dashboard.c: 415:     }
  5801     172E  3001               	movlw	1
  5802     172F  07F9               	addwf	download_log@i,f
  5803     1730                     l4761:
  5804     1730  087B               	movf	_event_count,w
  5805     1731  0279               	subwf	download_log@i,w
  5806     1732  1C03               	skipc
  5807     1733  2F35               	goto	u5821
  5808     1734  2F36               	goto	u5820
  5809     1735                     u5821:
  5810     1735  2F16               	goto	l4753
  5811     1736                     u5820:
  5812     1736                     l4763:
  5813                           
  5814                           ;dashboard.c: 417:     for (delay = 0; delay < 200000; delay++);
  5815     1736  3000               	movlw	0
  5816     1737  1283               	bcf	3,5	;RP0=0, select bank0
  5817     1738  1303               	bcf	3,6	;RP1=0, select bank0
  5818     1739  00D7               	movwf	_delay+3
  5819     173A  3000               	movlw	0
  5820     173B  00D6               	movwf	_delay+2
  5821     173C  3000               	movlw	0
  5822     173D  00D5               	movwf	_delay+1
  5823     173E  3000               	movlw	0
  5824     173F  00D4               	movwf	_delay
  5825     1740                     l4765:
  5826     1740  0857               	movf	_delay+3,w
  5827     1741  1D03               	btfss	3,2
  5828     1742  2F53               	goto	u5830
  5829     1743  3003               	movlw	3
  5830     1744  0256               	subwf	_delay+2,w
  5831     1745  1D03               	skipz
  5832     1746  2F4F               	goto	u5833
  5833     1747  300D               	movlw	13
  5834     1748  0255               	subwf	_delay+1,w
  5835     1749  1D03               	skipz
  5836     174A  2F4F               	goto	u5833
  5837     174B  3040               	movlw	64
  5838     174C  0254               	subwf	_delay,w
  5839     174D  1D03               	skipz
  5840     174E  2F4F               	goto	u5833
  5841     174F                     u5833:
  5842     174F  1C03               	btfss	3,0
  5843     1750  2F52               	goto	u5831
  5844     1751  2F53               	goto	u5830
  5845     1752                     u5831:
  5846     1752  2F54               	goto	l4769
  5847     1753                     u5830:
  5848     1753  2F65               	goto	l4773
  5849     1754                     l4769:
  5850     1754  3001               	movlw	1
  5851     1755  1283               	bcf	3,5	;RP0=0, select bank0
  5852     1756  1303               	bcf	3,6	;RP1=0, select bank0
  5853     1757  07D4               	addwf	_delay,f
  5854     1758  3000               	movlw	0
  5855     1759  1803               	skipnc
  5856     175A  3001               	movlw	1
  5857     175B  07D5               	addwf	_delay+1,f
  5858     175C  3000               	movlw	0
  5859     175D  1803               	skipnc
  5860     175E  3001               	movlw	1
  5861     175F  07D6               	addwf	_delay+2,f
  5862     1760  3000               	movlw	0
  5863     1761  1803               	skipnc
  5864     1762  3001               	movlw	1
  5865     1763  07D7               	addwf	_delay+3,f
  5866     1764  2F40               	goto	l4765
  5867     1765                     l4773:
  5868                           
  5869                           ;dashboard.c: 418:     delay = 0;
  5870     1765  3000               	movlw	0
  5871     1766  1283               	bcf	3,5	;RP0=0, select bank0
  5872     1767  1303               	bcf	3,6	;RP1=0, select bank0
  5873     1768  00D7               	movwf	_delay+3
  5874     1769  3000               	movlw	0
  5875     176A  00D6               	movwf	_delay+2
  5876     176B  3000               	movlw	0
  5877     176C  00D5               	movwf	_delay+1
  5878     176D  3000               	movlw	0
  5879     176E  00D4               	movwf	_delay
  5880     176F                     l4775:
  5881                           
  5882                           ;dashboard.c: 419:     operation = 2;
  5883     176F  3002               	movlw	2
  5884     1770  00EC               	movwf	_operation
  5885     1771                     l4777:
  5886                           
  5887                           ;dashboard.c: 420:     clear_clcd();
  5888     1771  160A  118A  215A  160A  118A  	fcall	_clear_clcd
  5889     1776                     l435:
  5890     1776  0008               	return
  5891     1777                     __end_of_download_log:
  5892                           
  5893                           	psect	text20
  5894     123D                     __ptext20:	
  5895 ;; *************** function _puts *****************
  5896 ;; Defined at:
  5897 ;;		line 49 in file "uart.c"
  5898 ;; Parameters:    Size  Location     Type
  5899 ;;  s               2    3[COMMON] PTR const unsigned char 
  5900 ;;		 -> STR_31(3), STR_30(18), EEPROM_data(17), STR_1(17), 
  5901 ;; Auto vars:     Size  Location     Type
  5902 ;;		None
  5903 ;; Return value:  Size  Location     Type
  5904 ;;                  1    wreg      void 
  5905 ;; Registers used:
  5906 ;;		wreg, fsr0l, fsr0h, status,2, status,0, pclath, btemp1, cstack
  5907 ;; Tracked objects:
  5908 ;;		On entry : 0/0
  5909 ;;		On exit  : 0/0
  5910 ;;		Unchanged: 0/0
  5911 ;; Data sizes:     COMMON   BANK0   BANK1   BANK3   BANK2
  5912 ;;      Params:         2       0       0       0       0
  5913 ;;      Locals:         0       0       0       0       0
  5914 ;;      Temps:          0       0       0       0       0
  5915 ;;      Totals:         2       0       0       0       0
  5916 ;;Total ram usage:        2 bytes
  5917 ;; Hardware stack levels used: 1
  5918 ;; Hardware stack levels required when called: 1
  5919 ;; This function calls:
  5920 ;;		_putchar
  5921 ;; This function is called by:
  5922 ;;		_init_config
  5923 ;;		_download_log
  5924 ;; This function uses a non-reentrant model
  5925 ;;
  5926                           
  5927     123D                     _puts:	
  5928                           ;psect for function _puts
  5929                           
  5930     123D                     l3937:	
  5931                           ;incstack = 0
  5932                           ; Regs used in _puts: [wreg-fsr0h+status,2+status,0+pclath+btemp1+cstack]
  5933                           
  5934                           
  5935                           ;uart.c: 49: void puts(const char *s);uart.c: 50: {;uart.c: 51:     while (*s)
  5936     123D  2A52               	goto	l3943
  5937     123E                     l3939:
  5938                           
  5939                           ;uart.c: 52:     {;uart.c: 53:         putchar(*s++);
  5940     123E  0874               	movf	puts@s+1,w
  5941     123F  00FF               	movwf	btemp1
  5942     1240  0873               	movf	puts@s,w
  5943     1241  0084               	movwf	4
  5944     1242  120A  118A  2300  160A  118A  	fcall	stringtab
  5945     1247  160A  118A  2102  160A  118A  	fcall	_putchar
  5946     124C                     l3941:
  5947     124C  3001               	movlw	1
  5948     124D  07F3               	addwf	puts@s,f
  5949     124E  1803               	skipnc
  5950     124F  0AF4               	incf	puts@s+1,f
  5951     1250  3000               	movlw	0
  5952     1251  07F4               	addwf	puts@s+1,f
  5953     1252                     l3943:
  5954                           
  5955                           ;uart.c: 51:     while (*s)
  5956     1252  0874               	movf	puts@s+1,w
  5957     1253  1283               	bcf	3,5	;RP0=0, select bank0
  5958     1254  1303               	bcf	3,6	;RP1=0, select bank0
  5959     1255  00FF               	movwf	btemp1
  5960     1256  0873               	movf	puts@s,w
  5961     1257  0084               	movwf	4
  5962     1258  120A  118A  2300  160A  118A  	fcall	stringtab
  5963     125D  3A00               	xorlw	0
  5964     125E  1D03               	skipz
  5965     125F  2A61               	goto	u4351
  5966     1260  2A62               	goto	u4350
  5967     1261                     u4351:
  5968     1261  2A3E               	goto	l3939
  5969     1262                     u4350:
  5970     1262                     l573:
  5971     1262  0008               	return
  5972     1263                     __end_of_puts:
  5973                           
  5974                           	psect	text21
  5975     1102                     __ptext21:	
  5976 ;; *************** function _putchar *****************
  5977 ;; Defined at:
  5978 ;;		line 34 in file "uart.c"
  5979 ;; Parameters:    Size  Location     Type
  5980 ;;  data            1    wreg     unsigned char 
  5981 ;; Auto vars:     Size  Location     Type
  5982 ;;  data            1    2[COMMON] unsigned char 
  5983 ;; Return value:  Size  Location     Type
  5984 ;;                  1    wreg      void 
  5985 ;; Registers used:
  5986 ;;		wreg
  5987 ;; Tracked objects:
  5988 ;;		On entry : 0/0
  5989 ;;		On exit  : 0/0
  5990 ;;		Unchanged: 0/0
  5991 ;; Data sizes:     COMMON   BANK0   BANK1   BANK3   BANK2
  5992 ;;      Params:         0       0       0       0       0
  5993 ;;      Locals:         1       0       0       0       0
  5994 ;;      Temps:          0       0       0       0       0
  5995 ;;      Totals:         1       0       0       0       0
  5996 ;;Total ram usage:        1 bytes
  5997 ;; Hardware stack levels used: 1
  5998 ;; Hardware stack levels required when called: 1
  5999 ;; This function calls:
  6000 ;;		Nothing
  6001 ;; This function is called by:
  6002 ;;		_puts
  6003 ;; This function uses a non-reentrant model
  6004 ;;
  6005                           
  6006     1102                     _putchar:	
  6007                           ;psect for function _putchar
  6008                           
  6009                           
  6010                           ;incstack = 0
  6011                           ; Regs used in _putchar: [wreg]
  6012                           ;putchar@data stored from wreg
  6013     1102  00F2               	movwf	putchar@data
  6014     1103                     l3865:
  6015                           
  6016                           ;uart.c: 34: void putchar(unsigned char data);uart.c: 35: {;uart.c: 37:     TXREG = data
      +                          ;
  6017     1103  0872               	movf	putchar@data,w
  6018     1104  1283               	bcf	3,5	;RP0=0, select bank0
  6019     1105  1303               	bcf	3,6	;RP1=0, select bank0
  6020     1106  0099               	movwf	25	;volatile
  6021     1107                     l565:	
  6022                           ;uart.c: 43:     } while (TXIF != 1);
  6023                           
  6024     1107  1E0C               	btfss	12,4	;volatile
  6025     1108  290A               	goto	u4231
  6026     1109  290B               	goto	u4230
  6027     110A                     u4231:
  6028     110A  2907               	goto	l565
  6029     110B                     u4230:
  6030     110B                     l566:
  6031                           
  6032                           ;uart.c: 46:     TXIF = 0;
  6033     110B  120C               	bcf	12,4	;volatile
  6034     110C                     l567:
  6035     110C  0008               	return
  6036     110D                     __end_of_putchar:
  6037                           
  6038                           	psect	text22
  6039     1777                     __ptext22:	
  6040 ;; *************** function _load_logs *****************
  6041 ;; Defined at:
  6042 ;;		line 320 in file "dashboard.c"
  6043 ;; Parameters:    Size  Location     Type
  6044 ;;  index           1    wreg     unsigned char 
  6045 ;; Auto vars:     Size  Location     Type
  6046 ;;  index           1    6[COMMON] unsigned char 
  6047 ;;  load_address    1    7[COMMON] unsigned char 
  6048 ;; Return value:  Size  Location     Type
  6049 ;;                  1    wreg      void 
  6050 ;; Registers used:
  6051 ;;		wreg, status,2, status,0, pclath, cstack
  6052 ;; Tracked objects:
  6053 ;;		On entry : 0/0
  6054 ;;		On exit  : 0/0
  6055 ;;		Unchanged: 0/0
  6056 ;; Data sizes:     COMMON   BANK0   BANK1   BANK3   BANK2
  6057 ;;      Params:         0       0       0       0       0
  6058 ;;      Locals:         2       0       0       0       0
  6059 ;;      Temps:          0       0       0       0       0
  6060 ;;      Totals:         2       0       0       0       0
  6061 ;;Total ram usage:        2 bytes
  6062 ;; Hardware stack levels used: 1
  6063 ;; Hardware stack levels required when called: 1
  6064 ;; This function calls:
  6065 ;;		___bmul
  6066 ;;		_read_external_eeprom
  6067 ;; This function is called by:
  6068 ;;		_view_log
  6069 ;;		_download_log
  6070 ;; This function uses a non-reentrant model
  6071 ;;
  6072                           
  6073     1777                     _load_logs:	
  6074                           ;psect for function _load_logs
  6075                           
  6076                           
  6077                           ;incstack = 0
  6078                           ; Regs used in _load_logs: [wreg+status,2+status,0+pclath+cstack]
  6079                           ;load_logs@index stored from wreg
  6080     1777  00F6               	movwf	load_logs@index
  6081     1778                     l4019:
  6082                           
  6083                           ;dashboard.c: 320: void load_logs(unsigned char index);dashboard.c: 321: {;dashboard.c: 
      +                          322:     unsigned char load_address = index * 10;
  6084     1778  300A               	movlw	10
  6085     1779  00F2               	movwf	___bmul@multiplicand
  6086     177A  0876               	movf	load_logs@index,w
  6087     177B  160A  118A  2120  160A  118A  	fcall	___bmul
  6088     1780  00F7               	movwf	load_logs@load_address
  6089     1781                     l4021:
  6090                           
  6091                           ;dashboard.c: 324:     EEPROM_data[0] = '0' + index;
  6092     1781  0876               	movf	load_logs@index,w
  6093     1782  3E30               	addlw	48
  6094     1783  1683               	bsf	3,5	;RP0=1, select bank1
  6095     1784  1303               	bcf	3,6	;RP1=0, select bank1
  6096     1785  00A2               	movwf	_EEPROM_data^(0+128)
  6097     1786                     l4023:
  6098                           
  6099                           ;dashboard.c: 325:     EEPROM_data[1] = ' ';
  6100     1786  3020               	movlw	32
  6101     1787  00A3               	movwf	(_EEPROM_data^(0+128)+1)
  6102     1788                     l4025:
  6103                           
  6104                           ;dashboard.c: 326:     EEPROM_data[2] = read_external_eeprom(load_address++);
  6105     1788  0877               	movf	load_logs@load_address,w
  6106     1789  160A  118A  2308  160A  118A  	fcall	_read_external_eeprom
  6107     178E  1683               	bsf	3,5	;RP0=1, select bank1
  6108     178F  1303               	bcf	3,6	;RP1=0, select bank1
  6109     1790  00A4               	movwf	(_EEPROM_data^(0+128)+2)
  6110     1791  3001               	movlw	1
  6111     1792  07F7               	addwf	load_logs@load_address,f
  6112     1793                     l4027:
  6113                           
  6114                           ;dashboard.c: 327:     EEPROM_data[3] = read_external_eeprom(load_address++);
  6115     1793  0877               	movf	load_logs@load_address,w
  6116     1794  160A  118A  2308  160A  118A  	fcall	_read_external_eeprom
  6117     1799  1683               	bsf	3,5	;RP0=1, select bank1
  6118     179A  1303               	bcf	3,6	;RP1=0, select bank1
  6119     179B  00A5               	movwf	(_EEPROM_data^(0+128)+3)
  6120     179C                     l4029:
  6121     179C  3001               	movlw	1
  6122     179D  07F7               	addwf	load_logs@load_address,f
  6123     179E                     l4031:
  6124                           
  6125                           ;dashboard.c: 328:     EEPROM_data[4] = ':';
  6126     179E  303A               	movlw	58
  6127     179F  00A6               	movwf	(_EEPROM_data^(0+128)+4)
  6128                           
  6129                           ;dashboard.c: 329:     EEPROM_data[5] = read_external_eeprom(load_address++);
  6130     17A0  0877               	movf	load_logs@load_address,w
  6131     17A1  160A  118A  2308  160A  118A  	fcall	_read_external_eeprom
  6132     17A6  1683               	bsf	3,5	;RP0=1, select bank1
  6133     17A7  1303               	bcf	3,6	;RP1=0, select bank1
  6134     17A8  00A7               	movwf	(_EEPROM_data^(0+128)+5)
  6135     17A9                     l4033:
  6136     17A9  3001               	movlw	1
  6137     17AA  07F7               	addwf	load_logs@load_address,f
  6138     17AB                     l4035:
  6139                           
  6140                           ;dashboard.c: 330:     EEPROM_data[6] = read_external_eeprom(load_address++);
  6141     17AB  0877               	movf	load_logs@load_address,w
  6142     17AC  160A  118A  2308  160A  118A  	fcall	_read_external_eeprom
  6143     17B1  1683               	bsf	3,5	;RP0=1, select bank1
  6144     17B2  1303               	bcf	3,6	;RP1=0, select bank1
  6145     17B3  00A8               	movwf	(_EEPROM_data^(0+128)+6)
  6146     17B4  3001               	movlw	1
  6147     17B5  07F7               	addwf	load_logs@load_address,f
  6148     17B6                     l4037:
  6149                           
  6150                           ;dashboard.c: 331:     EEPROM_data[7] = ':';
  6151     17B6  303A               	movlw	58
  6152     17B7  00A9               	movwf	(_EEPROM_data^(0+128)+7)
  6153     17B8                     l4039:
  6154                           
  6155                           ;dashboard.c: 332:     EEPROM_data[8] = read_external_eeprom(load_address++);
  6156     17B8  0877               	movf	load_logs@load_address,w
  6157     17B9  160A  118A  2308  160A  118A  	fcall	_read_external_eeprom
  6158     17BE  1683               	bsf	3,5	;RP0=1, select bank1
  6159     17BF  1303               	bcf	3,6	;RP1=0, select bank1
  6160     17C0  00AA               	movwf	(_EEPROM_data^(0+128)+8)
  6161     17C1                     l4041:
  6162     17C1  3001               	movlw	1
  6163     17C2  07F7               	addwf	load_logs@load_address,f
  6164                           
  6165                           ;dashboard.c: 333:     EEPROM_data[9] = read_external_eeprom(load_address++);
  6166     17C3  0877               	movf	load_logs@load_address,w
  6167     17C4  160A  118A  2308  160A  118A  	fcall	_read_external_eeprom
  6168     17C9  1683               	bsf	3,5	;RP0=1, select bank1
  6169     17CA  1303               	bcf	3,6	;RP1=0, select bank1
  6170     17CB  00AB               	movwf	(_EEPROM_data^(0+128)+9)
  6171     17CC                     l4043:
  6172     17CC  3001               	movlw	1
  6173     17CD  07F7               	addwf	load_logs@load_address,f
  6174     17CE                     l4045:
  6175                           
  6176                           ;dashboard.c: 334:     EEPROM_data[10] = ' ';
  6177     17CE  3020               	movlw	32
  6178     17CF  00AC               	movwf	(_EEPROM_data^(0+128)+10)
  6179     17D0                     l4047:
  6180                           
  6181                           ;dashboard.c: 335:     EEPROM_data[11] = read_external_eeprom(load_address++);
  6182     17D0  0877               	movf	load_logs@load_address,w
  6183     17D1  160A  118A  2308  160A  118A  	fcall	_read_external_eeprom
  6184     17D6  1683               	bsf	3,5	;RP0=1, select bank1
  6185     17D7  1303               	bcf	3,6	;RP1=0, select bank1
  6186     17D8  00AD               	movwf	(_EEPROM_data^(0+128)+11)
  6187     17D9  3001               	movlw	1
  6188     17DA  07F7               	addwf	load_logs@load_address,f
  6189     17DB                     l4049:
  6190                           
  6191                           ;dashboard.c: 336:     EEPROM_data[12] = read_external_eeprom(load_address++);
  6192     17DB  0877               	movf	load_logs@load_address,w
  6193     17DC  160A  118A  2308  160A  118A  	fcall	_read_external_eeprom
  6194     17E1  1683               	bsf	3,5	;RP0=1, select bank1
  6195     17E2  1303               	bcf	3,6	;RP1=0, select bank1
  6196     17E3  00AE               	movwf	(_EEPROM_data^(0+128)+12)
  6197     17E4                     l4051:
  6198     17E4  3001               	movlw	1
  6199     17E5  07F7               	addwf	load_logs@load_address,f
  6200     17E6                     l4053:
  6201                           
  6202                           ;dashboard.c: 337:     EEPROM_data[13] = ' ';
  6203     17E6  3020               	movlw	32
  6204     17E7  00AF               	movwf	(_EEPROM_data^(0+128)+13)
  6205                           
  6206                           ;dashboard.c: 338:     EEPROM_data[14] = read_external_eeprom(load_address++);
  6207     17E8  0877               	movf	load_logs@load_address,w
  6208     17E9  160A  118A  2308  160A  118A  	fcall	_read_external_eeprom
  6209     17EE  1683               	bsf	3,5	;RP0=1, select bank1
  6210     17EF  1303               	bcf	3,6	;RP1=0, select bank1
  6211     17F0  00B0               	movwf	(_EEPROM_data^(0+128)+14)
  6212     17F1                     l4055:
  6213     17F1  3001               	movlw	1
  6214     17F2  07F7               	addwf	load_logs@load_address,f
  6215     17F3                     l4057:
  6216                           
  6217                           ;dashboard.c: 339:     EEPROM_data[15] = read_external_eeprom(load_address++);
  6218     17F3  0877               	movf	load_logs@load_address,w
  6219     17F4  160A  118A  2308  160A  118A  	fcall	_read_external_eeprom
  6220     17F9  1683               	bsf	3,5	;RP0=1, select bank1
  6221     17FA  1303               	bcf	3,6	;RP1=0, select bank1
  6222     17FB  00B1               	movwf	(_EEPROM_data^(0+128)+15)
  6223     17FC  3001               	movlw	1
  6224     17FD  07F7               	addwf	load_logs@load_address,f
  6225     17FE                     l4059:
  6226                           
  6227                           ;dashboard.c: 340:     EEPROM_data[16] = '\0';
  6228     17FE  01B2               	clrf	(_EEPROM_data^(0+128)+16)
  6229     17FF                     l408:
  6230     17FF  0008               	return
  6231     1800                     __end_of_load_logs:
  6232                           
  6233                           	psect	text23
  6234     1308                     __ptext23:	
  6235 ;; *************** function _read_external_eeprom *****************
  6236 ;; Defined at:
  6237 ;;		line 14 in file "external_eeprom.c"
  6238 ;; Parameters:    Size  Location     Type
  6239 ;;  address         1    wreg     unsigned char 
  6240 ;; Auto vars:     Size  Location     Type
  6241 ;;  address         1    4[COMMON] unsigned char 
  6242 ;;  data            1    5[COMMON] unsigned char 
  6243 ;; Return value:  Size  Location     Type
  6244 ;;                  1    wreg      unsigned char 
  6245 ;; Registers used:
  6246 ;;		wreg, status,2, status,0, pclath, cstack
  6247 ;; Tracked objects:
  6248 ;;		On entry : 0/0
  6249 ;;		On exit  : 0/0
  6250 ;;		Unchanged: 0/0
  6251 ;; Data sizes:     COMMON   BANK0   BANK1   BANK3   BANK2
  6252 ;;      Params:         0       0       0       0       0
  6253 ;;      Locals:         2       0       0       0       0
  6254 ;;      Temps:          0       0       0       0       0
  6255 ;;      Totals:         2       0       0       0       0
  6256 ;;Total ram usage:        2 bytes
  6257 ;; Hardware stack levels used: 1
  6258 ;; Hardware stack levels required when called: 2
  6259 ;; This function calls:
  6260 ;;		_i2c_read
  6261 ;;		_i2c_rep_start
  6262 ;;		_i2c_start
  6263 ;;		_i2c_stop
  6264 ;;		_i2c_write
  6265 ;; This function is called by:
  6266 ;;		_load_logs
  6267 ;; This function uses a non-reentrant model
  6268 ;;
  6269                           
  6270     1308                     _read_external_eeprom:	
  6271                           ;psect for function _read_external_eeprom
  6272                           
  6273                           
  6274                           ;incstack = 0
  6275                           ; Regs used in _read_external_eeprom: [wreg+status,2+status,0+pclath+cstack]
  6276                           ;read_external_eeprom@address stored from wreg
  6277     1308  00F4               	movwf	read_external_eeprom@address
  6278     1309                     l3859:
  6279                           
  6280                           ;external_eeprom.c: 14: unsigned char read_external_eeprom(unsigned char address);extern
      +                          al_eeprom.c: 15: {;external_eeprom.c: 16:     unsigned char data;;external_eeprom.c: 18:
      +                               i2c_start();
  6281     1309  160A  118A  20D0  160A  118A  	fcall	_i2c_start
  6282                           
  6283                           ;external_eeprom.c: 19:     i2c_write(0xA0);
  6284     130E  30A0               	movlw	160
  6285     130F  160A  118A  20F7  160A  118A  	fcall	_i2c_write
  6286                           
  6287                           ;external_eeprom.c: 20:     i2c_write(address);
  6288     1314  0874               	movf	read_external_eeprom@address,w
  6289     1315  160A  118A  20F7  160A  118A  	fcall	_i2c_write
  6290                           
  6291                           ;external_eeprom.c: 21:     i2c_rep_start();
  6292     131A  160A  118A  20EC  160A  118A  	fcall	_i2c_rep_start
  6293                           
  6294                           ;external_eeprom.c: 22:     i2c_write(0xA1);
  6295     131F  30A1               	movlw	161
  6296     1320  160A  118A  20F7  160A  118A  	fcall	_i2c_write
  6297                           
  6298                           ;external_eeprom.c: 23:     data = i2c_read(0);
  6299     1325  3000               	movlw	0
  6300     1326  160A  118A  21B0  160A  118A  	fcall	_i2c_read
  6301     132B  00F5               	movwf	read_external_eeprom@data
  6302                           
  6303                           ;external_eeprom.c: 24:     i2c_stop();
  6304     132C  160A  118A  20D9  160A  118A  	fcall	_i2c_stop
  6305     1331                     l3861:
  6306                           
  6307                           ;external_eeprom.c: 26:     return data;
  6308     1331  0875               	movf	read_external_eeprom@data,w
  6309     1332                     l525:
  6310     1332  0008               	return
  6311     1333                     __end_of_read_external_eeprom:
  6312                           
  6313                           	psect	text24
  6314     1120                     __ptext24:	
  6315 ;; *************** function ___bmul *****************
  6316 ;; Defined at:
  6317 ;;		line 4 in file "C:\Program Files\Microchip\xc8\v3.10\pic\sources\c99\common\Umul8.c"
  6318 ;; Parameters:    Size  Location     Type
  6319 ;;  multiplier      1    wreg     unsigned char 
  6320 ;;  multiplicand    1    2[COMMON] unsigned char 
  6321 ;; Auto vars:     Size  Location     Type
  6322 ;;  multiplier      1    4[COMMON] unsigned char 
  6323 ;;  product         1    3[COMMON] unsigned char 
  6324 ;; Return value:  Size  Location     Type
  6325 ;;                  1    wreg      unsigned char 
  6326 ;; Registers used:
  6327 ;;		wreg, status,2, status,0
  6328 ;; Tracked objects:
  6329 ;;		On entry : 0/0
  6330 ;;		On exit  : 0/0
  6331 ;;		Unchanged: 0/0
  6332 ;; Data sizes:     COMMON   BANK0   BANK1   BANK3   BANK2
  6333 ;;      Params:         1       0       0       0       0
  6334 ;;      Locals:         2       0       0       0       0
  6335 ;;      Temps:          0       0       0       0       0
  6336 ;;      Totals:         3       0       0       0       0
  6337 ;;Total ram usage:        3 bytes
  6338 ;; Hardware stack levels used: 1
  6339 ;; Hardware stack levels required when called: 1
  6340 ;; This function calls:
  6341 ;;		Nothing
  6342 ;; This function is called by:
  6343 ;;		_load_logs
  6344 ;;		_set_time
  6345 ;; This function uses a non-reentrant model
  6346 ;;
  6347                           
  6348     1120                     ___bmul:	
  6349                           ;psect for function ___bmul
  6350                           
  6351                           
  6352                           ;incstack = 0
  6353                           ; Regs used in ___bmul: [wreg+status,2+status,0]
  6354                           ;___bmul@multiplier stored from wreg
  6355     1120  00F4               	movwf	___bmul@multiplier
  6356     1121                     l3867:
  6357     1121  01F3               	clrf	___bmul@product
  6358     1122                     l3869:
  6359     1122  1C74               	btfss	___bmul@multiplier,0
  6360     1123  2925               	goto	u4241
  6361     1124  2926               	goto	u4240
  6362     1125                     u4241:
  6363     1125  2928               	goto	l3873
  6364     1126                     u4240:
  6365     1126                     l3871:
  6366     1126  0872               	movf	___bmul@multiplicand,w
  6367     1127  07F3               	addwf	___bmul@product,f
  6368     1128                     l3873:
  6369     1128  1003               	clrc
  6370     1129  0DF2               	rlf	___bmul@multiplicand,f
  6371     112A                     l3875:
  6372     112A  1003               	clrc
  6373     112B  0CF4               	rrf	___bmul@multiplier,f
  6374     112C  0874               	movf	___bmul@multiplier,w
  6375     112D  1D03               	btfss	3,2
  6376     112E  2930               	goto	u4251
  6377     112F  2931               	goto	u4250
  6378     1130                     u4251:
  6379     1130  2922               	goto	l3869
  6380     1131                     u4250:
  6381     1131                     l3877:
  6382     1131  0873               	movf	___bmul@product,w
  6383     1132                     l685:
  6384     1132  0008               	return
  6385     1133                     __end_of___bmul:
  6386                           
  6387                           	psect	text25
  6388     0A57                     __ptext25:	
  6389 ;; *************** function _display_menu *****************
  6390 ;; Defined at:
  6391 ;;		line 225 in file "dashboard.c"
  6392 ;; Parameters:    Size  Location     Type
  6393 ;;  key             1    wreg     unsigned char 
  6394 ;; Auto vars:     Size  Location     Type
  6395 ;;  key             1    9[COMMON] unsigned char 
  6396 ;; Return value:  Size  Location     Type
  6397 ;;                  1    wreg      void 
  6398 ;; Registers used:
  6399 ;;		wreg, fsr0l, fsr0h, status,2, status,0, pclath, btemp1, cstack
  6400 ;; Tracked objects:
  6401 ;;		On entry : 0/0
  6402 ;;		On exit  : 0/0
  6403 ;;		Unchanged: 0/0
  6404 ;; Data sizes:     COMMON   BANK0   BANK1   BANK3   BANK2
  6405 ;;      Params:         0       0       0       0       0
  6406 ;;      Locals:         1       0       0       0       0
  6407 ;;      Temps:          0       2       0       0       0
  6408 ;;      Totals:         1       2       0       0       0
  6409 ;;Total ram usage:        3 bytes
  6410 ;; Hardware stack levels used: 1
  6411 ;; Hardware stack levels required when called: 2
  6412 ;; This function calls:
  6413 ;;		_clcd_print
  6414 ;;		_clcd_putch
  6415 ;;		_clear_clcd
  6416 ;; This function is called by:
  6417 ;;		_main
  6418 ;; This function uses a non-reentrant model
  6419 ;;
  6420                           
  6421     0A57                     _display_menu:	
  6422                           ;psect for function _display_menu
  6423                           
  6424                           
  6425                           ;incstack = 0
  6426                           ; Regs used in _display_menu: [wreg-fsr0h+status,2+status,0+pclath+btemp1+cstack]
  6427                           ;display_menu@key stored from wreg
  6428     0A57  00F9               	movwf	display_menu@key
  6429     0A58                     l4637:
  6430                           
  6431                           ;dashboard.c: 225: void display_menu(unsigned char key);dashboard.c: 226: {;dashboard.c:
      +                           228:     if(key == 0x3D)
  6432     0A58  303D               	movlw	61
  6433     0A59  0679               	xorwf	display_menu@key,w
  6434     0A5A  1D03               	btfss	3,2
  6435     0A5B  2A5D               	goto	u5621
  6436     0A5C  2A5E               	goto	u5620
  6437     0A5D                     u5621:
  6438     0A5D  2A70               	goto	l379
  6439     0A5E                     u5620:
  6440     0A5E                     l4639:
  6441                           
  6442                           ;dashboard.c: 229:     {;dashboard.c: 230:         if(cursor == 0)
  6443     0A5E  1283               	bcf	3,5	;RP0=0, select bank0
  6444     0A5F  1303               	bcf	3,6	;RP1=0, select bank0
  6445     0A60  0867               	movf	_cursor,w
  6446     0A61  1D03               	btfss	3,2
  6447     0A62  2A64               	goto	u5631
  6448     0A63  2A65               	goto	u5630
  6449     0A64                     u5631:
  6450     0A64  2A68               	goto	l4643
  6451     0A65                     u5630:
  6452     0A65                     l4641:
  6453                           
  6454                           ;dashboard.c: 231:         {;dashboard.c: 232:             cursor = 1;
  6455     0A65  3001               	movlw	1
  6456     0A66  00E7               	movwf	_cursor
  6457                           
  6458                           ;dashboard.c: 233:         }
  6459     0A67  2A70               	goto	l379
  6460     0A68                     l4643:
  6461                           
  6462                           ;dashboard.c: 235:         {;dashboard.c: 236:             if(menu_index < MENU_COUNT - 
      +                          2)
  6463     0A68  3003               	movlw	3
  6464     0A69  0268               	subwf	_menu_index,w
  6465     0A6A  1803               	skipnc
  6466     0A6B  2A6D               	goto	u5641
  6467     0A6C  2A6E               	goto	u5640
  6468     0A6D                     u5641:
  6469     0A6D  2A70               	goto	l379
  6470     0A6E                     u5640:
  6471     0A6E                     l4645:
  6472                           
  6473                           ;dashboard.c: 237:             {;dashboard.c: 238:                 menu_index++;
  6474     0A6E  3001               	movlw	1
  6475     0A6F  07E8               	addwf	_menu_index,f
  6476     0A70                     l379:	
  6477                           ;dashboard.c: 241:     }
  6478                           
  6479                           
  6480                           ;dashboard.c: 243:     if(key == 0x3E)
  6481     0A70  303E               	movlw	62
  6482     0A71  0679               	xorwf	display_menu@key,w
  6483     0A72  1D03               	btfss	3,2
  6484     0A73  2A75               	goto	u5651
  6485     0A74  2A76               	goto	u5650
  6486     0A75                     u5651:
  6487     0A75  2A86               	goto	l4655
  6488     0A76                     u5650:
  6489     0A76                     l4647:
  6490                           
  6491                           ;dashboard.c: 244:     {;dashboard.c: 245:         if(cursor == 1)
  6492     0A76  1283               	bcf	3,5	;RP0=0, select bank0
  6493     0A77  1303               	bcf	3,6	;RP1=0, select bank0
  6494     0A78  0367               	decf	_cursor,w
  6495     0A79  1D03               	btfss	3,2
  6496     0A7A  2A7C               	goto	u5661
  6497     0A7B  2A7D               	goto	u5660
  6498     0A7C                     u5661:
  6499     0A7C  2A7F               	goto	l4651
  6500     0A7D                     u5660:
  6501     0A7D                     l4649:
  6502                           
  6503                           ;dashboard.c: 246:         {;dashboard.c: 247:             cursor = 0;
  6504     0A7D  01E7               	clrf	_cursor
  6505                           
  6506                           ;dashboard.c: 248:         }
  6507     0A7E  2A86               	goto	l4655
  6508     0A7F                     l4651:
  6509                           
  6510                           ;dashboard.c: 250:         {;dashboard.c: 251:             if(menu_index > 0)
  6511     0A7F  0868               	movf	_menu_index,w
  6512     0A80  1903               	btfsc	3,2
  6513     0A81  2A83               	goto	u5671
  6514     0A82  2A84               	goto	u5670
  6515     0A83                     u5671:
  6516     0A83  2A86               	goto	l4655
  6517     0A84                     u5670:
  6518     0A84                     l4653:
  6519                           
  6520                           ;dashboard.c: 252:             {;dashboard.c: 253:                 menu_index--;
  6521     0A84  3001               	movlw	1
  6522     0A85  02E8               	subwf	_menu_index,f
  6523     0A86                     l4655:
  6524                           
  6525                           ;dashboard.c: 259:     clcd_print(menu[menu_index], (0x80 + 2));
  6526     0A86  1283               	bcf	3,5	;RP0=0, select bank0
  6527     0A87  1303               	bcf	3,6	;RP1=0, select bank0
  6528     0A88  0E68               	swapf	_menu_index,w
  6529     0A89  39F0               	andlw	240
  6530     0A8A  0768               	addwf	_menu_index,w
  6531     0A8B  3E12               	addlw	low (_menu| (0+32768))
  6532     0A8C  00F6               	movwf	clcd_print@str
  6533     0A8D  3083               	movlw	high (_menu| (0+32768))
  6534     0A8E  1803               	skipnc
  6535     0A8F  3E01               	addlw	1
  6536     0A90  00F7               	movwf	clcd_print@str+1
  6537     0A91  3082               	movlw	130
  6538     0A92  00F8               	movwf	clcd_print@addr
  6539     0A93  160A  118A  2333  120A  158A  	fcall	_clcd_print
  6540     0A98                     l4657:
  6541                           
  6542                           ;dashboard.c: 261:     if(menu_index + 1 < MENU_COUNT)
  6543     0A98  1283               	bcf	3,5	;RP0=0, select bank0
  6544     0A99  1303               	bcf	3,6	;RP1=0, select bank0
  6545     0A9A  0868               	movf	_menu_index,w
  6546     0A9B  3E01               	addlw	1
  6547     0A9C  00A0               	movwf	??_display_menu
  6548     0A9D  3000               	movlw	0
  6549     0A9E  1803               	skipnc
  6550     0A9F  3001               	movlw	1
  6551     0AA0  00A1               	movwf	??_display_menu+1
  6552     0AA1  0821               	movf	??_display_menu+1,w
  6553     0AA2  3A80               	xorlw	128
  6554     0AA3  00FF               	movwf	btemp1
  6555     0AA4  3080               	movlw	128
  6556     0AA5  027F               	subwf	btemp1,w
  6557     0AA6  1D03               	skipz
  6558     0AA7  2AAA               	goto	u5685
  6559     0AA8  3005               	movlw	5
  6560     0AA9  0220               	subwf	??_display_menu,w
  6561     0AAA                     u5685:
  6562     0AAA  1803               	skipnc
  6563     0AAB  2AAD               	goto	u5681
  6564     0AAC  2AAE               	goto	u5680
  6565     0AAD                     u5681:
  6566     0AAD  2AC0               	goto	l4661
  6567     0AAE                     u5680:
  6568     0AAE                     l4659:
  6569                           
  6570                           ;dashboard.c: 262:         clcd_print(menu[menu_index + 1], (0xC0 + 2));
  6571     0AAE  1283               	bcf	3,5	;RP0=0, select bank0
  6572     0AAF  1303               	bcf	3,6	;RP1=0, select bank0
  6573     0AB0  0E68               	swapf	_menu_index,w
  6574     0AB1  39F0               	andlw	240
  6575     0AB2  0768               	addwf	_menu_index,w
  6576     0AB3  3E23               	addlw	low ((_menu| (0+32768)+17))
  6577     0AB4  00F6               	movwf	clcd_print@str
  6578     0AB5  3083               	movlw	high ((_menu| (0+32768)+17))
  6579     0AB6  1803               	skipnc
  6580     0AB7  3E01               	addlw	1
  6581     0AB8  00F7               	movwf	clcd_print@str+1
  6582     0AB9  30C2               	movlw	194
  6583     0ABA  00F8               	movwf	clcd_print@addr
  6584     0ABB  160A  118A  2333  120A  158A  	fcall	_clcd_print
  6585     0AC0                     l4661:
  6586                           
  6587                           ;dashboard.c: 264:     if(cursor == 0)
  6588     0AC0  1283               	bcf	3,5	;RP0=0, select bank0
  6589     0AC1  1303               	bcf	3,6	;RP1=0, select bank0
  6590     0AC2  0867               	movf	_cursor,w
  6591     0AC3  1D03               	btfss	3,2
  6592     0AC4  2AC6               	goto	u5691
  6593     0AC5  2AC7               	goto	u5690
  6594     0AC6                     u5691:
  6595     0AC6  2AD8               	goto	l4665
  6596     0AC7                     u5690:
  6597     0AC7                     l4663:
  6598                           
  6599                           ;dashboard.c: 265:     {;dashboard.c: 266:         clcd_putch('*', (0x80 + 0));
  6600     0AC7  3080               	movlw	128
  6601     0AC8  00F6               	movwf	clcd_putch@addr
  6602     0AC9  302A               	movlw	42
  6603     0ACA  120A  118A  22EF  120A  158A  	fcall	_clcd_putch
  6604                           
  6605                           ;dashboard.c: 267:         clcd_putch(' ', (0xC0 + 0));
  6606     0ACF  30C0               	movlw	192
  6607     0AD0  00F6               	movwf	clcd_putch@addr
  6608     0AD1  3020               	movlw	32
  6609     0AD2  120A  118A  22EF  120A  158A  	fcall	_clcd_putch
  6610                           
  6611                           ;dashboard.c: 268:     }
  6612     0AD7  2AE8               	goto	l4667
  6613     0AD8                     l4665:
  6614                           
  6615                           ;dashboard.c: 270:     {;dashboard.c: 271:         clcd_putch(' ', (0x80 + 0));
  6616     0AD8  3080               	movlw	128
  6617     0AD9  00F6               	movwf	clcd_putch@addr
  6618     0ADA  3020               	movlw	32
  6619     0ADB  120A  118A  22EF  120A  158A  	fcall	_clcd_putch
  6620                           
  6621                           ;dashboard.c: 272:         clcd_putch('*', (0xC0 + 0));
  6622     0AE0  30C0               	movlw	192
  6623     0AE1  00F6               	movwf	clcd_putch@addr
  6624     0AE2  302A               	movlw	42
  6625     0AE3  120A  118A  22EF  120A  158A  	fcall	_clcd_putch
  6626     0AE8                     l4667:
  6627                           
  6628                           ;dashboard.c: 277:     if(key == 0x37)
  6629     0AE8  3037               	movlw	55
  6630     0AE9  0679               	xorwf	display_menu@key,w
  6631     0AEA  1D03               	btfss	3,2
  6632     0AEB  2AED               	goto	u5701
  6633     0AEC  2AEE               	goto	u5700
  6634     0AED                     u5701:
  6635     0AED  2B1B               	goto	l4675
  6636     0AEE                     u5700:
  6637     0AEE  2AFE               	goto	l4673
  6638     0AEF                     l392:	
  6639                           ;dashboard.c: 281:         {;dashboard.c: 282:             case 0:
  6640                           
  6641                           
  6642                           ;dashboard.c: 283:                 operation = 3;
  6643     0AEF  3003               	movlw	3
  6644     0AF0  00EC               	movwf	_operation
  6645                           
  6646                           ;dashboard.c: 284:                 break;
  6647     0AF1  2B1B               	goto	l4675
  6648     0AF2                     l394:	
  6649                           ;dashboard.c: 286:             case 1:
  6650                           
  6651                           
  6652                           ;dashboard.c: 287:                 operation = 4;
  6653     0AF2  3004               	movlw	4
  6654     0AF3  00EC               	movwf	_operation
  6655                           
  6656                           ;dashboard.c: 288:                 break;
  6657     0AF4  2B1B               	goto	l4675
  6658     0AF5                     l395:	
  6659                           ;dashboard.c: 290:             case 2:
  6660                           
  6661                           
  6662                           ;dashboard.c: 291:                 operation = 5;
  6663     0AF5  3005               	movlw	5
  6664     0AF6  00EC               	movwf	_operation
  6665                           
  6666                           ;dashboard.c: 292:                 break;
  6667     0AF7  2B1B               	goto	l4675
  6668     0AF8                     l396:	
  6669                           ;dashboard.c: 294:             case 3:
  6670                           
  6671                           
  6672                           ;dashboard.c: 295:                 operation = 6;
  6673     0AF8  3006               	movlw	6
  6674     0AF9  00EC               	movwf	_operation
  6675                           
  6676                           ;dashboard.c: 296:                 break;
  6677     0AFA  2B1B               	goto	l4675
  6678     0AFB                     l397:	
  6679                           ;dashboard.c: 298:             case 4:
  6680                           
  6681                           
  6682                           ;dashboard.c: 299:                 operation = 7;
  6683     0AFB  3007               	movlw	7
  6684     0AFC  00EC               	movwf	_operation
  6685                           
  6686                           ;dashboard.c: 300:                 break;
  6687     0AFD  2B1B               	goto	l4675
  6688     0AFE                     l4673:
  6689     0AFE  1283               	bcf	3,5	;RP0=0, select bank0
  6690     0AFF  1303               	bcf	3,6	;RP1=0, select bank0
  6691     0B00  0868               	movf	_menu_index,w
  6692     0B01  0767               	addwf	_cursor,w
  6693     0B02  00A0               	movwf	??_display_menu
  6694     0B03  01A1               	clrf	??_display_menu+1
  6695     0B04  0DA1               	rlf	??_display_menu+1,f
  6696                           
  6697                           ; Switch on 2 bytes has been partitioned into a top level switch of size 1, and 1 sub-sw
      +                          itches
  6698                           ; Switch size 1, requested type "simple"
  6699                           ; Number of cases is 1, Range of values is 0 to 0
  6700                           ; switch strategies available:
  6701                           ; Name         Instructions Cycles
  6702                           ; simple_byte            4     3 (average)
  6703                           ; direct_byte           11     8 (fixed)
  6704                           ; jumptable            260     6 (fixed)
  6705                           ;	Chosen strategy is simple_byte
  6706     0B05  0821               	movf	??_display_menu+1,w
  6707     0B06  3A00               	xorlw	0	; case 0
  6708     0B07  1903               	skipnz
  6709     0B08  2B0A               	goto	l5079
  6710     0B09  2B1B               	goto	l4675
  6711     0B0A                     l5079:
  6712                           
  6713                           ; Switch size 1, requested type "simple"
  6714                           ; Number of cases is 5, Range of values is 0 to 4
  6715                           ; switch strategies available:
  6716                           ; Name         Instructions Cycles
  6717                           ; simple_byte           16     9 (average)
  6718                           ; direct_byte           23     8 (fixed)
  6719                           ; jumptable            260     6 (fixed)
  6720                           ;	Chosen strategy is simple_byte
  6721     0B0A  0820               	movf	??_display_menu,w
  6722     0B0B  3A00               	xorlw	0	; case 0
  6723     0B0C  1903               	skipnz
  6724     0B0D  2AEF               	goto	l392
  6725     0B0E  3A01               	xorlw	1	; case 1
  6726     0B0F  1903               	skipnz
  6727     0B10  2AF2               	goto	l394
  6728     0B11  3A03               	xorlw	3	; case 2
  6729     0B12  1903               	skipnz
  6730     0B13  2AF5               	goto	l395
  6731     0B14  3A01               	xorlw	1	; case 3
  6732     0B15  1903               	skipnz
  6733     0B16  2AF8               	goto	l396
  6734     0B17  3A07               	xorlw	7	; case 4
  6735     0B18  1903               	skipnz
  6736     0B19  2AFB               	goto	l397
  6737     0B1A  2B1B               	goto	l4675
  6738     0B1B                     l4675:
  6739                           
  6740                           ;dashboard.c: 304:     if (key == 0x2F){
  6741     0B1B  302F               	movlw	47
  6742     0B1C  0679               	xorwf	display_menu@key,w
  6743     0B1D  1D03               	btfss	3,2
  6744     0B1E  2B20               	goto	u5711
  6745     0B1F  2B21               	goto	u5710
  6746     0B20                     u5711:
  6747     0B20  2B2B               	goto	l399
  6748     0B21                     u5710:
  6749     0B21                     l4677:
  6750                           
  6751                           ;dashboard.c: 305:         operation = 0;
  6752     0B21  1283               	bcf	3,5	;RP0=0, select bank0
  6753     0B22  1303               	bcf	3,6	;RP1=0, select bank0
  6754     0B23  01EC               	clrf	_operation
  6755                           
  6756                           ;dashboard.c: 306:         menu_index = 0;
  6757     0B24  01E8               	clrf	_menu_index
  6758                           
  6759                           ;dashboard.c: 307:         cursor = 0;
  6760     0B25  01E7               	clrf	_cursor
  6761     0B26                     l4679:
  6762                           
  6763                           ;dashboard.c: 308:         clear_clcd();
  6764     0B26  160A  118A  215A  120A  158A  	fcall	_clear_clcd
  6765     0B2B                     l399:
  6766     0B2B  0008               	return
  6767     0B2C                     __end_of_display_menu:
  6768                           
  6769                           	psect	text26
  6770     0B2C                     __ptext26:	
  6771 ;; *************** function _dashboard *****************
  6772 ;; Defined at:
  6773 ;;		line 20 in file "dashboard.c"
  6774 ;; Parameters:    Size  Location     Type
  6775 ;;  key             1    wreg     unsigned char 
  6776 ;; Auto vars:     Size  Location     Type
  6777 ;;  key             1    0[BANK1 ] unsigned char 
  6778 ;; Return value:  Size  Location     Type
  6779 ;;                  1    wreg      void 
  6780 ;; Registers used:
  6781 ;;		wreg, fsr0l, fsr0h, status,2, status,0, pclath, btemp1, cstack
  6782 ;; Tracked objects:
  6783 ;;		On entry : 0/0
  6784 ;;		On exit  : 0/0
  6785 ;;		Unchanged: 0/0
  6786 ;; Data sizes:     COMMON   BANK0   BANK1   BANK3   BANK2
  6787 ;;      Params:         0       0       0       0       0
  6788 ;;      Locals:         0       0       1       0       0
  6789 ;;      Temps:          0       4       0       0       0
  6790 ;;      Totals:         0       4       1       0       0
  6791 ;;Total ram usage:        5 bytes
  6792 ;; Hardware stack levels used: 1
  6793 ;; Hardware stack levels required when called: 6
  6794 ;; This function calls:
  6795 ;;		___awdiv
  6796 ;;		___awmod
  6797 ;;		___fldiv
  6798 ;;		___fltol
  6799 ;;		___xxtofl
  6800 ;;		_clcd_print
  6801 ;;		_display_time
  6802 ;;		_get_time
  6803 ;;		_read_adc
  6804 ;;		_store_event
  6805 ;; This function is called by:
  6806 ;;		_main
  6807 ;; This function uses a non-reentrant model
  6808 ;;
  6809                           
  6810     0B2C                     _dashboard:	
  6811                           ;psect for function _dashboard
  6812                           
  6813                           
  6814                           ;incstack = 0
  6815                           ; Regs used in _dashboard: [wreg-fsr0h+status,2+status,0+pclath+btemp1+cstack]
  6816                           ;dashboard@key stored from wreg
  6817     0B2C  1683               	bsf	3,5	;RP0=1, select bank1
  6818     0B2D  1303               	bcf	3,6	;RP1=0, select bank1
  6819     0B2E  00EB               	movwf	dashboard@key^(0+128)
  6820     0B2F                     l4475:
  6821                           
  6822                           ;dashboard.c: 21:         clcd_print(" TIME     EV  SP", (0x80 + 0));
  6823     0B2F  30B2               	movlw	low (STR_10| (0+32768))
  6824     0B30  00F6               	movwf	clcd_print@str
  6825     0B31  3084               	movlw	high (STR_10| (0+32768))
  6826     0B32  00F7               	movwf	clcd_print@str+1
  6827     0B33  3080               	movlw	128
  6828     0B34  00F8               	movwf	clcd_print@addr
  6829     0B35  160A  118A  2333  120A  158A  	fcall	_clcd_print
  6830     0B3A                     l4477:
  6831                           
  6832                           ;dashboard.c: 24:         get_time(clock_reg);
  6833     0B3A  30C5               	movlw	(low (_clock_reg| 0))& (0+255)
  6834     0B3B  00F6               	movwf	get_time@clock_reg
  6835     0B3C  160A  118A  2190  120A  158A  	fcall	_get_time
  6836     0B41                     l4479:
  6837                           
  6838                           ;dashboard.c: 25:         display_time(clock_reg);
  6839     0B41  30C5               	movlw	(low (_clock_reg| 0))& (0+255)
  6840     0B42  00F9               	movwf	display_time@clock_reg
  6841     0B43  160A  118A  24FC  120A  158A  	fcall	_display_time
  6842     0B48                     l4481:
  6843                           
  6844                           ;dashboard.c: 28:         if (key == 0x3E)
  6845     0B48  303E               	movlw	62
  6846     0B49  1683               	bsf	3,5	;RP0=1, select bank1
  6847     0B4A  1303               	bcf	3,6	;RP1=0, select bank1
  6848     0B4B  066B               	xorwf	dashboard@key^(0+128),w
  6849     0B4C  1D03               	btfss	3,2
  6850     0B4D  2B4F               	goto	u5421
  6851     0B4E  2B50               	goto	u5420
  6852     0B4F                     u5421:
  6853     0B4F  2B68               	goto	l4493
  6854     0B50                     u5420:
  6855     0B50                     l4483:
  6856                           
  6857                           ;dashboard.c: 29:         {;dashboard.c: 30:             if (pos == 7){
  6858     0B50  3007               	movlw	7
  6859     0B51  1283               	bcf	3,5	;RP0=0, select bank0
  6860     0B52  1303               	bcf	3,6	;RP1=0, select bank0
  6861     0B53  066A               	xorwf	_pos,w
  6862     0B54  1D03               	btfss	3,2
  6863     0B55  2B57               	goto	u5431
  6864     0B56  2B58               	goto	u5430
  6865     0B57                     u5431:
  6866     0B57  2B5A               	goto	l4487
  6867     0B58                     u5430:
  6868     0B58                     l4485:
  6869                           
  6870                           ;dashboard.c: 31:                 pos = 1;
  6871     0B58  3001               	movlw	1
  6872     0B59  00EA               	movwf	_pos
  6873     0B5A                     l4487:
  6874                           
  6875                           ;dashboard.c: 33:             if (pos < 6){
  6876     0B5A  3006               	movlw	6
  6877     0B5B  026A               	subwf	_pos,w
  6878     0B5C  1803               	skipnc
  6879     0B5D  2B5F               	goto	u5441
  6880     0B5E  2B60               	goto	u5440
  6881     0B5F                     u5441:
  6882     0B5F  2B62               	goto	l4491
  6883     0B60                     u5440:
  6884     0B60                     l4489:
  6885                           
  6886                           ;dashboard.c: 34:                 pos++;
  6887     0B60  3001               	movlw	1
  6888     0B61  07EA               	addwf	_pos,f
  6889     0B62                     l4491:
  6890                           
  6891                           ;dashboard.c: 36:             store_event();
  6892     0B62  120A  118A  274E  120A  158A  	fcall	_store_event
  6893                           
  6894                           ;dashboard.c: 37:         }
  6895     0B67  2B8C               	goto	l293
  6896     0B68                     l4493:
  6897     0B68  303D               	movlw	61
  6898     0B69  066B               	xorwf	dashboard@key^(0+128),w
  6899     0B6A  1D03               	btfss	3,2
  6900     0B6B  2B6D               	goto	u5451
  6901     0B6C  2B6E               	goto	u5450
  6902     0B6D                     u5451:
  6903     0B6D  2B81               	goto	l4505
  6904     0B6E                     u5450:
  6905     0B6E                     l4495:
  6906                           
  6907                           ;dashboard.c: 39:         {;dashboard.c: 40:             if (pos == 7){
  6908     0B6E  3007               	movlw	7
  6909     0B6F  1283               	bcf	3,5	;RP0=0, select bank0
  6910     0B70  1303               	bcf	3,6	;RP1=0, select bank0
  6911     0B71  066A               	xorwf	_pos,w
  6912     0B72  1D03               	btfss	3,2
  6913     0B73  2B75               	goto	u5461
  6914     0B74  2B76               	goto	u5460
  6915     0B75                     u5461:
  6916     0B75  2B78               	goto	l4499
  6917     0B76                     u5460:
  6918     0B76                     l4497:
  6919                           
  6920                           ;dashboard.c: 41:                 pos = 1;
  6921     0B76  3001               	movlw	1
  6922     0B77  00EA               	movwf	_pos
  6923     0B78                     l4499:
  6924                           
  6925                           ;dashboard.c: 43:             if (pos > 1){
  6926     0B78  3002               	movlw	2
  6927     0B79  026A               	subwf	_pos,w
  6928     0B7A  1C03               	skipc
  6929     0B7B  2B7D               	goto	u5471
  6930     0B7C  2B7E               	goto	u5470
  6931     0B7D                     u5471:
  6932     0B7D  2B62               	goto	l4491
  6933     0B7E                     u5470:
  6934     0B7E                     l4501:
  6935                           
  6936                           ;dashboard.c: 44:                 pos--;
  6937     0B7E  3001               	movlw	1
  6938     0B7F  02EA               	subwf	_pos,f
  6939     0B80  2B62               	goto	l4491
  6940     0B81                     l4505:
  6941     0B81  303B               	movlw	59
  6942     0B82  066B               	xorwf	dashboard@key^(0+128),w
  6943     0B83  1D03               	btfss	3,2
  6944     0B84  2B86               	goto	u5481
  6945     0B85  2B87               	goto	u5480
  6946     0B86                     u5481:
  6947     0B86  2B8C               	goto	l293
  6948     0B87                     u5480:
  6949     0B87                     l4507:
  6950                           
  6951                           ;dashboard.c: 49:         {;dashboard.c: 50:             pos = 7;
  6952     0B87  3007               	movlw	7
  6953     0B88  1283               	bcf	3,5	;RP0=0, select bank0
  6954     0B89  1303               	bcf	3,6	;RP1=0, select bank0
  6955     0B8A  00EA               	movwf	_pos
  6956     0B8B  2B62               	goto	l4491
  6957     0B8C                     l293:
  6958                           
  6959                           ;dashboard.c: 53:         clcd_print(event[pos], (0xC0 + 10));
  6960     0B8C  1283               	bcf	3,5	;RP0=0, select bank0
  6961     0B8D  1303               	bcf	3,6	;RP1=0, select bank0
  6962     0B8E  086A               	movf	_pos,w
  6963     0B8F  00D0               	movwf	??_dashboard
  6964     0B90  0750               	addwf	??_dashboard,w
  6965     0B91  3EC8               	addlw	(low (_event| 0))& (0+255)
  6966     0B92  0084               	movwf	4
  6967     0B93  1383               	bcf	3,7	;select IRP bank1
  6968     0B94  0800               	movf	0,w
  6969     0B95  00F6               	movwf	clcd_print@str
  6970     0B96  0A84               	incf	4,f
  6971     0B97  0800               	movf	0,w
  6972     0B98  0384               	decf	4,f
  6973     0B99  00F7               	movwf	clcd_print@str+1
  6974     0B9A  30CA               	movlw	202
  6975     0B9B  00F8               	movwf	clcd_print@addr
  6976     0B9C  160A  118A  2333  120A  158A  	fcall	_clcd_print
  6977     0BA1                     l4511:
  6978                           
  6979                           ;dashboard.c: 56:         adc_val = read_adc(0x00) / 10.23;
  6980     0BA1  3000               	movlw	0
  6981     0BA2  160A  118A  2171  120A  158A  	fcall	_read_adc
  6982     0BA7  0872               	movf	?_read_adc,w
  6983     0BA8  1283               	bcf	3,5	;RP0=0, select bank0
  6984     0BA9  1303               	bcf	3,6	;RP1=0, select bank0
  6985     0BAA  00D0               	movwf	??_dashboard
  6986     0BAB  0873               	movf	?_read_adc+1,w
  6987     0BAC  00D1               	movwf	??_dashboard+1
  6988     0BAD  01D2               	clrf	??_dashboard+2
  6989     0BAE  01D3               	clrf	??_dashboard+3
  6990     0BAF  0853               	movf	??_dashboard+3,w
  6991     0BB0  00A3               	movwf	___xxtofl@val+3
  6992     0BB1  0852               	movf	??_dashboard+2,w
  6993     0BB2  00A2               	movwf	___xxtofl@val+2
  6994     0BB3  0851               	movf	??_dashboard+1,w
  6995     0BB4  00A1               	movwf	___xxtofl@val+1
  6996     0BB5  0850               	movf	??_dashboard,w
  6997     0BB6  00A0               	movwf	___xxtofl@val
  6998     0BB7  3000               	movlw	0
  6999     0BB8  120A  158A  21A1  120A  158A  	fcall	___xxtofl
  7000     0BBD  1283               	bcf	3,5	;RP0=0, select bank0
  7001     0BBE  1303               	bcf	3,6	;RP1=0, select bank0
  7002     0BBF  0823               	movf	?___xxtofl+3,w
  7003     0BC0  00B5               	movwf	___fldiv@b+3
  7004     0BC1  0822               	movf	?___xxtofl+2,w
  7005     0BC2  00B4               	movwf	___fldiv@b+2
  7006     0BC3  0821               	movf	?___xxtofl+1,w
  7007     0BC4  00B3               	movwf	___fldiv@b+1
  7008     0BC5  0820               	movf	?___xxtofl,w
  7009     0BC6  00B2               	movwf	___fldiv@b
  7010     0BC7  3041               	movlw	65
  7011     0BC8  00B1               	movwf	___fldiv@a+3
  7012     0BC9  3023               	movlw	35
  7013     0BCA  00B0               	movwf	___fldiv@a+2
  7014     0BCB  30AE               	movlw	174
  7015     0BCC  00AF               	movwf	___fldiv@a+1
  7016     0BCD  3014               	movlw	20
  7017     0BCE  00AE               	movwf	___fldiv@a
  7018     0BCF  120A  158A  2420  120A  158A  	fcall	___fldiv
  7019     0BD4  1283               	bcf	3,5	;RP0=0, select bank0
  7020     0BD5  1303               	bcf	3,6	;RP1=0, select bank0
  7021     0BD6  0831               	movf	?___fldiv+3,w
  7022     0BD7  00CB               	movwf	___fltol@f1+3
  7023     0BD8  0830               	movf	?___fldiv+2,w
  7024     0BD9  00CA               	movwf	___fltol@f1+2
  7025     0BDA  082F               	movf	?___fldiv+1,w
  7026     0BDB  00C9               	movwf	___fltol@f1+1
  7027     0BDC  082E               	movf	?___fldiv,w
  7028     0BDD  00C8               	movwf	___fltol@f1
  7029     0BDE  160A  118A  267F  120A  158A  	fcall	___fltol
  7030     0BE3  1283               	bcf	3,5	;RP0=0, select bank0
  7031     0BE4  1303               	bcf	3,6	;RP1=0, select bank0
  7032     0BE5  0848               	movf	?___fltol,w
  7033     0BE6  00E9               	movwf	_adc_val
  7034     0BE7                     l4513:
  7035                           
  7036                           ;dashboard.c: 57:         speed[0] = (adc_val / 10) + '0';
  7037     0BE7  300A               	movlw	10
  7038     0BE8  00F2               	movwf	___awdiv@divisor
  7039     0BE9  3000               	movlw	0
  7040     0BEA  00F3               	movwf	___awdiv@divisor+1
  7041     0BEB  0869               	movf	_adc_val,w
  7042     0BEC  00D0               	movwf	??_dashboard
  7043     0BED  01D1               	clrf	??_dashboard+1
  7044     0BEE  0850               	movf	??_dashboard,w
  7045     0BEF  00F4               	movwf	___awdiv@dividend
  7046     0BF0  0851               	movf	??_dashboard+1,w
  7047     0BF1  00F5               	movwf	___awdiv@dividend+1
  7048     0BF2  160A  118A  25B9  120A  158A  	fcall	___awdiv
  7049     0BF7  0872               	movf	?___awdiv,w
  7050     0BF8  3E30               	addlw	48
  7051     0BF9  1683               	bsf	3,5	;RP0=1, select bank1
  7052     0BFA  1303               	bcf	3,6	;RP1=0, select bank1
  7053     0BFB  00C2               	movwf	_speed^(0+128)
  7054     0BFC                     l4515:
  7055                           
  7056                           ;dashboard.c: 58:         speed[1] = (adc_val % 10) + '0';
  7057     0BFC  300A               	movlw	10
  7058     0BFD  00F2               	movwf	___awmod@divisor
  7059     0BFE  3000               	movlw	0
  7060     0BFF  00F3               	movwf	___awmod@divisor+1
  7061     0C00  1283               	bcf	3,5	;RP0=0, select bank0
  7062     0C01  1303               	bcf	3,6	;RP1=0, select bank0
  7063     0C02  0869               	movf	_adc_val,w
  7064     0C03  00D0               	movwf	??_dashboard
  7065     0C04  01D1               	clrf	??_dashboard+1
  7066     0C05  0850               	movf	??_dashboard,w
  7067     0C06  00F4               	movwf	___awmod@dividend
  7068     0C07  0851               	movf	??_dashboard+1,w
  7069     0C08  00F5               	movwf	___awmod@dividend+1
  7070     0C09  160A  118A  24A5  120A  158A  	fcall	___awmod
  7071     0C0E  0872               	movf	?___awmod,w
  7072     0C0F  3E30               	addlw	48
  7073     0C10  1683               	bsf	3,5	;RP0=1, select bank1
  7074     0C11  1303               	bcf	3,6	;RP1=0, select bank1
  7075     0C12  00C3               	movwf	(_speed^(0+128)+1)
  7076     0C13                     l4517:
  7077                           
  7078                           ;dashboard.c: 59:         speed[2] = '\0';
  7079     0C13  01C4               	clrf	(_speed^(0+128)+2)
  7080     0C14                     l4519:
  7081                           
  7082                           ;dashboard.c: 60:         clcd_print(speed, (0xC0 + 14));
  7083     0C14  30C2               	movlw	(low (_speed| 0))& (0+255)
  7084     0C15  00F6               	movwf	clcd_print@str
  7085     0C16  3000               	movlw	0
  7086     0C17  00F7               	movwf	clcd_print@str+1
  7087     0C18  30CE               	movlw	206
  7088     0C19  00F8               	movwf	clcd_print@addr
  7089     0C1A  160A  118A  2333  120A  158A  	fcall	_clcd_print
  7090     0C1F                     l299:
  7091     0C1F  0008               	return
  7092     0C20                     __end_of_dashboard:
  7093                           
  7094                           	psect	text27
  7095     074E                     __ptext27:	
  7096 ;; *************** function _store_event *****************
  7097 ;; Defined at:
  7098 ;;		line 67 in file "dashboard.c"
  7099 ;; Parameters:    Size  Location     Type
  7100 ;;		None
  7101 ;; Auto vars:     Size  Location     Type
  7102 ;;  i               2    7[COMMON] int 
  7103 ;; Return value:  Size  Location     Type
  7104 ;;                  1    wreg      void 
  7105 ;; Registers used:
  7106 ;;		wreg, fsr0l, fsr0h, status,2, status,0, pclath, btemp1, cstack
  7107 ;; Tracked objects:
  7108 ;;		On entry : 0/0
  7109 ;;		On exit  : 0/0
  7110 ;;		Unchanged: 0/0
  7111 ;; Data sizes:     COMMON   BANK0   BANK1   BANK3   BANK2
  7112 ;;      Params:         0       0       0       0       0
  7113 ;;      Locals:         2       0       0       0       0
  7114 ;;      Temps:          0       7       0       0       0
  7115 ;;      Totals:         2       7       0       0       0
  7116 ;;Total ram usage:        9 bytes
  7117 ;; Hardware stack levels used: 1
  7118 ;; Hardware stack levels required when called: 3
  7119 ;; This function calls:
  7120 ;;		_write_external_eeprom
  7121 ;; This function is called by:
  7122 ;;		_dashboard
  7123 ;; This function uses a non-reentrant model
  7124 ;;
  7125                           
  7126     074E                     _store_event:	
  7127                           ;psect for function _store_event
  7128                           
  7129     074E                     l3967:	
  7130                           ;incstack = 0
  7131                           ; Regs used in _store_event: [wreg-fsr0h+status,2+status,0+pclath+btemp1+cstack]
  7132                           
  7133                           
  7134                           ;dashboard.c: 70:     for (int i = 0; i < 8; i++){
  7135     074E  01F7               	clrf	store_event@i
  7136     074F  01F8               	clrf	store_event@i+1
  7137     0750                     l3973:
  7138                           
  7139                           ;dashboard.c: 72:         if (i == 2 || i == 5)
  7140     0750  3002               	movlw	2
  7141     0751  0677               	xorwf	store_event@i,w
  7142     0752  0478               	iorwf	store_event@i+1,w
  7143     0753  1903               	btfsc	3,2
  7144     0754  2F56               	goto	u4411
  7145     0755  2F57               	goto	u4410
  7146     0756                     u4411:
  7147     0756  2F6D               	goto	l3981
  7148     0757                     u4410:
  7149     0757                     l3975:
  7150     0757  3005               	movlw	5
  7151     0758  0677               	xorwf	store_event@i,w
  7152     0759  0478               	iorwf	store_event@i+1,w
  7153     075A  1D03               	btfss	3,2
  7154     075B  2F5D               	goto	u4421
  7155     075C  2F5E               	goto	u4420
  7156     075D                     u4421:
  7157     075D  2F5F               	goto	l3977
  7158     075E                     u4420:
  7159     075E  2F6D               	goto	l3981
  7160     075F                     l3977:
  7161                           
  7162                           ;dashboard.c: 76:         write_external_eeprom(address++, time[i]);
  7163     075F  0877               	movf	store_event@i,w
  7164     0760  3EDA               	addlw	(low (_time| 0))& (0+255)
  7165     0761  0084               	movwf	4
  7166     0762  1383               	bcf	3,7	;select IRP bank1
  7167     0763  0800               	movf	0,w
  7168     0764  00F3               	movwf	write_external_eeprom@data
  7169     0765  087A               	movf	_address,w
  7170     0766  160A  118A  2362  120A  118A  	fcall	_write_external_eeprom
  7171     076B                     l3979:
  7172     076B  3001               	movlw	1
  7173     076C  07FA               	addwf	_address,f
  7174     076D                     l3981:
  7175     076D  3001               	movlw	1
  7176     076E  07F7               	addwf	store_event@i,f
  7177     076F  1803               	skipnc
  7178     0770  0AF8               	incf	store_event@i+1,f
  7179     0771  3000               	movlw	0
  7180     0772  07F8               	addwf	store_event@i+1,f
  7181     0773                     l3983:
  7182     0773  0878               	movf	store_event@i+1,w
  7183     0774  3A80               	xorlw	128
  7184     0775  00FF               	movwf	btemp1
  7185     0776  3080               	movlw	128
  7186     0777  027F               	subwf	btemp1,w
  7187     0778  1D03               	skipz
  7188     0779  2F7C               	goto	u4435
  7189     077A  3008               	movlw	8
  7190     077B  0277               	subwf	store_event@i,w
  7191     077C                     u4435:
  7192     077C  1C03               	skipc
  7193     077D  2F7F               	goto	u4431
  7194     077E  2F80               	goto	u4430
  7195     077F                     u4431:
  7196     077F  2F50               	goto	l3973
  7197     0780                     u4430:
  7198     0780                     l3985:
  7199                           
  7200                           ;dashboard.c: 79:     write_external_eeprom(address++, event[pos][0]);
  7201     0780  1283               	bcf	3,5	;RP0=0, select bank0
  7202     0781  1303               	bcf	3,6	;RP1=0, select bank0
  7203     0782  086A               	movf	_pos,w
  7204     0783  00A0               	movwf	??_store_event
  7205     0784  0720               	addwf	??_store_event,w
  7206     0785  3EC8               	addlw	(low (_event| 0))& (0+255)
  7207     0786  0084               	movwf	4
  7208     0787  1383               	bcf	3,7	;select IRP bank1
  7209     0788  0800               	movf	0,w
  7210     0789  00A1               	movwf	??_store_event+1
  7211     078A  0A84               	incf	4,f
  7212     078B  0800               	movf	0,w
  7213     078C  00A2               	movwf	??_store_event+2
  7214     078D  0822               	movf	??_store_event+2,w
  7215     078E  00FF               	movwf	btemp1
  7216     078F  0821               	movf	??_store_event+1,w
  7217     0790  0084               	movwf	4
  7218     0791  120A  118A  2300  120A  118A  	fcall	stringtab
  7219     0796  00F3               	movwf	write_external_eeprom@data
  7220     0797  087A               	movf	_address,w
  7221     0798  160A  118A  2362  120A  118A  	fcall	_write_external_eeprom
  7222     079D                     l3987:
  7223     079D  3001               	movlw	1
  7224     079E  07FA               	addwf	_address,f
  7225     079F                     l3989:
  7226                           
  7227                           ;dashboard.c: 80:     write_external_eeprom(address++, event[pos][1]);
  7228     079F  3001               	movlw	1
  7229     07A0  1283               	bcf	3,5	;RP0=0, select bank0
  7230     07A1  1303               	bcf	3,6	;RP1=0, select bank0
  7231     07A2  00A0               	movwf	??_store_event
  7232     07A3  086A               	movf	_pos,w
  7233     07A4  00A1               	movwf	??_store_event+1
  7234     07A5  0721               	addwf	??_store_event+1,w
  7235     07A6  3EC8               	addlw	(low (_event| 0))& (0+255)
  7236     07A7  0084               	movwf	4
  7237     07A8  1383               	bcf	3,7	;select IRP bank1
  7238     07A9  0800               	movf	0,w
  7239     07AA  00A2               	movwf	??_store_event+2
  7240     07AB  0A84               	incf	4,f
  7241     07AC  0800               	movf	0,w
  7242     07AD  00A3               	movwf	??_store_event+3
  7243     07AE  0820               	movf	??_store_event,w
  7244     07AF  0722               	addwf	??_store_event+2,w
  7245     07B0  00A5               	movwf	??_store_event+5
  7246     07B1  0823               	movf	??_store_event+3,w
  7247     07B2  00A4               	movwf	??_store_event+4
  7248     07B3  1803               	skipnc
  7249     07B4  0AA4               	incf	??_store_event+4,f
  7250     07B5  1BA0               	btfsc	??_store_event,7
  7251     07B6  03A4               	decf	??_store_event+4,f
  7252     07B7  0824               	movf	??_store_event+4,w
  7253     07B8  00A6               	movwf	??_store_event+6
  7254     07B9  0826               	movf	??_store_event+6,w
  7255     07BA  00FF               	movwf	btemp1
  7256     07BB  0825               	movf	??_store_event+5,w
  7257     07BC  0084               	movwf	4
  7258     07BD  120A  118A  2300  120A  118A  	fcall	stringtab
  7259     07C2  00F3               	movwf	write_external_eeprom@data
  7260     07C3  087A               	movf	_address,w
  7261     07C4  160A  118A  2362  120A  118A  	fcall	_write_external_eeprom
  7262     07C9  3001               	movlw	1
  7263     07CA  07FA               	addwf	_address,f
  7264     07CB                     l3991:
  7265                           
  7266                           ;dashboard.c: 82:     write_external_eeprom(address++, speed[0]);
  7267     07CB  1683               	bsf	3,5	;RP0=1, select bank1
  7268     07CC  1303               	bcf	3,6	;RP1=0, select bank1
  7269     07CD  0842               	movf	_speed^(0+128),w
  7270     07CE  00F3               	movwf	write_external_eeprom@data
  7271     07CF  087A               	movf	_address,w
  7272     07D0  160A  118A  2362  120A  118A  	fcall	_write_external_eeprom
  7273     07D5                     l3993:
  7274     07D5  3001               	movlw	1
  7275     07D6  07FA               	addwf	_address,f
  7276                           
  7277                           ;dashboard.c: 83:     write_external_eeprom(address++, speed[1]);
  7278     07D7  1683               	bsf	3,5	;RP0=1, select bank1
  7279     07D8  1303               	bcf	3,6	;RP1=0, select bank1
  7280     07D9  0843               	movf	(_speed^(0+128)+1),w
  7281     07DA  00F3               	movwf	write_external_eeprom@data
  7282     07DB  087A               	movf	_address,w
  7283     07DC  160A  118A  2362  120A  118A  	fcall	_write_external_eeprom
  7284     07E1                     l3995:
  7285     07E1  3001               	movlw	1
  7286     07E2  07FA               	addwf	_address,f
  7287     07E3                     l3997:
  7288                           
  7289                           ;dashboard.c: 85:     if (address > 99){
  7290     07E3  3064               	movlw	100
  7291     07E4  027A               	subwf	_address,w
  7292     07E5  1C03               	skipc
  7293     07E6  2FE8               	goto	u4441
  7294     07E7  2FE9               	goto	u4440
  7295     07E8                     u4441:
  7296     07E8  2FEA               	goto	l4001
  7297     07E9                     u4440:
  7298     07E9                     l3999:
  7299                           
  7300                           ;dashboard.c: 86:         address = 0x00;
  7301     07E9  01FA               	clrf	_address
  7302     07EA                     l4001:
  7303                           
  7304                           ;dashboard.c: 89:     if (event_count < 10)
  7305     07EA  300A               	movlw	10
  7306     07EB  027B               	subwf	_event_count,w
  7307     07EC  1803               	skipnc
  7308     07ED  2FEF               	goto	u4451
  7309     07EE  2FF0               	goto	u4450
  7310     07EF                     u4451:
  7311     07EF  2FF2               	goto	l314
  7312     07F0                     u4450:
  7313     07F0                     l4003:
  7314                           
  7315                           ;dashboard.c: 90:         event_count++;
  7316     07F0  3001               	movlw	1
  7317     07F1  07FB               	addwf	_event_count,f
  7318     07F2                     l314:
  7319     07F2  0008               	return
  7320     07F3                     __end_of_store_event:
  7321                           
  7322                           	psect	text28
  7323     1362                     __ptext28:	
  7324 ;; *************** function _write_external_eeprom *****************
  7325 ;; Defined at:
  7326 ;;		line 4 in file "external_eeprom.c"
  7327 ;; Parameters:    Size  Location     Type
  7328 ;;  address         1    wreg     unsigned char 
  7329 ;;  data            1    3[COMMON] unsigned char 
  7330 ;; Auto vars:     Size  Location     Type
  7331 ;;  address         1    4[COMMON] unsigned char 
  7332 ;;  wait            2    5[COMMON] unsigned int 
  7333 ;; Return value:  Size  Location     Type
  7334 ;;                  1    wreg      void 
  7335 ;; Registers used:
  7336 ;;		wreg, status,2, status,0, pclath, cstack
  7337 ;; Tracked objects:
  7338 ;;		On entry : 0/0
  7339 ;;		On exit  : 0/0
  7340 ;;		Unchanged: 0/0
  7341 ;; Data sizes:     COMMON   BANK0   BANK1   BANK3   BANK2
  7342 ;;      Params:         1       0       0       0       0
  7343 ;;      Locals:         3       0       0       0       0
  7344 ;;      Temps:          0       0       0       0       0
  7345 ;;      Totals:         4       0       0       0       0
  7346 ;;Total ram usage:        4 bytes
  7347 ;; Hardware stack levels used: 1
  7348 ;; Hardware stack levels required when called: 2
  7349 ;; This function calls:
  7350 ;;		_i2c_start
  7351 ;;		_i2c_stop
  7352 ;;		_i2c_write
  7353 ;; This function is called by:
  7354 ;;		_store_event
  7355 ;; This function uses a non-reentrant model
  7356 ;;
  7357                           
  7358     1362                     _write_external_eeprom:	
  7359                           ;psect for function _write_external_eeprom
  7360                           
  7361                           
  7362                           ;incstack = 0
  7363                           ; Regs used in _write_external_eeprom: [wreg+status,2+status,0+pclath+cstack]
  7364                           ;write_external_eeprom@address stored from wreg
  7365     1362  00F4               	movwf	write_external_eeprom@address
  7366     1363                     l3853:
  7367                           
  7368                           ;external_eeprom.c: 4: void write_external_eeprom(unsigned char address, unsigned char d
      +                          ata);external_eeprom.c: 5: {;external_eeprom.c: 6:     i2c_start();
  7369     1363  160A  118A  20D0  160A  118A  	fcall	_i2c_start
  7370                           
  7371                           ;external_eeprom.c: 7:     i2c_write(0xA0);
  7372     1368  30A0               	movlw	160
  7373     1369  160A  118A  20F7  160A  118A  	fcall	_i2c_write
  7374                           
  7375                           ;external_eeprom.c: 8:     i2c_write(address);
  7376     136E  0874               	movf	write_external_eeprom@address,w
  7377     136F  160A  118A  20F7  160A  118A  	fcall	_i2c_write
  7378                           
  7379                           ;external_eeprom.c: 9:     i2c_write(data);
  7380     1374  0873               	movf	write_external_eeprom@data,w
  7381     1375  160A  118A  20F7  160A  118A  	fcall	_i2c_write
  7382                           
  7383                           ;external_eeprom.c: 10:     i2c_stop();
  7384     137A  160A  118A  20D9  160A  118A  	fcall	_i2c_stop
  7385     137F                     l3855:
  7386                           
  7387                           ;external_eeprom.c: 11:     for (unsigned int wait = 3000;wait--;);
  7388     137F  30B8               	movlw	184
  7389     1380  00F5               	movwf	write_external_eeprom@wait
  7390     1381  300B               	movlw	11
  7391     1382  00F6               	movwf	write_external_eeprom@wait+1
  7392     1383                     l3857:
  7393     1383  3001               	movlw	1
  7394     1384  02F5               	subwf	write_external_eeprom@wait,f
  7395     1385  3000               	movlw	0
  7396     1386  1C03               	skipc
  7397     1387  03F6               	decf	write_external_eeprom@wait+1,f
  7398     1388  02F6               	subwf	write_external_eeprom@wait+1,f
  7399     1389  0A75               	incf	write_external_eeprom@wait,w
  7400     138A  1D03               	skipz
  7401     138B  2B90               	goto	u4221
  7402     138C  0A76               	incf	write_external_eeprom@wait+1,w
  7403     138D  1D03               	btfss	3,2
  7404     138E  2B90               	goto	u4221
  7405     138F  2B91               	goto	u4220
  7406     1390                     u4221:
  7407     1390  2B83               	goto	l3857
  7408     1391                     u4220:
  7409     1391                     l522:
  7410     1391  0008               	return
  7411     1392                     __end_of_write_external_eeprom:
  7412                           
  7413                           	psect	text29
  7414     1171                     __ptext29:	
  7415 ;; *************** function _read_adc *****************
  7416 ;; Defined at:
  7417 ;;		line 13 in file "adc.c"
  7418 ;; Parameters:    Size  Location     Type
  7419 ;;  channel         1    wreg     unsigned char 
  7420 ;; Auto vars:     Size  Location     Type
  7421 ;;  channel         1    5[COMMON] unsigned char 
  7422 ;;  adc_reg_val     2    6[COMMON] unsigned short 
  7423 ;; Return value:  Size  Location     Type
  7424 ;;                  2    2[COMMON] unsigned short 
  7425 ;; Registers used:
  7426 ;;		wreg, status,2, status,0
  7427 ;; Tracked objects:
  7428 ;;		On entry : 0/0
  7429 ;;		On exit  : 0/0
  7430 ;;		Unchanged: 0/0
  7431 ;; Data sizes:     COMMON   BANK0   BANK1   BANK3   BANK2
  7432 ;;      Params:         2       0       0       0       0
  7433 ;;      Locals:         3       0       0       0       0
  7434 ;;      Temps:          1       0       0       0       0
  7435 ;;      Totals:         6       0       0       0       0
  7436 ;;Total ram usage:        6 bytes
  7437 ;; Hardware stack levels used: 1
  7438 ;; Hardware stack levels required when called: 1
  7439 ;; This function calls:
  7440 ;;		Nothing
  7441 ;; This function is called by:
  7442 ;;		_dashboard
  7443 ;; This function uses a non-reentrant model
  7444 ;;
  7445                           
  7446     1171                     _read_adc:	
  7447                           ;psect for function _read_adc
  7448                           
  7449                           
  7450                           ;incstack = 0
  7451                           ; Regs used in _read_adc: [wreg+status,2+status,0]
  7452                           ;read_adc@channel stored from wreg
  7453     1171  00F5               	movwf	read_adc@channel
  7454     1172                     l3959:
  7455                           
  7456                           ;adc.c: 13: unsigned short read_adc(unsigned char channel);adc.c: 14: {;adc.c: 15:     u
      +                          nsigned short adc_reg_val;;adc.c: 18:     ADCON0 = (ADCON0 & 0xC7) | (channel << 3);
  7457     1172  0875               	movf	read_adc@channel,w
  7458     1173  00F4               	movwf	??_read_adc
  7459     1174  3003               	movlw	3
  7460     1175                     u4395:
  7461     1175  1003               	clrc
  7462     1176  0DF4               	rlf	??_read_adc,f
  7463     1177  3EFF               	addlw	-1
  7464     1178  1D03               	skipz
  7465     1179  2975               	goto	u4395
  7466     117A  1283               	bcf	3,5	;RP0=0, select bank0
  7467     117B  1303               	bcf	3,6	;RP1=0, select bank0
  7468     117C  081F               	movf	31,w	;volatile
  7469     117D  39C7               	andlw	199
  7470     117E  0474               	iorwf	??_read_adc,w
  7471     117F  009F               	movwf	31	;volatile
  7472     1180                     l3961:
  7473                           
  7474                           ;adc.c: 21:     GO = 1;
  7475     1180  151F               	bsf	31,2	;volatile
  7476     1181                     l244:	
  7477                           ;adc.c: 23:     while (nDONE);
  7478                           
  7479     1181  191F               	btfsc	31,2	;volatile
  7480     1182  2984               	goto	u4401
  7481     1183  2985               	goto	u4400
  7482     1184                     u4401:
  7483     1184  2981               	goto	l244
  7484     1185                     u4400:
  7485     1185                     l3963:
  7486                           
  7487                           ;adc.c: 25:     adc_reg_val = (ADRESH << 8) | ADRESL;
  7488     1185  081E               	movf	30,w	;volatile
  7489     1186  00F7               	movwf	read_adc@adc_reg_val+1
  7490     1187  1683               	bsf	3,5	;RP0=1, select bank1
  7491     1188  1303               	bcf	3,6	;RP1=0, select bank1
  7492     1189  081E               	movf	30,w	;volatile
  7493     118A  00F6               	movwf	read_adc@adc_reg_val
  7494                           
  7495                           ;adc.c: 27:     return adc_reg_val;
  7496     118B  0877               	movf	read_adc@adc_reg_val+1,w
  7497     118C  00F3               	movwf	?_read_adc+1
  7498     118D  0876               	movf	read_adc@adc_reg_val,w
  7499     118E  00F2               	movwf	?_read_adc
  7500     118F                     l247:
  7501     118F  0008               	return
  7502     1190                     __end_of_read_adc:
  7503                           
  7504                           	psect	text30
  7505     1190                     __ptext30:	
  7506 ;; *************** function _get_time *****************
  7507 ;; Defined at:
  7508 ;;		line 41 in file "ds1307.c"
  7509 ;; Parameters:    Size  Location     Type
  7510 ;;  clock_reg       1    6[COMMON] PTR unsigned char 
  7511 ;;		 -> clock_reg(3), 
  7512 ;; Auto vars:     Size  Location     Type
  7513 ;;		None
  7514 ;; Return value:  Size  Location     Type
  7515 ;;                  1    wreg      void 
  7516 ;; Registers used:
  7517 ;;		wreg, fsr0l, fsr0h, status,2, status,0, pclath, cstack
  7518 ;; Tracked objects:
  7519 ;;		On entry : 0/0
  7520 ;;		On exit  : 0/0
  7521 ;;		Unchanged: 0/0
  7522 ;; Data sizes:     COMMON   BANK0   BANK1   BANK3   BANK2
  7523 ;;      Params:         1       0       0       0       0
  7524 ;;      Locals:         0       0       0       0       0
  7525 ;;      Temps:          0       0       0       0       0
  7526 ;;      Totals:         1       0       0       0       0
  7527 ;;Total ram usage:        1 bytes
  7528 ;; Hardware stack levels used: 1
  7529 ;; Hardware stack levels required when called: 5
  7530 ;; This function calls:
  7531 ;;		_read_ds1307
  7532 ;; This function is called by:
  7533 ;;		_dashboard
  7534 ;; This function uses a non-reentrant model
  7535 ;;
  7536                           
  7537     1190                     _get_time:	
  7538                           ;psect for function _get_time
  7539                           
  7540     1190                     l3947:	
  7541                           ;incstack = 0
  7542                           ; Regs used in _get_time: [wreg-fsr0h+status,2+status,0+pclath+cstack]
  7543                           
  7544                           
  7545                           ;ds1307.c: 41: void get_time(unsigned char *clock_reg);ds1307.c: 42: {;ds1307.c: 43:    
      +                           clock_reg[0] = read_ds1307(0x02);
  7546     1190  0876               	movf	get_time@clock_reg,w
  7547     1191  0084               	movwf	4
  7548     1192  3002               	movlw	2
  7549     1193  160A  118A  22DD  160A  118A  	fcall	_read_ds1307
  7550     1198  1383               	bcf	3,7	;select IRP bank0
  7551     1199  0080               	movwf	0
  7552                           
  7553                           ;ds1307.c: 44:     clock_reg[1] = read_ds1307(0x01);
  7554     119A  0A76               	incf	get_time@clock_reg,w
  7555     119B  0084               	movwf	4
  7556     119C  3001               	movlw	1
  7557     119D  160A  118A  22DD  160A  118A  	fcall	_read_ds1307
  7558     11A2  1383               	bcf	3,7	;select IRP bank0
  7559     11A3  0080               	movwf	0
  7560                           
  7561                           ;ds1307.c: 45:     clock_reg[2] = read_ds1307(0x00);
  7562     11A4  0876               	movf	get_time@clock_reg,w
  7563     11A5  3E02               	addlw	2
  7564     11A6  0084               	movwf	4
  7565     11A7  3000               	movlw	0
  7566     11A8  160A  118A  22DD  160A  118A  	fcall	_read_ds1307
  7567     11AD  1383               	bcf	3,7	;select IRP bank0
  7568     11AE  0080               	movwf	0
  7569     11AF                     l221:
  7570     11AF  0008               	return
  7571     11B0                     __end_of_get_time:
  7572                           
  7573                           	psect	text31
  7574     12DD                     __ptext31:	
  7575 ;; *************** function _read_ds1307 *****************
  7576 ;; Defined at:
  7577 ;;		line 17 in file "ds1307.c"
  7578 ;; Parameters:    Size  Location     Type
  7579 ;;  addr            1    wreg     unsigned char 
  7580 ;; Auto vars:     Size  Location     Type
  7581 ;;  addr            1    4[COMMON] unsigned char 
  7582 ;;  data            1    5[COMMON] unsigned char 
  7583 ;; Return value:  Size  Location     Type
  7584 ;;                  1    wreg      unsigned char 
  7585 ;; Registers used:
  7586 ;;		wreg, status,2, status,0, pclath, cstack
  7587 ;; Tracked objects:
  7588 ;;		On entry : 0/0
  7589 ;;		On exit  : 0/0
  7590 ;;		Unchanged: 0/0
  7591 ;; Data sizes:     COMMON   BANK0   BANK1   BANK3   BANK2
  7592 ;;      Params:         0       0       0       0       0
  7593 ;;      Locals:         2       0       0       0       0
  7594 ;;      Temps:          0       0       0       0       0
  7595 ;;      Totals:         2       0       0       0       0
  7596 ;;Total ram usage:        2 bytes
  7597 ;; Hardware stack levels used: 1
  7598 ;; Hardware stack levels required when called: 1
  7599 ;; This function calls:
  7600 ;;		_i2c_read
  7601 ;;		_i2c_rep_start
  7602 ;;		_i2c_start
  7603 ;;		_i2c_stop
  7604 ;;		_i2c_write
  7605 ;; This function is called by:
  7606 ;;		_init_ds1307
  7607 ;;		_get_time
  7608 ;; This function uses a non-reentrant model
  7609 ;;
  7610                           
  7611     12DD                     _read_ds1307:	
  7612                           ;psect for function _read_ds1307
  7613                           
  7614                           
  7615                           ;incstack = 0
  7616                           ; Regs used in _read_ds1307: [wreg+status,2+status,0+pclath+cstack]
  7617                           ;read_ds1307@addr stored from wreg
  7618     12DD  00F4               	movwf	read_ds1307@addr
  7619     12DE                     l3845:
  7620                           
  7621                           ;ds1307.c: 17: unsigned char read_ds1307(unsigned char addr);ds1307.c: 18: {;ds1307.c: 1
      +                          9:     unsigned char data;;ds1307.c: 21:     i2c_start();
  7622     12DE  160A  118A  20D0  160A  118A  	fcall	_i2c_start
  7623                           
  7624                           ;ds1307.c: 22:     i2c_write(0b11010000);
  7625     12E3  30D0               	movlw	208
  7626     12E4  160A  118A  20F7  160A  118A  	fcall	_i2c_write
  7627                           
  7628                           ;ds1307.c: 23:     i2c_write(addr);
  7629     12E9  0874               	movf	read_ds1307@addr,w
  7630     12EA  160A  118A  20F7  160A  118A  	fcall	_i2c_write
  7631                           
  7632                           ;ds1307.c: 24:     i2c_rep_start();
  7633     12EF  160A  118A  20EC  160A  118A  	fcall	_i2c_rep_start
  7634                           
  7635                           ;ds1307.c: 25:     i2c_write(0b11010001);
  7636     12F4  30D1               	movlw	209
  7637     12F5  160A  118A  20F7  160A  118A  	fcall	_i2c_write
  7638                           
  7639                           ;ds1307.c: 26:     data = i2c_read(0);
  7640     12FA  3000               	movlw	0
  7641     12FB  160A  118A  21B0  160A  118A  	fcall	_i2c_read
  7642     1300  00F5               	movwf	read_ds1307@data
  7643                           
  7644                           ;ds1307.c: 27:     i2c_stop();
  7645     1301  160A  118A  20D9  160A  118A  	fcall	_i2c_stop
  7646     1306                     l3847:
  7647                           
  7648                           ;ds1307.c: 29:     return data;
  7649     1306  0875               	movf	read_ds1307@data,w
  7650     1307                     l215:
  7651     1307  0008               	return
  7652     1308                     __end_of_read_ds1307:
  7653                           
  7654                           	psect	text32
  7655     10F7                     __ptext32:	
  7656 ;; *************** function _i2c_write *****************
  7657 ;; Defined at:
  7658 ;;		line 89 in file "i2c.c"
  7659 ;; Parameters:    Size  Location     Type
  7660 ;;  data            1    wreg     unsigned char 
  7661 ;; Auto vars:     Size  Location     Type
  7662 ;;  data            1    2[COMMON] unsigned char 
  7663 ;; Return value:  Size  Location     Type
  7664 ;;                  2  190[None  ] int 
  7665 ;; Registers used:
  7666 ;;		wreg, status,2, status,0, pclath, cstack
  7667 ;; Tracked objects:
  7668 ;;		On entry : 0/0
  7669 ;;		On exit  : 0/0
  7670 ;;		Unchanged: 0/0
  7671 ;; Data sizes:     COMMON   BANK0   BANK1   BANK3   BANK2
  7672 ;;      Params:         0       0       0       0       0
  7673 ;;      Locals:         1       0       0       0       0
  7674 ;;      Temps:          0       0       0       0       0
  7675 ;;      Totals:         1       0       0       0       0
  7676 ;;Total ram usage:        1 bytes
  7677 ;; Hardware stack levels used: 1
  7678 ;; Hardware stack levels required when called: 1
  7679 ;; This function calls:
  7680 ;;		_i2c_wait_for_idle
  7681 ;; This function is called by:
  7682 ;;		_read_ds1307
  7683 ;;		_write_ds1307
  7684 ;;		_write_external_eeprom
  7685 ;;		_read_external_eeprom
  7686 ;; This function uses a non-reentrant model
  7687 ;;
  7688                           
  7689     10F7                     _i2c_write:	
  7690                           ;psect for function _i2c_write
  7691                           
  7692                           
  7693                           ;incstack = 0
  7694                           ; Regs used in _i2c_write: [wreg+status,2+status,0+pclath+cstack]
  7695                           ;i2c_write@data stored from wreg
  7696     10F7  00F2               	movwf	i2c_write@data
  7697     10F8                     l3805:
  7698                           
  7699                           ;i2c.c: 89: int i2c_write(unsigned char data);i2c.c: 90: {;i2c.c: 91:     i2c_wait_for_i
      +                          dle();
  7700     10F8  120A  118A  27F3  160A  118A  	fcall	_i2c_wait_for_idle
  7701     10FD                     l3807:
  7702                           
  7703                           ;i2c.c: 92:     SSPBUF = data;
  7704     10FD  0872               	movf	i2c_write@data,w
  7705     10FE  1283               	bcf	3,5	;RP0=0, select bank0
  7706     10FF  1303               	bcf	3,6	;RP1=0, select bank0
  7707     1100  0093               	movwf	19	;volatile
  7708     1101                     l3809:
  7709     1101                     l191:	
  7710                           ;i2c.c: 94:     return !ACKSTAT;;	Return value of _i2c_write is never used
  7711                           
  7712     1101  0008               	return
  7713     1102                     __end_of_i2c_write:
  7714                           
  7715                           	psect	text33
  7716     10EC                     __ptext33:	
  7717 ;; *************** function _i2c_rep_start *****************
  7718 ;; Defined at:
  7719 ;;		line 52 in file "i2c.c"
  7720 ;; Parameters:    Size  Location     Type
  7721 ;;		None
  7722 ;; Auto vars:     Size  Location     Type
  7723 ;;		None
  7724 ;; Return value:  Size  Location     Type
  7725 ;;                  1    wreg      void 
  7726 ;; Registers used:
  7727 ;;		wreg, status,2, status,0, pclath, cstack
  7728 ;; Tracked objects:
  7729 ;;		On entry : 0/0
  7730 ;;		On exit  : 0/0
  7731 ;;		Unchanged: 0/0
  7732 ;; Data sizes:     COMMON   BANK0   BANK1   BANK3   BANK2
  7733 ;;      Params:         0       0       0       0       0
  7734 ;;      Locals:         0       0       0       0       0
  7735 ;;      Temps:          0       0       0       0       0
  7736 ;;      Totals:         0       0       0       0       0
  7737 ;;Total ram usage:        0 bytes
  7738 ;; Hardware stack levels used: 1
  7739 ;; Hardware stack levels required when called: 1
  7740 ;; This function calls:
  7741 ;;		_i2c_start
  7742 ;;		_i2c_stop
  7743 ;; This function is called by:
  7744 ;;		_read_ds1307
  7745 ;;		_read_external_eeprom
  7746 ;; This function uses a non-reentrant model
  7747 ;;
  7748                           
  7749     10EC                     _i2c_rep_start:	
  7750                           ;psect for function _i2c_rep_start
  7751                           
  7752     10EC                     l3789:	
  7753                           ;incstack = 0
  7754                           ; Regs used in _i2c_rep_start: [wreg+status,2+status,0+pclath+cstack]
  7755                           
  7756                           
  7757                           ;i2c.c: 54:     i2c_stop();
  7758     10EC  160A  118A  20D9  160A  118A  	fcall	_i2c_stop
  7759                           
  7760                           ;i2c.c: 55:     i2c_start();
  7761     10F1  160A  118A  20D0  160A  118A  	fcall	_i2c_start
  7762     10F6                     l180:
  7763     10F6  0008               	return
  7764     10F7                     __end_of_i2c_rep_start:
  7765                           
  7766                           	psect	text34
  7767     10D9                     __ptext34:	
  7768 ;; *************** function _i2c_stop *****************
  7769 ;; Defined at:
  7770 ;;		line 59 in file "i2c.c"
  7771 ;; Parameters:    Size  Location     Type
  7772 ;;		None
  7773 ;; Auto vars:     Size  Location     Type
  7774 ;;		None
  7775 ;; Return value:  Size  Location     Type
  7776 ;;                  1    wreg      void 
  7777 ;; Registers used:
  7778 ;;		wreg, status,2, status,0, pclath, cstack
  7779 ;; Tracked objects:
  7780 ;;		On entry : 0/0
  7781 ;;		On exit  : 0/0
  7782 ;;		Unchanged: 0/0
  7783 ;; Data sizes:     COMMON   BANK0   BANK1   BANK3   BANK2
  7784 ;;      Params:         0       0       0       0       0
  7785 ;;      Locals:         0       0       0       0       0
  7786 ;;      Temps:          0       0       0       0       0
  7787 ;;      Totals:         0       0       0       0       0
  7788 ;;Total ram usage:        0 bytes
  7789 ;; Hardware stack levels used: 1
  7790 ;; Hardware stack levels required when called: 1
  7791 ;; This function calls:
  7792 ;;		_i2c_wait_for_idle
  7793 ;; This function is called by:
  7794 ;;		_i2c_rep_start
  7795 ;;		_read_ds1307
  7796 ;;		_write_ds1307
  7797 ;;		_write_external_eeprom
  7798 ;;		_read_external_eeprom
  7799 ;; This function uses a non-reentrant model
  7800 ;;
  7801                           
  7802     10D9                     _i2c_stop:	
  7803                           ;psect for function _i2c_stop
  7804                           
  7805     10D9                     l3765:	
  7806                           ;incstack = 0
  7807                           ; Regs used in _i2c_stop: [wreg+status,2+status,0+pclath+cstack]
  7808                           
  7809                           
  7810                           ;i2c.c: 61:     i2c_wait_for_idle();
  7811     10D9  120A  118A  27F3  160A  118A  	fcall	_i2c_wait_for_idle
  7812     10DE                     l3767:
  7813                           
  7814                           ;i2c.c: 62:     PEN = 1;
  7815     10DE  1683               	bsf	3,5	;RP0=1, select bank1
  7816     10DF  1303               	bcf	3,6	;RP1=0, select bank1
  7817     10E0  1511               	bsf	17,2	;volatile
  7818     10E1                     l183:
  7819     10E1  0008               	return
  7820     10E2                     __end_of_i2c_stop:
  7821                           
  7822                           	psect	text35
  7823     10D0                     __ptext35:	
  7824 ;; *************** function _i2c_start *****************
  7825 ;; Defined at:
  7826 ;;		line 46 in file "i2c.c"
  7827 ;; Parameters:    Size  Location     Type
  7828 ;;		None
  7829 ;; Auto vars:     Size  Location     Type
  7830 ;;		None
  7831 ;; Return value:  Size  Location     Type
  7832 ;;                  1    wreg      void 
  7833 ;; Registers used:
  7834 ;;		wreg, status,2, status,0, pclath, cstack
  7835 ;; Tracked objects:
  7836 ;;		On entry : 0/0
  7837 ;;		On exit  : 0/0
  7838 ;;		Unchanged: 0/0
  7839 ;; Data sizes:     COMMON   BANK0   BANK1   BANK3   BANK2
  7840 ;;      Params:         0       0       0       0       0
  7841 ;;      Locals:         0       0       0       0       0
  7842 ;;      Temps:          0       0       0       0       0
  7843 ;;      Totals:         0       0       0       0       0
  7844 ;;Total ram usage:        0 bytes
  7845 ;; Hardware stack levels used: 1
  7846 ;; Hardware stack levels required when called: 1
  7847 ;; This function calls:
  7848 ;;		_i2c_wait_for_idle
  7849 ;; This function is called by:
  7850 ;;		_i2c_rep_start
  7851 ;;		_read_ds1307
  7852 ;;		_write_ds1307
  7853 ;;		_write_external_eeprom
  7854 ;;		_read_external_eeprom
  7855 ;; This function uses a non-reentrant model
  7856 ;;
  7857                           
  7858     10D0                     _i2c_start:	
  7859                           ;psect for function _i2c_start
  7860                           
  7861     10D0                     l3761:	
  7862                           ;incstack = 0
  7863                           ; Regs used in _i2c_start: [wreg+status,2+status,0+pclath+cstack]
  7864                           
  7865                           
  7866                           ;i2c.c: 48:     i2c_wait_for_idle();
  7867     10D0  120A  118A  27F3  160A  118A  	fcall	_i2c_wait_for_idle
  7868     10D5                     l3763:
  7869                           
  7870                           ;i2c.c: 49:     SEN = 1;
  7871     10D5  1683               	bsf	3,5	;RP0=1, select bank1
  7872     10D6  1303               	bcf	3,6	;RP1=0, select bank1
  7873     10D7  1411               	bsf	17,0	;volatile
  7874     10D8                     l177:
  7875     10D8  0008               	return
  7876     10D9                     __end_of_i2c_start:
  7877                           
  7878                           	psect	text36
  7879     11B0                     __ptext36:	
  7880 ;; *************** function _i2c_read *****************
  7881 ;; Defined at:
  7882 ;;		line 65 in file "i2c.c"
  7883 ;; Parameters:    Size  Location     Type
  7884 ;;  ack             1    wreg     unsigned char 
  7885 ;; Auto vars:     Size  Location     Type
  7886 ;;  ack             1    2[COMMON] unsigned char 
  7887 ;;  data            1    3[COMMON] unsigned char 
  7888 ;; Return value:  Size  Location     Type
  7889 ;;                  1    wreg      unsigned char 
  7890 ;; Registers used:
  7891 ;;		wreg, status,2, status,0, pclath, cstack
  7892 ;; Tracked objects:
  7893 ;;		On entry : 0/0
  7894 ;;		On exit  : 0/0
  7895 ;;		Unchanged: 0/0
  7896 ;; Data sizes:     COMMON   BANK0   BANK1   BANK3   BANK2
  7897 ;;      Params:         0       0       0       0       0
  7898 ;;      Locals:         2       0       0       0       0
  7899 ;;      Temps:          0       0       0       0       0
  7900 ;;      Totals:         2       0       0       0       0
  7901 ;;Total ram usage:        2 bytes
  7902 ;; Hardware stack levels used: 1
  7903 ;; Hardware stack levels required when called: 1
  7904 ;; This function calls:
  7905 ;;		_i2c_wait_for_idle
  7906 ;; This function is called by:
  7907 ;;		_read_ds1307
  7908 ;;		_read_external_eeprom
  7909 ;; This function uses a non-reentrant model
  7910 ;;
  7911                           
  7912     11B0                     _i2c_read:	
  7913                           ;psect for function _i2c_read
  7914                           
  7915                           
  7916                           ;incstack = 0
  7917                           ; Regs used in _i2c_read: [wreg+status,2+status,0+pclath+cstack]
  7918                           ;i2c_read@ack stored from wreg
  7919     11B0  00F2               	movwf	i2c_read@ack
  7920     11B1                     l3791:
  7921                           
  7922                           ;i2c.c: 65: unsigned char i2c_read(unsigned char ack);i2c.c: 66: {;i2c.c: 67:     unsign
      +                          ed char data;;i2c.c: 69:     i2c_wait_for_idle();
  7923     11B1  120A  118A  27F3  160A  118A  	fcall	_i2c_wait_for_idle
  7924     11B6                     l3793:
  7925                           
  7926                           ;i2c.c: 70:     RCEN = 1;
  7927     11B6  1683               	bsf	3,5	;RP0=1, select bank1
  7928     11B7  1303               	bcf	3,6	;RP1=0, select bank1
  7929     11B8  1591               	bsf	17,3	;volatile
  7930                           
  7931                           ;i2c.c: 72:     i2c_wait_for_idle();
  7932     11B9  120A  118A  27F3  160A  118A  	fcall	_i2c_wait_for_idle
  7933     11BE                     l3795:
  7934                           
  7935                           ;i2c.c: 73:     data = SSPBUF;
  7936     11BE  1283               	bcf	3,5	;RP0=0, select bank0
  7937     11BF  1303               	bcf	3,6	;RP1=0, select bank0
  7938     11C0  0813               	movf	19,w	;volatile
  7939     11C1  00F3               	movwf	i2c_read@data
  7940     11C2                     l3797:
  7941                           
  7942                           ;i2c.c: 75:     if (ack == 1)
  7943     11C2  0372               	decf	i2c_read@ack,w
  7944     11C3  1D03               	btfss	3,2
  7945     11C4  29C6               	goto	u4201
  7946     11C5  29C7               	goto	u4200
  7947     11C6                     u4201:
  7948     11C6  29CB               	goto	l186
  7949     11C7                     u4200:
  7950     11C7                     l3799:
  7951                           
  7952                           ;i2c.c: 76:     {;i2c.c: 77:         ACKDT = 1;
  7953     11C7  1683               	bsf	3,5	;RP0=1, select bank1
  7954     11C8  1303               	bcf	3,6	;RP1=0, select bank1
  7955     11C9  1691               	bsf	17,5	;volatile
  7956                           
  7957                           ;i2c.c: 78:     }
  7958     11CA  29CE               	goto	l187
  7959     11CB                     l186:	
  7960                           ;i2c.c: 79:     else
  7961                           
  7962                           
  7963                           ;i2c.c: 80:     {;i2c.c: 81:         ACKDT = 0;
  7964     11CB  1683               	bsf	3,5	;RP0=1, select bank1
  7965     11CC  1303               	bcf	3,6	;RP1=0, select bank1
  7966     11CD  1291               	bcf	17,5	;volatile
  7967     11CE                     l187:	
  7968                           ;i2c.c: 82:     }
  7969                           
  7970                           
  7971                           ;i2c.c: 84:     ACKEN = 1;
  7972     11CE  1611               	bsf	17,4	;volatile
  7973     11CF                     l3801:
  7974                           
  7975                           ;i2c.c: 86:     return data;
  7976     11CF  0873               	movf	i2c_read@data,w
  7977     11D0                     l188:
  7978     11D0  0008               	return
  7979     11D1                     __end_of_i2c_read:
  7980                           
  7981                           	psect	text37
  7982     07F3                     __ptext37:	
  7983 ;; *************** function _i2c_wait_for_idle *****************
  7984 ;; Defined at:
  7985 ;;		line 40 in file "i2c.c"
  7986 ;; Parameters:    Size  Location     Type
  7987 ;;		None
  7988 ;; Auto vars:     Size  Location     Type
  7989 ;;		None
  7990 ;; Return value:  Size  Location     Type
  7991 ;;                  1    wreg      void 
  7992 ;; Registers used:
  7993 ;;		wreg, status,2
  7994 ;; Tracked objects:
  7995 ;;		On entry : 0/0
  7996 ;;		On exit  : 0/0
  7997 ;;		Unchanged: 0/0
  7998 ;; Data sizes:     COMMON   BANK0   BANK1   BANK3   BANK2
  7999 ;;      Params:         0       0       0       0       0
  8000 ;;      Locals:         0       0       0       0       0
  8001 ;;      Temps:          0       0       0       0       0
  8002 ;;      Totals:         0       0       0       0       0
  8003 ;;Total ram usage:        0 bytes
  8004 ;; Hardware stack levels used: 1
  8005 ;; Hardware stack levels required when called: 1
  8006 ;; This function calls:
  8007 ;;		Nothing
  8008 ;; This function is called by:
  8009 ;;		_i2c_start
  8010 ;;		_i2c_stop
  8011 ;;		_i2c_read
  8012 ;;		_i2c_write
  8013 ;; This function uses a non-reentrant model
  8014 ;;
  8015                           
  8016     07F3                     _i2c_wait_for_idle:	
  8017                           ;psect for function _i2c_wait_for_idle
  8018                           
  8019     07F3                     l3757:	
  8020                           ;incstack = 0
  8021                           ; Regs used in _i2c_wait_for_idle: [wreg+status,2]
  8022                           
  8023     07F3                     l171:	
  8024                           ;i2c.c: 43:     while (R_nW || (SSPCON2 & 0x1F));
  8025                           
  8026     07F3  1683               	bsf	3,5	;RP0=1, select bank1
  8027     07F4  1303               	bcf	3,6	;RP1=0, select bank1
  8028     07F5  1914               	btfsc	20,2	;volatile
  8029     07F6  2FF8               	goto	u4151
  8030     07F7  2FF9               	goto	u4150
  8031     07F8                     u4151:
  8032     07F8  2FF3               	goto	l171
  8033     07F9                     u4150:
  8034     07F9                     l3759:
  8035     07F9  0811               	movf	17,w	;volatile
  8036     07FA  391F               	andlw	31
  8037     07FB  1D03               	btfss	3,2
  8038     07FC  2FFE               	goto	u4161
  8039     07FD  2FFF               	goto	u4160
  8040     07FE                     u4161:
  8041     07FE  2FF3               	goto	l171
  8042     07FF                     u4160:
  8043     07FF                     l174:
  8044     07FF  0008               	return
  8045     0800                     __end_of_i2c_wait_for_idle:
  8046                           
  8047                           	psect	text38
  8048     14FC                     __ptext38:	
  8049 ;; *************** function _display_time *****************
  8050 ;; Defined at:
  8051 ;;		line 47 in file "ds1307.c"
  8052 ;; Parameters:    Size  Location     Type
  8053 ;;  clock_reg       1    9[COMMON] PTR unsigned char 
  8054 ;;		 -> clock_reg(3), 
  8055 ;; Auto vars:     Size  Location     Type
  8056 ;;		None
  8057 ;; Return value:  Size  Location     Type
  8058 ;;                  1    wreg      void 
  8059 ;; Registers used:
  8060 ;;		wreg, fsr0l, fsr0h, status,2, status,0, pclath, btemp1, cstack
  8061 ;; Tracked objects:
  8062 ;;		On entry : 0/0
  8063 ;;		On exit  : 0/0
  8064 ;;		Unchanged: 0/0
  8065 ;; Data sizes:     COMMON   BANK0   BANK1   BANK3   BANK2
  8066 ;;      Params:         1       0       0       0       0
  8067 ;;      Locals:         0       0       0       0       0
  8068 ;;      Temps:          0       1       0       0       0
  8069 ;;      Totals:         1       1       0       0       0
  8070 ;;Total ram usage:        2 bytes
  8071 ;; Hardware stack levels used: 1
  8072 ;; Hardware stack levels required when called: 2
  8073 ;; This function calls:
  8074 ;;		_clcd_print
  8075 ;; This function is called by:
  8076 ;;		_dashboard
  8077 ;; This function uses a non-reentrant model
  8078 ;;
  8079                           
  8080     14FC                     _display_time:	
  8081                           ;psect for function _display_time
  8082                           
  8083     14FC                     l3949:	
  8084                           ;incstack = 0
  8085                           ; Regs used in _display_time: [wreg-fsr0h+status,2+status,0+pclath+btemp1+cstack]
  8086                           
  8087                           
  8088                           ;ds1307.c: 47: void display_time(unsigned char *clock_reg);ds1307.c: 48: {;ds1307.c: 57:
      +                               time[0] = ((clock_reg[0] >> 4) & 0x03) + '0';
  8089     14FC  0879               	movf	display_time@clock_reg,w
  8090     14FD  0084               	movwf	4
  8091     14FE  1383               	bcf	3,7	;select IRP bank0
  8092     14FF  0800               	movf	0,w
  8093     1500  1283               	bcf	3,5	;RP0=0, select bank0
  8094     1501  1303               	bcf	3,6	;RP1=0, select bank0
  8095     1502  00A0               	movwf	??_display_time
  8096     1503  3004               	movlw	4
  8097     1504                     u4365:
  8098     1504  1003               	clrc
  8099     1505  0CA0               	rrf	??_display_time,f
  8100     1506  3EFF               	addlw	-1
  8101     1507  1D03               	skipz
  8102     1508  2D04               	goto	u4365
  8103     1509  0820               	movf	??_display_time,w
  8104     150A  3903               	andlw	3
  8105     150B  3E30               	addlw	48
  8106     150C  1683               	bsf	3,5	;RP0=1, select bank1
  8107     150D  1303               	bcf	3,6	;RP1=0, select bank1
  8108     150E  00DA               	movwf	_time^(0+128)
  8109                           
  8110                           ;ds1307.c: 58:     time[1] = (clock_reg[0] & 0x0F) + '0';
  8111     150F  0879               	movf	display_time@clock_reg,w
  8112     1510  0084               	movwf	4
  8113     1511  0800               	movf	0,w
  8114     1512  390F               	andlw	15
  8115     1513  3E30               	addlw	48
  8116     1514  00DB               	movwf	(_time^(0+128)+1)
  8117     1515                     l3951:
  8118                           
  8119                           ;ds1307.c: 60:     time[2] = ':';
  8120     1515  303A               	movlw	58
  8121     1516  00DC               	movwf	(_time^(0+128)+2)
  8122                           
  8123                           ;ds1307.c: 62:     time[3] = ((clock_reg[1] >> 4) & 0x07) + '0';
  8124     1517  0A79               	incf	display_time@clock_reg,w
  8125     1518  0084               	movwf	4
  8126     1519  0800               	movf	0,w
  8127     151A  1283               	bcf	3,5	;RP0=0, select bank0
  8128     151B  1303               	bcf	3,6	;RP1=0, select bank0
  8129     151C  00A0               	movwf	??_display_time
  8130     151D  3004               	movlw	4
  8131     151E                     u4375:
  8132     151E  1003               	clrc
  8133     151F  0CA0               	rrf	??_display_time,f
  8134     1520  3EFF               	addlw	-1
  8135     1521  1D03               	skipz
  8136     1522  2D1E               	goto	u4375
  8137     1523  0820               	movf	??_display_time,w
  8138     1524  3907               	andlw	7
  8139     1525  3E30               	addlw	48
  8140     1526  1683               	bsf	3,5	;RP0=1, select bank1
  8141     1527  1303               	bcf	3,6	;RP1=0, select bank1
  8142     1528  00DD               	movwf	(_time^(0+128)+3)
  8143                           
  8144                           ;ds1307.c: 63:     time[4] = (clock_reg[1] & 0x0F) + '0';
  8145     1529  0A79               	incf	display_time@clock_reg,w
  8146     152A  0084               	movwf	4
  8147     152B  0800               	movf	0,w
  8148     152C  390F               	andlw	15
  8149     152D  3E30               	addlw	48
  8150     152E  00DE               	movwf	(_time^(0+128)+4)
  8151     152F                     l3953:
  8152                           
  8153                           ;ds1307.c: 65:     time[5] = ':';
  8154     152F  303A               	movlw	58
  8155     1530  00DF               	movwf	(_time^(0+128)+5)
  8156                           
  8157                           ;ds1307.c: 67:     time[6] = ((clock_reg[2] >> 4) & 0x07) + '0';
  8158     1531  0879               	movf	display_time@clock_reg,w
  8159     1532  3E02               	addlw	2
  8160     1533  0084               	movwf	4
  8161     1534  0800               	movf	0,w
  8162     1535  1283               	bcf	3,5	;RP0=0, select bank0
  8163     1536  1303               	bcf	3,6	;RP1=0, select bank0
  8164     1537  00A0               	movwf	??_display_time
  8165     1538  3004               	movlw	4
  8166     1539                     u4385:
  8167     1539  1003               	clrc
  8168     153A  0CA0               	rrf	??_display_time,f
  8169     153B  3EFF               	addlw	-1
  8170     153C  1D03               	skipz
  8171     153D  2D39               	goto	u4385
  8172     153E  0820               	movf	??_display_time,w
  8173     153F  3907               	andlw	7
  8174     1540  3E30               	addlw	48
  8175     1541  1683               	bsf	3,5	;RP0=1, select bank1
  8176     1542  1303               	bcf	3,6	;RP1=0, select bank1
  8177     1543  00E0               	movwf	(_time^(0+128)+6)
  8178                           
  8179                           ;ds1307.c: 68:     time[7] = (clock_reg[2] & 0x0F) + '0';
  8180     1544  0879               	movf	display_time@clock_reg,w
  8181     1545  3E02               	addlw	2
  8182     1546  0084               	movwf	4
  8183     1547  0800               	movf	0,w
  8184     1548  390F               	andlw	15
  8185     1549  3E30               	addlw	48
  8186     154A  00E1               	movwf	(_time^(0+128)+7)
  8187     154B                     l3955:
  8188                           
  8189                           ;ds1307.c: 69:     time[8] = '\0';
  8190     154B  01E2               	clrf	(_time^(0+128)+8)
  8191     154C                     l3957:
  8192                           
  8193                           ;ds1307.c: 71:     clcd_print(time, (0xC0 + 0));
  8194     154C  30DA               	movlw	(low (_time| 0))& (0+255)
  8195     154D  00F6               	movwf	clcd_print@str
  8196     154E  3000               	movlw	0
  8197     154F  00F7               	movwf	clcd_print@str+1
  8198     1550  30C0               	movlw	192
  8199     1551  00F8               	movwf	clcd_print@addr
  8200     1552  160A  118A  2333  160A  118A  	fcall	_clcd_print
  8201     1557                     l224:
  8202     1557  0008               	return
  8203     1558                     __end_of_display_time:
  8204                           
  8205                           	psect	text39
  8206     09A1                     __ptext39:	
  8207 ;; *************** function ___xxtofl *****************
  8208 ;; Defined at:
  8209 ;;		line 10 in file "C:\Program Files\Microchip\xc8\v3.10\pic\sources\c99\common\xxtofl.c"
  8210 ;; Parameters:    Size  Location     Type
  8211 ;;  sign            1    wreg     unsigned char 
  8212 ;;  val             4    0[BANK0 ] long 
  8213 ;; Auto vars:     Size  Location     Type
  8214 ;;  sign            1    8[BANK0 ] unsigned char 
  8215 ;;  arg             4   10[BANK0 ] unsigned long 
  8216 ;;  exp             1    9[BANK0 ] unsigned char 
  8217 ;; Return value:  Size  Location     Type
  8218 ;;                  4    0[BANK0 ] unsigned char 
  8219 ;; Registers used:
  8220 ;;		wreg, status,2, status,0
  8221 ;; Tracked objects:
  8222 ;;		On entry : 0/0
  8223 ;;		On exit  : 0/0
  8224 ;;		Unchanged: 0/0
  8225 ;; Data sizes:     COMMON   BANK0   BANK1   BANK3   BANK2
  8226 ;;      Params:         0       4       0       0       0
  8227 ;;      Locals:         0       6       0       0       0
  8228 ;;      Temps:          0       4       0       0       0
  8229 ;;      Totals:         0      14       0       0       0
  8230 ;;Total ram usage:       14 bytes
  8231 ;; Hardware stack levels used: 1
  8232 ;; Hardware stack levels required when called: 1
  8233 ;; This function calls:
  8234 ;;		Nothing
  8235 ;; This function is called by:
  8236 ;;		_dashboard
  8237 ;; This function uses a non-reentrant model
  8238 ;;
  8239                           
  8240     09A1                     ___xxtofl:	
  8241                           ;psect for function ___xxtofl
  8242                           
  8243                           
  8244                           ;incstack = 0
  8245                           ; Regs used in ___xxtofl: [wreg+status,2+status,0]
  8246                           ;___xxtofl@sign stored from wreg
  8247     09A1  1283               	bcf	3,5	;RP0=0, select bank0
  8248     09A2  1303               	bcf	3,6	;RP1=0, select bank0
  8249     09A3  00A8               	movwf	___xxtofl@sign
  8250     09A4                     l4389:
  8251     09A4  0828               	movf	___xxtofl@sign,w
  8252     09A5  1903               	btfsc	3,2
  8253     09A6  29A8               	goto	u5241
  8254     09A7  29A9               	goto	u5240
  8255     09A8                     u5241:
  8256     09A8  29BD               	goto	l4395
  8257     09A9                     u5240:
  8258     09A9                     l4391:
  8259     09A9  1FA3               	btfss	___xxtofl@val+3,7
  8260     09AA  29AC               	goto	u5251
  8261     09AB  29AD               	goto	u5250
  8262     09AC                     u5251:
  8263     09AC  29BD               	goto	l4395
  8264     09AD                     u5250:
  8265     09AD                     l4393:
  8266     09AD  0920               	comf	___xxtofl@val,w
  8267     09AE  00AA               	movwf	___xxtofl@arg
  8268     09AF  0921               	comf	___xxtofl@val+1,w
  8269     09B0  00AB               	movwf	___xxtofl@arg+1
  8270     09B1  0922               	comf	___xxtofl@val+2,w
  8271     09B2  00AC               	movwf	___xxtofl@arg+2
  8272     09B3  0923               	comf	___xxtofl@val+3,w
  8273     09B4  00AD               	movwf	___xxtofl@arg+3
  8274     09B5  0AAA               	incf	___xxtofl@arg,f
  8275     09B6  1903               	skipnz
  8276     09B7  0AAB               	incf	___xxtofl@arg+1,f
  8277     09B8  1903               	skipnz
  8278     09B9  0AAC               	incf	___xxtofl@arg+2,f
  8279     09BA  1903               	skipnz
  8280     09BB  0AAD               	incf	___xxtofl@arg+3,f
  8281     09BC  29C5               	goto	l1100
  8282     09BD                     l4395:
  8283     09BD  0823               	movf	___xxtofl@val+3,w
  8284     09BE  00AD               	movwf	___xxtofl@arg+3
  8285     09BF  0822               	movf	___xxtofl@val+2,w
  8286     09C0  00AC               	movwf	___xxtofl@arg+2
  8287     09C1  0821               	movf	___xxtofl@val+1,w
  8288     09C2  00AB               	movwf	___xxtofl@arg+1
  8289     09C3  0820               	movf	___xxtofl@val,w
  8290     09C4  00AA               	movwf	___xxtofl@arg
  8291     09C5                     l1100:
  8292     09C5  0823               	movf	___xxtofl@val+3,w
  8293     09C6  0422               	iorwf	___xxtofl@val+2,w
  8294     09C7  0421               	iorwf	___xxtofl@val+1,w
  8295     09C8  0420               	iorwf	___xxtofl@val,w
  8296     09C9  1D03               	skipz
  8297     09CA  29CC               	goto	u5261
  8298     09CB  29CD               	goto	u5260
  8299     09CC                     u5261:
  8300     09CC  29D6               	goto	l1101
  8301     09CD                     u5260:
  8302     09CD                     l4397:
  8303     09CD  3000               	movlw	0
  8304     09CE  00A3               	movwf	?___xxtofl+3
  8305     09CF  3000               	movlw	0
  8306     09D0  00A2               	movwf	?___xxtofl+2
  8307     09D1  3000               	movlw	0
  8308     09D2  00A1               	movwf	?___xxtofl+1
  8309     09D3  3000               	movlw	0
  8310     09D4  00A0               	movwf	?___xxtofl
  8311     09D5  2A56               	goto	l1102
  8312     09D6                     l1101:
  8313     09D6  3096               	movlw	150
  8314     09D7  00A9               	movwf	___xxtofl@exp
  8315     09D8  29E4               	goto	l4403
  8316     09D9                     l4401:
  8317     09D9  3001               	movlw	1
  8318     09DA  07A9               	addwf	___xxtofl@exp,f
  8319     09DB  3001               	movlw	1
  8320     09DC                     u5275:
  8321     09DC  1003               	clrc
  8322     09DD  0CAD               	rrf	___xxtofl@arg+3,f
  8323     09DE  0CAC               	rrf	___xxtofl@arg+2,f
  8324     09DF  0CAB               	rrf	___xxtofl@arg+1,f
  8325     09E0  0CAA               	rrf	___xxtofl@arg,f
  8326     09E1  3EFF               	addlw	-1
  8327     09E2  1D03               	skipz
  8328     09E3  29DC               	goto	u5275
  8329     09E4                     l4403:
  8330     09E4  30FE               	movlw	254
  8331     09E5  052D               	andwf	___xxtofl@arg+3,w
  8332     09E6  1D03               	btfss	3,2
  8333     09E7  29E9               	goto	u5281
  8334     09E8  29EA               	goto	u5280
  8335     09E9                     u5281:
  8336     09E9  29D9               	goto	l4401
  8337     09EA                     u5280:
  8338     09EA  2A04               	goto	l1106
  8339     09EB                     l4405:
  8340     09EB  3001               	movlw	1
  8341     09EC  07A9               	addwf	___xxtofl@exp,f
  8342     09ED                     l4407:
  8343     09ED  3001               	movlw	1
  8344     09EE  07AA               	addwf	___xxtofl@arg,f
  8345     09EF  3000               	movlw	0
  8346     09F0  1803               	skipnc
  8347     09F1  3001               	movlw	1
  8348     09F2  07AB               	addwf	___xxtofl@arg+1,f
  8349     09F3  3000               	movlw	0
  8350     09F4  1803               	skipnc
  8351     09F5  3001               	movlw	1
  8352     09F6  07AC               	addwf	___xxtofl@arg+2,f
  8353     09F7  3000               	movlw	0
  8354     09F8  1803               	skipnc
  8355     09F9  3001               	movlw	1
  8356     09FA  07AD               	addwf	___xxtofl@arg+3,f
  8357     09FB                     l4409:
  8358     09FB  3001               	movlw	1
  8359     09FC                     u5295:
  8360     09FC  1003               	clrc
  8361     09FD  0CAD               	rrf	___xxtofl@arg+3,f
  8362     09FE  0CAC               	rrf	___xxtofl@arg+2,f
  8363     09FF  0CAB               	rrf	___xxtofl@arg+1,f
  8364     0A00  0CAA               	rrf	___xxtofl@arg,f
  8365     0A01  3EFF               	addlw	-1
  8366     0A02  1D03               	skipz
  8367     0A03  29FC               	goto	u5295
  8368     0A04                     l1106:
  8369     0A04  30FF               	movlw	255
  8370     0A05  052D               	andwf	___xxtofl@arg+3,w
  8371     0A06  1D03               	btfss	3,2
  8372     0A07  2A09               	goto	u5301
  8373     0A08  2A0A               	goto	u5300
  8374     0A09                     u5301:
  8375     0A09  29EB               	goto	l4405
  8376     0A0A                     u5300:
  8377     0A0A  2A16               	goto	l4413
  8378     0A0B                     l4411:
  8379     0A0B  3001               	movlw	1
  8380     0A0C  02A9               	subwf	___xxtofl@exp,f
  8381     0A0D  3001               	movlw	1
  8382     0A0E  00A4               	movwf	??___xxtofl
  8383     0A0F                     u5315:
  8384     0A0F  1003               	clrc
  8385     0A10  0DAA               	rlf	___xxtofl@arg,f
  8386     0A11  0DAB               	rlf	___xxtofl@arg+1,f
  8387     0A12  0DAC               	rlf	___xxtofl@arg+2,f
  8388     0A13  0DAD               	rlf	___xxtofl@arg+3,f
  8389     0A14  0BA4               	decfsz	??___xxtofl,f
  8390     0A15  2A0F               	goto	u5315
  8391     0A16                     l4413:
  8392     0A16  1BAC               	btfsc	___xxtofl@arg+2,7
  8393     0A17  2A19               	goto	u5321
  8394     0A18  2A1A               	goto	u5320
  8395     0A19                     u5321:
  8396     0A19  2A20               	goto	l1113
  8397     0A1A                     u5320:
  8398     0A1A                     l4415:
  8399     0A1A  3002               	movlw	2
  8400     0A1B  0229               	subwf	___xxtofl@exp,w
  8401     0A1C  1803               	skipnc
  8402     0A1D  2A1F               	goto	u5331
  8403     0A1E  2A20               	goto	u5330
  8404     0A1F                     u5331:
  8405     0A1F  2A0B               	goto	l4411
  8406     0A20                     u5330:
  8407     0A20                     l1113:
  8408     0A20  1829               	btfsc	___xxtofl@exp,0
  8409     0A21  2A23               	goto	u5341
  8410     0A22  2A24               	goto	u5340
  8411     0A23                     u5341:
  8412     0A23  2A2C               	goto	l1114
  8413     0A24                     u5340:
  8414     0A24                     l4417:
  8415     0A24  30FF               	movlw	255
  8416     0A25  05AA               	andwf	___xxtofl@arg,f
  8417     0A26  30FF               	movlw	255
  8418     0A27  05AB               	andwf	___xxtofl@arg+1,f
  8419     0A28  307F               	movlw	127
  8420     0A29  05AC               	andwf	___xxtofl@arg+2,f
  8421     0A2A  30FF               	movlw	255
  8422     0A2B  05AD               	andwf	___xxtofl@arg+3,f
  8423     0A2C                     l1114:
  8424     0A2C  1003               	clrc
  8425     0A2D  0CA9               	rrf	___xxtofl@exp,f
  8426     0A2E                     l4419:
  8427     0A2E  0829               	movf	___xxtofl@exp,w
  8428     0A2F  00A4               	movwf	??___xxtofl
  8429     0A30  01A5               	clrf	??___xxtofl+1
  8430     0A31  01A6               	clrf	??___xxtofl+2
  8431     0A32  01A7               	clrf	??___xxtofl+3
  8432     0A33  3018               	movlw	24
  8433     0A34                     u5355:
  8434     0A34  1003               	clrc
  8435     0A35  0DA4               	rlf	??___xxtofl,f
  8436     0A36  0DA5               	rlf	??___xxtofl+1,f
  8437     0A37  0DA6               	rlf	??___xxtofl+2,f
  8438     0A38  0DA7               	rlf	??___xxtofl+3,f
  8439     0A39                     u5350:
  8440     0A39  3EFF               	addlw	-1
  8441     0A3A  1D03               	skipz
  8442     0A3B  2A34               	goto	u5355
  8443     0A3C  0824               	movf	??___xxtofl,w
  8444     0A3D  04AA               	iorwf	___xxtofl@arg,f
  8445     0A3E  0825               	movf	??___xxtofl+1,w
  8446     0A3F  04AB               	iorwf	___xxtofl@arg+1,f
  8447     0A40  0826               	movf	??___xxtofl+2,w
  8448     0A41  04AC               	iorwf	___xxtofl@arg+2,f
  8449     0A42  0827               	movf	??___xxtofl+3,w
  8450     0A43  04AD               	iorwf	___xxtofl@arg+3,f
  8451     0A44                     l4421:
  8452     0A44  0828               	movf	___xxtofl@sign,w
  8453     0A45  1903               	btfsc	3,2
  8454     0A46  2A48               	goto	u5361
  8455     0A47  2A49               	goto	u5360
  8456     0A48                     u5361:
  8457     0A48  2A4E               	goto	l4427
  8458     0A49                     u5360:
  8459     0A49                     l4423:
  8460     0A49  1FA3               	btfss	___xxtofl@val+3,7
  8461     0A4A  2A4C               	goto	u5371
  8462     0A4B  2A4D               	goto	u5370
  8463     0A4C                     u5371:
  8464     0A4C  2A4E               	goto	l4427
  8465     0A4D                     u5370:
  8466     0A4D                     l4425:
  8467     0A4D  17AD               	bsf	___xxtofl@arg+3,7
  8468     0A4E                     l4427:
  8469     0A4E  082D               	movf	___xxtofl@arg+3,w
  8470     0A4F  00A3               	movwf	?___xxtofl+3
  8471     0A50  082C               	movf	___xxtofl@arg+2,w
  8472     0A51  00A2               	movwf	?___xxtofl+2
  8473     0A52  082B               	movf	___xxtofl@arg+1,w
  8474     0A53  00A1               	movwf	?___xxtofl+1
  8475     0A54  082A               	movf	___xxtofl@arg,w
  8476     0A55  00A0               	movwf	?___xxtofl
  8477     0A56                     l1102:
  8478     0A56  0008               	return
  8479     0A57                     __end_of___xxtofl:
  8480                           
  8481                           	psect	text40
  8482     167F                     __ptext40:	
  8483 ;; *************** function ___fltol *****************
  8484 ;; Defined at:
  8485 ;;		line 43 in file "C:\Program Files\Microchip\xc8\v3.10\pic\sources\c99\common\fltol.c"
  8486 ;; Parameters:    Size  Location     Type
  8487 ;;  f1              4   40[BANK0 ] unsigned char 
  8488 ;; Auto vars:     Size  Location     Type
  8489 ;;  exp1            1    9[COMMON] unsigned char 
  8490 ;;  sign1           1    8[COMMON] unsigned char 
  8491 ;; Return value:  Size  Location     Type
  8492 ;;                  4   40[BANK0 ] long 
  8493 ;; Registers used:
  8494 ;;		wreg, status,2, status,0
  8495 ;; Tracked objects:
  8496 ;;		On entry : 0/0
  8497 ;;		On exit  : 0/0
  8498 ;;		Unchanged: 0/0
  8499 ;; Data sizes:     COMMON   BANK0   BANK1   BANK3   BANK2
  8500 ;;      Params:         0       4       0       0       0
  8501 ;;      Locals:         2       0       0       0       0
  8502 ;;      Temps:          0       4       0       0       0
  8503 ;;      Totals:         2       8       0       0       0
  8504 ;;Total ram usage:       10 bytes
  8505 ;; Hardware stack levels used: 1
  8506 ;; Hardware stack levels required when called: 1
  8507 ;; This function calls:
  8508 ;;		Nothing
  8509 ;; This function is called by:
  8510 ;;		_dashboard
  8511 ;; This function uses a non-reentrant model
  8512 ;;
  8513                           
  8514     167F                     ___fltol:	
  8515                           ;psect for function ___fltol
  8516                           
  8517     167F                     l4161:	
  8518                           ;incstack = 0
  8519                           ; Regs used in ___fltol: [wreg+status,2+status,0]
  8520                           
  8521     167F  1003               	clrc
  8522     1680  1283               	bcf	3,5	;RP0=0, select bank0
  8523     1681  1303               	bcf	3,6	;RP1=0, select bank0
  8524     1682  0D4A               	rlf	___fltol@f1+2,w
  8525     1683  0D4B               	rlf	___fltol@f1+3,w
  8526     1684  00F9               	movwf	___fltol@exp1
  8527     1685  0879               	movf	___fltol@exp1,w
  8528     1686  1D03               	btfss	3,2
  8529     1687  2E89               	goto	u4721
  8530     1688  2E8A               	goto	u4720
  8531     1689                     u4721:
  8532     1689  2E93               	goto	l4167
  8533     168A                     u4720:
  8534     168A                     l4163:
  8535     168A  3000               	movlw	0
  8536     168B  00CB               	movwf	?___fltol+3
  8537     168C  3000               	movlw	0
  8538     168D  00CA               	movwf	?___fltol+2
  8539     168E  3000               	movlw	0
  8540     168F  00C9               	movwf	?___fltol+1
  8541     1690  3000               	movlw	0
  8542     1691  00C8               	movwf	?___fltol
  8543     1692  2EF4               	goto	l853
  8544     1693                     l4167:
  8545     1693  0848               	movf	___fltol@f1,w
  8546     1694  00CC               	movwf	??___fltol
  8547     1695  0849               	movf	___fltol@f1+1,w
  8548     1696  00CD               	movwf	??___fltol+1
  8549     1697  084A               	movf	___fltol@f1+2,w
  8550     1698  00CE               	movwf	??___fltol+2
  8551     1699  084B               	movf	___fltol@f1+3,w
  8552     169A  00CF               	movwf	??___fltol+3
  8553     169B  301F               	movlw	31
  8554     169C                     u4735:
  8555     169C  1003               	clrc
  8556     169D  0CCF               	rrf	??___fltol+3,f
  8557     169E  0CCE               	rrf	??___fltol+2,f
  8558     169F  0CCD               	rrf	??___fltol+1,f
  8559     16A0  0CCC               	rrf	??___fltol,f
  8560     16A1                     u4730:
  8561     16A1  3EFF               	addlw	-1
  8562     16A2  1D03               	skipz
  8563     16A3  2E9C               	goto	u4735
  8564     16A4  084C               	movf	??___fltol,w
  8565     16A5  00F8               	movwf	___fltol@sign1
  8566     16A6                     l4169:
  8567     16A6  17CA               	bsf	___fltol@f1+2,7
  8568     16A7                     l4171:
  8569     16A7  30FF               	movlw	255
  8570     16A8  05C8               	andwf	___fltol@f1,f
  8571     16A9  30FF               	movlw	255
  8572     16AA  05C9               	andwf	___fltol@f1+1,f
  8573     16AB  30FF               	movlw	255
  8574     16AC  05CA               	andwf	___fltol@f1+2,f
  8575     16AD  3000               	movlw	0
  8576     16AE  05CB               	andwf	___fltol@f1+3,f
  8577     16AF                     l4173:
  8578     16AF  3096               	movlw	150
  8579     16B0  02F9               	subwf	___fltol@exp1,f
  8580     16B1                     l4175:
  8581     16B1  1FF9               	btfss	___fltol@exp1,7
  8582     16B2  2EB4               	goto	u4741
  8583     16B3  2EB5               	goto	u4740
  8584     16B4                     u4741:
  8585     16B4  2ECD               	goto	l4185
  8586     16B5                     u4740:
  8587     16B5                     l4177:
  8588     16B5  0879               	movf	___fltol@exp1,w
  8589     16B6  3A80               	xorlw	128
  8590     16B7  3E97               	addlw	151
  8591     16B8  1803               	skipnc
  8592     16B9  2EBB               	goto	u4751
  8593     16BA  2EBC               	goto	u4750
  8594     16BB                     u4751:
  8595     16BB  2EBD               	goto	l4183
  8596     16BC                     u4750:
  8597     16BC  2E8A               	goto	l4163
  8598     16BD                     l4183:
  8599     16BD  3001               	movlw	1
  8600     16BE                     u4765:
  8601     16BE  1003               	clrc
  8602     16BF  0CCB               	rrf	___fltol@f1+3,f
  8603     16C0  0CCA               	rrf	___fltol@f1+2,f
  8604     16C1  0CC9               	rrf	___fltol@f1+1,f
  8605     16C2  0CC8               	rrf	___fltol@f1,f
  8606     16C3  3EFF               	addlw	-1
  8607     16C4  1D03               	skipz
  8608     16C5  2EBE               	goto	u4765
  8609     16C6  3001               	movlw	1
  8610     16C7  07F9               	addwf	___fltol@exp1,f
  8611     16C8  1D03               	btfss	3,2
  8612     16C9  2ECB               	goto	u4771
  8613     16CA  2ECC               	goto	u4770
  8614     16CB                     u4771:
  8615     16CB  2EBD               	goto	l4183
  8616     16CC                     u4770:
  8617     16CC  2EE4               	goto	l4193
  8618     16CD                     l4185:
  8619     16CD  3020               	movlw	32
  8620     16CE  0279               	subwf	___fltol@exp1,w
  8621     16CF  1C03               	skipc
  8622     16D0  2ED2               	goto	u4781
  8623     16D1  2ED3               	goto	u4780
  8624     16D2                     u4781:
  8625     16D2  2EDF               	goto	l860
  8626     16D3                     u4780:
  8627     16D3  2E8A               	goto	l4163
  8628     16D4                     l4191:
  8629     16D4  3001               	movlw	1
  8630     16D5  00CC               	movwf	??___fltol
  8631     16D6                     u4795:
  8632     16D6  1003               	clrc
  8633     16D7  0DC8               	rlf	___fltol@f1,f
  8634     16D8  0DC9               	rlf	___fltol@f1+1,f
  8635     16D9  0DCA               	rlf	___fltol@f1+2,f
  8636     16DA  0DCB               	rlf	___fltol@f1+3,f
  8637     16DB  0BCC               	decfsz	??___fltol,f
  8638     16DC  2ED6               	goto	u4795
  8639     16DD  3001               	movlw	1
  8640     16DE  02F9               	subwf	___fltol@exp1,f
  8641     16DF                     l860:
  8642     16DF  0879               	movf	___fltol@exp1,w
  8643     16E0  1D03               	btfss	3,2
  8644     16E1  2EE3               	goto	u4801
  8645     16E2  2EE4               	goto	u4800
  8646     16E3                     u4801:
  8647     16E3  2ED4               	goto	l4191
  8648     16E4                     u4800:
  8649     16E4                     l4193:
  8650     16E4  0878               	movf	___fltol@sign1,w
  8651     16E5  1903               	btfsc	3,2
  8652     16E6  2EE8               	goto	u4811
  8653     16E7  2EE9               	goto	u4810
  8654     16E8                     u4811:
  8655     16E8  2EF4               	goto	l863
  8656     16E9                     u4810:
  8657     16E9                     l4195:
  8658     16E9  09C8               	comf	___fltol@f1,f
  8659     16EA  09C9               	comf	___fltol@f1+1,f
  8660     16EB  09CA               	comf	___fltol@f1+2,f
  8661     16EC  09CB               	comf	___fltol@f1+3,f
  8662     16ED  0AC8               	incf	___fltol@f1,f
  8663     16EE  1903               	skipnz
  8664     16EF  0AC9               	incf	___fltol@f1+1,f
  8665     16F0  1903               	skipnz
  8666     16F1  0ACA               	incf	___fltol@f1+2,f
  8667     16F2  1903               	skipnz
  8668     16F3  0ACB               	incf	___fltol@f1+3,f
  8669     16F4                     l863:
  8670     16F4                     l853:
  8671     16F4  0008               	return
  8672     16F5                     __end_of___fltol:
  8673                           
  8674                           	psect	text41
  8675     0C20                     __ptext41:	
  8676 ;; *************** function ___fldiv *****************
  8677 ;; Defined at:
  8678 ;;		line 8 in file "C:\Program Files\Microchip\xc8\v3.10\pic\sources\c99\common\sprcdiv.c"
  8679 ;; Parameters:    Size  Location     Type
  8680 ;;  a               4   14[BANK0 ] long 
  8681 ;;  b               4   18[BANK0 ] long 
  8682 ;; Auto vars:     Size  Location     Type
  8683 ;;  grs             4   34[BANK0 ] unsigned long 
  8684 ;;  rem             4   27[BANK0 ] unsigned long 
  8685 ;;  new_exp         2   32[BANK0 ] short 
  8686 ;;  aexp            1   39[BANK0 ] unsigned char 
  8687 ;;  bexp            1   38[BANK0 ] unsigned char 
  8688 ;;  sign            1   31[BANK0 ] unsigned char 
  8689 ;; Return value:  Size  Location     Type
  8690 ;;                  4   14[BANK0 ] unsigned char 
  8691 ;; Registers used:
  8692 ;;		wreg, status,2, status,0, btemp1
  8693 ;; Tracked objects:
  8694 ;;		On entry : 0/0
  8695 ;;		On exit  : 0/0
  8696 ;;		Unchanged: 0/0
  8697 ;; Data sizes:     COMMON   BANK0   BANK1   BANK3   BANK2
  8698 ;;      Params:         0       8       0       0       0
  8699 ;;      Locals:         0      13       0       0       0
  8700 ;;      Temps:          0       5       0       0       0
  8701 ;;      Totals:         0      26       0       0       0
  8702 ;;Total ram usage:       26 bytes
  8703 ;; Hardware stack levels used: 1
  8704 ;; Hardware stack levels required when called: 1
  8705 ;; This function calls:
  8706 ;;		Nothing
  8707 ;; This function is called by:
  8708 ;;		_dashboard
  8709 ;; This function uses a non-reentrant model
  8710 ;;
  8711                           
  8712     0C20                     ___fldiv:	
  8713                           ;psect for function ___fldiv
  8714                           
  8715     0C20                     l4245:	
  8716                           ;incstack = 0
  8717                           ; Regs used in ___fldiv: [wreg+status,2+status,0+btemp1]
  8718                           
  8719     0C20  1283               	bcf	3,5	;RP0=0, select bank0
  8720     0C21  1303               	bcf	3,6	;RP1=0, select bank0
  8721     0C22  0835               	movf	___fldiv@b+3,w
  8722     0C23  00BF               	movwf	___fldiv@sign
  8723     0C24                     l4247:
  8724     0C24  3080               	movlw	128
  8725     0C25  05BF               	andwf	___fldiv@sign,f
  8726     0C26                     l4249:
  8727     0C26  0835               	movf	___fldiv@b+3,w
  8728     0C27  00B6               	movwf	??___fldiv
  8729     0C28  0736               	addwf	??___fldiv,w
  8730     0C29  00C6               	movwf	___fldiv@bexp
  8731     0C2A                     l4251:
  8732     0C2A  1FB4               	btfss	___fldiv@b+2,7
  8733     0C2B  2C2D               	goto	u4951
  8734     0C2C  2C2E               	goto	u4950
  8735     0C2D                     u4951:
  8736     0C2D  2C2F               	goto	l4255
  8737     0C2E                     u4950:
  8738     0C2E                     l4253:
  8739     0C2E  1446               	bsf	___fldiv@bexp,0
  8740     0C2F                     l4255:
  8741     0C2F  0846               	movf	___fldiv@bexp,w
  8742     0C30  1903               	btfsc	3,2
  8743     0C31  2C33               	goto	u4961
  8744     0C32  2C34               	goto	u4960
  8745     0C33                     u4961:
  8746     0C33  2C44               	goto	l4265
  8747     0C34                     u4960:
  8748     0C34                     l4257:
  8749     0C34  0A46               	incf	___fldiv@bexp,w
  8750     0C35  1D03               	btfss	3,2
  8751     0C36  2C38               	goto	u4971
  8752     0C37  2C39               	goto	u4970
  8753     0C38                     u4971:
  8754     0C38  2C41               	goto	l4261
  8755     0C39                     u4970:
  8756     0C39                     l4259:
  8757     0C39  3000               	movlw	0
  8758     0C3A  00B5               	movwf	___fldiv@b+3
  8759     0C3B  3000               	movlw	0
  8760     0C3C  00B4               	movwf	___fldiv@b+2
  8761     0C3D  3000               	movlw	0
  8762     0C3E  00B3               	movwf	___fldiv@b+1
  8763     0C3F  3000               	movlw	0
  8764     0C40  00B2               	movwf	___fldiv@b
  8765     0C41                     l4261:
  8766     0C41  17B4               	bsf	___fldiv@b+2,7
  8767     0C42                     l4263:
  8768     0C42  01B5               	clrf	___fldiv@b+3
  8769     0C43  2C4C               	goto	l4267
  8770     0C44                     l4265:
  8771     0C44  3000               	movlw	0
  8772     0C45  00B5               	movwf	___fldiv@b+3
  8773     0C46  3000               	movlw	0
  8774     0C47  00B4               	movwf	___fldiv@b+2
  8775     0C48  3000               	movlw	0
  8776     0C49  00B3               	movwf	___fldiv@b+1
  8777     0C4A  3000               	movlw	0
  8778     0C4B  00B2               	movwf	___fldiv@b
  8779     0C4C                     l4267:
  8780     0C4C  0831               	movf	___fldiv@a+3,w
  8781     0C4D  3980               	andlw	128
  8782     0C4E  06BF               	xorwf	___fldiv@sign,f
  8783     0C4F                     l4269:
  8784     0C4F  0831               	movf	___fldiv@a+3,w
  8785     0C50  00B6               	movwf	??___fldiv
  8786     0C51  0736               	addwf	??___fldiv,w
  8787     0C52  00C7               	movwf	___fldiv@aexp
  8788     0C53                     l4271:
  8789     0C53  1FB0               	btfss	___fldiv@a+2,7
  8790     0C54  2C56               	goto	u4981
  8791     0C55  2C57               	goto	u4980
  8792     0C56                     u4981:
  8793     0C56  2C58               	goto	l4275
  8794     0C57                     u4980:
  8795     0C57                     l4273:
  8796     0C57  1447               	bsf	___fldiv@aexp,0
  8797     0C58                     l4275:
  8798     0C58  0847               	movf	___fldiv@aexp,w
  8799     0C59  1903               	btfsc	3,2
  8800     0C5A  2C5C               	goto	u4991
  8801     0C5B  2C5D               	goto	u4990
  8802     0C5C                     u4991:
  8803     0C5C  2C6D               	goto	l4285
  8804     0C5D                     u4990:
  8805     0C5D                     l4277:
  8806     0C5D  0A47               	incf	___fldiv@aexp,w
  8807     0C5E  1D03               	btfss	3,2
  8808     0C5F  2C61               	goto	u5001
  8809     0C60  2C62               	goto	u5000
  8810     0C61                     u5001:
  8811     0C61  2C6A               	goto	l4281
  8812     0C62                     u5000:
  8813     0C62                     l4279:
  8814     0C62  3000               	movlw	0
  8815     0C63  00B1               	movwf	___fldiv@a+3
  8816     0C64  3000               	movlw	0
  8817     0C65  00B0               	movwf	___fldiv@a+2
  8818     0C66  3000               	movlw	0
  8819     0C67  00AF               	movwf	___fldiv@a+1
  8820     0C68  3000               	movlw	0
  8821     0C69  00AE               	movwf	___fldiv@a
  8822     0C6A                     l4281:
  8823     0C6A  17B0               	bsf	___fldiv@a+2,7
  8824     0C6B                     l4283:
  8825     0C6B  01B1               	clrf	___fldiv@a+3
  8826     0C6C  2C75               	goto	l1016
  8827     0C6D                     l4285:
  8828     0C6D  3000               	movlw	0
  8829     0C6E  00B1               	movwf	___fldiv@a+3
  8830     0C6F  3000               	movlw	0
  8831     0C70  00B0               	movwf	___fldiv@a+2
  8832     0C71  3000               	movlw	0
  8833     0C72  00AF               	movwf	___fldiv@a+1
  8834     0C73  3000               	movlw	0
  8835     0C74  00AE               	movwf	___fldiv@a
  8836     0C75                     l1016:
  8837     0C75  0831               	movf	___fldiv@a+3,w
  8838     0C76  0430               	iorwf	___fldiv@a+2,w
  8839     0C77  042F               	iorwf	___fldiv@a+1,w
  8840     0C78  042E               	iorwf	___fldiv@a,w
  8841     0C79  1D03               	skipz
  8842     0C7A  2C7C               	goto	u5011
  8843     0C7B  2C7D               	goto	u5010
  8844     0C7C                     u5011:
  8845     0C7C  2C94               	goto	l4295
  8846     0C7D                     u5010:
  8847     0C7D                     l4287:
  8848     0C7D  3000               	movlw	0
  8849     0C7E  00B5               	movwf	___fldiv@b+3
  8850     0C7F  3000               	movlw	0
  8851     0C80  00B4               	movwf	___fldiv@b+2
  8852     0C81  3000               	movlw	0
  8853     0C82  00B3               	movwf	___fldiv@b+1
  8854     0C83  3000               	movlw	0
  8855     0C84  00B2               	movwf	___fldiv@b
  8856     0C85  3080               	movlw	128
  8857     0C86  04B4               	iorwf	___fldiv@b+2,f
  8858     0C87  307F               	movlw	127
  8859     0C88  04B5               	iorwf	___fldiv@b+3,f
  8860     0C89                     l4289:
  8861     0C89  083F               	movf	___fldiv@sign,w
  8862     0C8A  04B5               	iorwf	___fldiv@b+3,f
  8863     0C8B                     l4291:
  8864     0C8B  0835               	movf	___fldiv@b+3,w
  8865     0C8C  00B1               	movwf	?___fldiv+3
  8866     0C8D  0834               	movf	___fldiv@b+2,w
  8867     0C8E  00B0               	movwf	?___fldiv+2
  8868     0C8F  0833               	movf	___fldiv@b+1,w
  8869     0C90  00AF               	movwf	?___fldiv+1
  8870     0C91  0832               	movf	___fldiv@b,w
  8871     0C92  00AE               	movwf	?___fldiv
  8872     0C93  2DE9               	goto	l1018
  8873     0C94                     l4295:
  8874     0C94  0846               	movf	___fldiv@bexp,w
  8875     0C95  1D03               	btfss	3,2
  8876     0C96  2C98               	goto	u5021
  8877     0C97  2C99               	goto	u5020
  8878     0C98                     u5021:
  8879     0C98  2CA2               	goto	l4301
  8880     0C99                     u5020:
  8881     0C99                     l4297:
  8882     0C99  3000               	movlw	0
  8883     0C9A  00B1               	movwf	?___fldiv+3
  8884     0C9B  3000               	movlw	0
  8885     0C9C  00B0               	movwf	?___fldiv+2
  8886     0C9D  3000               	movlw	0
  8887     0C9E  00AF               	movwf	?___fldiv+1
  8888     0C9F  3000               	movlw	0
  8889     0CA0  00AE               	movwf	?___fldiv
  8890     0CA1  2DE9               	goto	l1018
  8891     0CA2                     l4301:
  8892     0CA2  0846               	movf	___fldiv@bexp,w
  8893     0CA3  00B6               	movwf	??___fldiv
  8894     0CA4  01B7               	clrf	??___fldiv+1
  8895     0CA5  0837               	movf	??___fldiv+1,w
  8896     0CA6  00B9               	movwf	??___fldiv+3
  8897     0CA7  0847               	movf	___fldiv@aexp,w
  8898     0CA8  0236               	subwf	??___fldiv,w
  8899     0CA9  00B8               	movwf	??___fldiv+2
  8900     0CAA  1C03               	skipc
  8901     0CAB  03B9               	decf	??___fldiv+3,f
  8902     0CAC  0838               	movf	??___fldiv+2,w
  8903     0CAD  3E7F               	addlw	127
  8904     0CAE  00C0               	movwf	___fldiv@new_exp
  8905     0CAF  0839               	movf	??___fldiv+3,w
  8906     0CB0  1803               	skipnc
  8907     0CB1  3E01               	addlw	1
  8908     0CB2  3E00               	addlw	0
  8909     0CB3  00C1               	movwf	___fldiv@new_exp+1
  8910     0CB4                     l4303:
  8911     0CB4  0835               	movf	___fldiv@b+3,w
  8912     0CB5  00BE               	movwf	___fldiv@rem+3
  8913     0CB6  0834               	movf	___fldiv@b+2,w
  8914     0CB7  00BD               	movwf	___fldiv@rem+2
  8915     0CB8  0833               	movf	___fldiv@b+1,w
  8916     0CB9  00BC               	movwf	___fldiv@rem+1
  8917     0CBA  0832               	movf	___fldiv@b,w
  8918     0CBB  00BB               	movwf	___fldiv@rem
  8919     0CBC                     l4305:
  8920     0CBC  3000               	movlw	0
  8921     0CBD  00B5               	movwf	___fldiv@b+3
  8922     0CBE  3000               	movlw	0
  8923     0CBF  00B4               	movwf	___fldiv@b+2
  8924     0CC0  3000               	movlw	0
  8925     0CC1  00B3               	movwf	___fldiv@b+1
  8926     0CC2  3000               	movlw	0
  8927     0CC3  00B2               	movwf	___fldiv@b
  8928     0CC4                     l4307:
  8929     0CC4  3000               	movlw	0
  8930     0CC5  00C5               	movwf	___fldiv@grs+3
  8931     0CC6  3000               	movlw	0
  8932     0CC7  00C4               	movwf	___fldiv@grs+2
  8933     0CC8  3000               	movlw	0
  8934     0CC9  00C3               	movwf	___fldiv@grs+1
  8935     0CCA  3000               	movlw	0
  8936     0CCB  00C2               	movwf	___fldiv@grs
  8937     0CCC                     l4309:
  8938     0CCC  01C7               	clrf	___fldiv@aexp
  8939     0CCD  2D16               	goto	l4329
  8940     0CCE                     l4311:
  8941     0CCE  0847               	movf	___fldiv@aexp,w
  8942     0CCF  1903               	btfsc	3,2
  8943     0CD0  2CD2               	goto	u5031
  8944     0CD1  2CD3               	goto	u5030
  8945     0CD2                     u5031:
  8946     0CD2  2CF3               	goto	l4321
  8947     0CD3                     u5030:
  8948     0CD3                     l4313:
  8949     0CD3  3001               	movlw	1
  8950     0CD4  00B6               	movwf	??___fldiv
  8951     0CD5                     u5045:
  8952     0CD5  1003               	clrc
  8953     0CD6  0DBB               	rlf	___fldiv@rem,f
  8954     0CD7  0DBC               	rlf	___fldiv@rem+1,f
  8955     0CD8  0DBD               	rlf	___fldiv@rem+2,f
  8956     0CD9  0DBE               	rlf	___fldiv@rem+3,f
  8957     0CDA  0BB6               	decfsz	??___fldiv,f
  8958     0CDB  2CD5               	goto	u5045
  8959     0CDC  3001               	movlw	1
  8960     0CDD  00B6               	movwf	??___fldiv
  8961     0CDE                     u5055:
  8962     0CDE  1003               	clrc
  8963     0CDF  0DB2               	rlf	___fldiv@b,f
  8964     0CE0  0DB3               	rlf	___fldiv@b+1,f
  8965     0CE1  0DB4               	rlf	___fldiv@b+2,f
  8966     0CE2  0DB5               	rlf	___fldiv@b+3,f
  8967     0CE3  0BB6               	decfsz	??___fldiv,f
  8968     0CE4  2CDE               	goto	u5055
  8969     0CE5                     l4315:
  8970     0CE5  1FC5               	btfss	___fldiv@grs+3,7
  8971     0CE6  2CE8               	goto	u5061
  8972     0CE7  2CE9               	goto	u5060
  8973     0CE8                     u5061:
  8974     0CE8  2CEA               	goto	l4319
  8975     0CE9                     u5060:
  8976     0CE9                     l4317:
  8977     0CE9  1432               	bsf	___fldiv@b,0
  8978     0CEA                     l4319:
  8979     0CEA  3001               	movlw	1
  8980     0CEB  00B6               	movwf	??___fldiv
  8981     0CEC                     u5075:
  8982     0CEC  1003               	clrc
  8983     0CED  0DC2               	rlf	___fldiv@grs,f
  8984     0CEE  0DC3               	rlf	___fldiv@grs+1,f
  8985     0CEF  0DC4               	rlf	___fldiv@grs+2,f
  8986     0CF0  0DC5               	rlf	___fldiv@grs+3,f
  8987     0CF1  0BB6               	decfsz	??___fldiv,f
  8988     0CF2  2CEC               	goto	u5075
  8989     0CF3                     l4321:
  8990     0CF3  0831               	movf	___fldiv@a+3,w
  8991     0CF4  023E               	subwf	___fldiv@rem+3,w
  8992     0CF5  1D03               	skipz
  8993     0CF6  2D01               	goto	u5085
  8994     0CF7  0830               	movf	___fldiv@a+2,w
  8995     0CF8  023D               	subwf	___fldiv@rem+2,w
  8996     0CF9  1D03               	skipz
  8997     0CFA  2D01               	goto	u5085
  8998     0CFB  082F               	movf	___fldiv@a+1,w
  8999     0CFC  023C               	subwf	___fldiv@rem+1,w
  9000     0CFD  1D03               	skipz
  9001     0CFE  2D01               	goto	u5085
  9002     0CFF  082E               	movf	___fldiv@a,w
  9003     0D00  023B               	subwf	___fldiv@rem,w
  9004     0D01                     u5085:
  9005     0D01  1C03               	skipc
  9006     0D02  2D04               	goto	u5081
  9007     0D03  2D05               	goto	u5080
  9008     0D04                     u5081:
  9009     0D04  2D14               	goto	l4327
  9010     0D05                     u5080:
  9011     0D05                     l4323:
  9012     0D05  1745               	bsf	___fldiv@grs+3,6
  9013     0D06                     l4325:
  9014     0D06  082E               	movf	___fldiv@a,w
  9015     0D07  02BB               	subwf	___fldiv@rem,f
  9016     0D08  082F               	movf	___fldiv@a+1,w
  9017     0D09  1C03               	skipc
  9018     0D0A  0F2F               	incfsz	___fldiv@a+1,w
  9019     0D0B  02BC               	subwf	___fldiv@rem+1,f
  9020     0D0C  0830               	movf	___fldiv@a+2,w
  9021     0D0D  1C03               	skipc
  9022     0D0E  0F30               	incfsz	___fldiv@a+2,w
  9023     0D0F  02BD               	subwf	___fldiv@rem+2,f
  9024     0D10  0831               	movf	___fldiv@a+3,w
  9025     0D11  1C03               	skipc
  9026     0D12  0F31               	incfsz	___fldiv@a+3,w
  9027     0D13  02BE               	subwf	___fldiv@rem+3,f
  9028     0D14                     l4327:
  9029     0D14  3001               	movlw	1
  9030     0D15  07C7               	addwf	___fldiv@aexp,f
  9031     0D16                     l4329:
  9032     0D16  301A               	movlw	26
  9033     0D17  0247               	subwf	___fldiv@aexp,w
  9034     0D18  1C03               	skipc
  9035     0D19  2D1B               	goto	u5091
  9036     0D1A  2D1C               	goto	u5090
  9037     0D1B                     u5091:
  9038     0D1B  2CCE               	goto	l4311
  9039     0D1C                     u5090:
  9040     0D1C                     l4331:
  9041     0D1C  083E               	movf	___fldiv@rem+3,w
  9042     0D1D  043D               	iorwf	___fldiv@rem+2,w
  9043     0D1E  043C               	iorwf	___fldiv@rem+1,w
  9044     0D1F  043B               	iorwf	___fldiv@rem,w
  9045     0D20  1903               	skipnz
  9046     0D21  2D23               	goto	u5101
  9047     0D22  2D24               	goto	u5100
  9048     0D23                     u5101:
  9049     0D23  2D43               	goto	l4345
  9050     0D24                     u5100:
  9051     0D24                     l4333:
  9052     0D24  1442               	bsf	___fldiv@grs,0
  9053     0D25  2D43               	goto	l4345
  9054     0D26                     l4335:
  9055     0D26  3001               	movlw	1
  9056     0D27  00B6               	movwf	??___fldiv
  9057     0D28                     u5115:
  9058     0D28  1003               	clrc
  9059     0D29  0DB2               	rlf	___fldiv@b,f
  9060     0D2A  0DB3               	rlf	___fldiv@b+1,f
  9061     0D2B  0DB4               	rlf	___fldiv@b+2,f
  9062     0D2C  0DB5               	rlf	___fldiv@b+3,f
  9063     0D2D  0BB6               	decfsz	??___fldiv,f
  9064     0D2E  2D28               	goto	u5115
  9065     0D2F                     l4337:
  9066     0D2F  1FC5               	btfss	___fldiv@grs+3,7
  9067     0D30  2D32               	goto	u5121
  9068     0D31  2D33               	goto	u5120
  9069     0D32                     u5121:
  9070     0D32  2D34               	goto	l4341
  9071     0D33                     u5120:
  9072     0D33                     l4339:
  9073     0D33  1432               	bsf	___fldiv@b,0
  9074     0D34                     l4341:
  9075     0D34  3001               	movlw	1
  9076     0D35  00B6               	movwf	??___fldiv
  9077     0D36                     u5135:
  9078     0D36  1003               	clrc
  9079     0D37  0DC2               	rlf	___fldiv@grs,f
  9080     0D38  0DC3               	rlf	___fldiv@grs+1,f
  9081     0D39  0DC4               	rlf	___fldiv@grs+2,f
  9082     0D3A  0DC5               	rlf	___fldiv@grs+3,f
  9083     0D3B  0BB6               	decfsz	??___fldiv,f
  9084     0D3C  2D36               	goto	u5135
  9085     0D3D                     l4343:
  9086     0D3D  30FF               	movlw	255
  9087     0D3E  07C0               	addwf	___fldiv@new_exp,f
  9088     0D3F  1803               	skipnc
  9089     0D40  0AC1               	incf	___fldiv@new_exp+1,f
  9090     0D41  30FF               	movlw	255
  9091     0D42  07C1               	addwf	___fldiv@new_exp+1,f
  9092     0D43                     l4345:
  9093     0D43  1FB4               	btfss	___fldiv@b+2,7
  9094     0D44  2D46               	goto	u5141
  9095     0D45  2D47               	goto	u5140
  9096     0D46                     u5141:
  9097     0D46  2D26               	goto	l4335
  9098     0D47                     u5140:
  9099     0D47                     l4347:
  9100     0D47  01C7               	clrf	___fldiv@aexp
  9101     0D48                     l4349:
  9102     0D48  1FC5               	btfss	___fldiv@grs+3,7
  9103     0D49  2D4B               	goto	u5151
  9104     0D4A  2D4C               	goto	u5150
  9105     0D4B                     u5151:
  9106     0D4B  2D68               	goto	l4357
  9107     0D4C                     u5150:
  9108     0D4C                     l4351:
  9109     0D4C  30FF               	movlw	255
  9110     0D4D  0542               	andwf	___fldiv@grs,w
  9111     0D4E  00B6               	movwf	??___fldiv
  9112     0D4F  30FF               	movlw	255
  9113     0D50  0543               	andwf	___fldiv@grs+1,w
  9114     0D51  00B7               	movwf	??___fldiv+1
  9115     0D52  30FF               	movlw	255
  9116     0D53  0544               	andwf	___fldiv@grs+2,w
  9117     0D54  00B8               	movwf	??___fldiv+2
  9118     0D55  307F               	movlw	127
  9119     0D56  0545               	andwf	___fldiv@grs+3,w
  9120     0D57  00B9               	movwf	??___fldiv+3
  9121     0D58  0839               	movf	??___fldiv+3,w
  9122     0D59  0438               	iorwf	??___fldiv+2,w
  9123     0D5A  0437               	iorwf	??___fldiv+1,w
  9124     0D5B  0436               	iorwf	??___fldiv,w
  9125     0D5C  1903               	skipnz
  9126     0D5D  2D5F               	goto	u5161
  9127     0D5E  2D60               	goto	u5160
  9128     0D5F                     u5161:
  9129     0D5F  2D63               	goto	l1032
  9130     0D60                     u5160:
  9131     0D60                     l4353:
  9132     0D60  3001               	movlw	1
  9133     0D61  00C7               	movwf	___fldiv@aexp
  9134     0D62  2D68               	goto	l4357
  9135     0D63                     l1032:
  9136     0D63  1C32               	btfss	___fldiv@b,0
  9137     0D64  2D66               	goto	u5171
  9138     0D65  2D67               	goto	u5170
  9139     0D66                     u5171:
  9140     0D66  2D68               	goto	l4357
  9141     0D67                     u5170:
  9142     0D67  2D60               	goto	l4353
  9143     0D68                     l4357:
  9144     0D68  0847               	movf	___fldiv@aexp,w
  9145     0D69  1903               	btfsc	3,2
  9146     0D6A  2D6C               	goto	u5181
  9147     0D6B  2D6D               	goto	u5180
  9148     0D6C                     u5181:
  9149     0D6C  2D9E               	goto	l4367
  9150     0D6D                     u5180:
  9151     0D6D                     l4359:
  9152     0D6D  3001               	movlw	1
  9153     0D6E  07B2               	addwf	___fldiv@b,f
  9154     0D6F  3000               	movlw	0
  9155     0D70  1803               	skipnc
  9156     0D71  3001               	movlw	1
  9157     0D72  07B3               	addwf	___fldiv@b+1,f
  9158     0D73  3000               	movlw	0
  9159     0D74  1803               	skipnc
  9160     0D75  3001               	movlw	1
  9161     0D76  07B4               	addwf	___fldiv@b+2,f
  9162     0D77  3000               	movlw	0
  9163     0D78  1803               	skipnc
  9164     0D79  3001               	movlw	1
  9165     0D7A  07B5               	addwf	___fldiv@b+3,f
  9166     0D7B                     l4361:
  9167     0D7B  1C35               	btfss	___fldiv@b+3,0
  9168     0D7C  2D7E               	goto	u5191
  9169     0D7D  2D7F               	goto	u5190
  9170     0D7E                     u5191:
  9171     0D7E  2D9E               	goto	l4367
  9172     0D7F                     u5190:
  9173     0D7F                     l4363:
  9174     0D7F  0832               	movf	___fldiv@b,w
  9175     0D80  00B6               	movwf	??___fldiv
  9176     0D81  0833               	movf	___fldiv@b+1,w
  9177     0D82  00B7               	movwf	??___fldiv+1
  9178     0D83  0834               	movf	___fldiv@b+2,w
  9179     0D84  00B8               	movwf	??___fldiv+2
  9180     0D85  0835               	movf	___fldiv@b+3,w
  9181     0D86  00B9               	movwf	??___fldiv+3
  9182     0D87  3001               	movlw	1
  9183     0D88  00BA               	movwf	??___fldiv+4
  9184     0D89                     u5205:
  9185     0D89  0D39               	rlf	??___fldiv+3,w
  9186     0D8A  0CB9               	rrf	??___fldiv+3,f
  9187     0D8B  0CB8               	rrf	??___fldiv+2,f
  9188     0D8C  0CB7               	rrf	??___fldiv+1,f
  9189     0D8D  0CB6               	rrf	??___fldiv,f
  9190     0D8E                     u5200:
  9191     0D8E  0BBA               	decfsz	??___fldiv+4,f
  9192     0D8F  2D89               	goto	u5205
  9193     0D90  0839               	movf	??___fldiv+3,w
  9194     0D91  00B5               	movwf	___fldiv@b+3
  9195     0D92  0838               	movf	??___fldiv+2,w
  9196     0D93  00B4               	movwf	___fldiv@b+2
  9197     0D94  0837               	movf	??___fldiv+1,w
  9198     0D95  00B3               	movwf	___fldiv@b+1
  9199     0D96  0836               	movf	??___fldiv,w
  9200     0D97  00B2               	movwf	___fldiv@b
  9201     0D98                     l4365:
  9202     0D98  3001               	movlw	1
  9203     0D99  07C0               	addwf	___fldiv@new_exp,f
  9204     0D9A  1803               	skipnc
  9205     0D9B  0AC1               	incf	___fldiv@new_exp+1,f
  9206     0D9C  3000               	movlw	0
  9207     0D9D  07C1               	addwf	___fldiv@new_exp+1,f
  9208     0D9E                     l4367:
  9209     0D9E  0841               	movf	___fldiv@new_exp+1,w
  9210     0D9F  3A80               	xorlw	128
  9211     0DA0  00FF               	movwf	btemp1
  9212     0DA1  3080               	movlw	128
  9213     0DA2  027F               	subwf	btemp1,w
  9214     0DA3  1D03               	skipz
  9215     0DA4  2DA7               	goto	u5215
  9216     0DA5  30FF               	movlw	255
  9217     0DA6  0240               	subwf	___fldiv@new_exp,w
  9218     0DA7                     u5215:
  9219     0DA7  1C03               	skipc
  9220     0DA8  2DAA               	goto	u5211
  9221     0DA9  2DAB               	goto	u5210
  9222     0DAA                     u5211:
  9223     0DAA  2DB9               	goto	l4371
  9224     0DAB                     u5210:
  9225     0DAB                     l4369:
  9226     0DAB  30FF               	movlw	255
  9227     0DAC  1283               	bcf	3,5	;RP0=0, select bank0
  9228     0DAD  1303               	bcf	3,6	;RP1=0, select bank0
  9229     0DAE  00C0               	movwf	___fldiv@new_exp
  9230     0DAF  3000               	movlw	0
  9231     0DB0  00C1               	movwf	___fldiv@new_exp+1
  9232     0DB1  3000               	movlw	0
  9233     0DB2  00B5               	movwf	___fldiv@b+3
  9234     0DB3  3000               	movlw	0
  9235     0DB4  00B4               	movwf	___fldiv@b+2
  9236     0DB5  3000               	movlw	0
  9237     0DB6  00B3               	movwf	___fldiv@b+1
  9238     0DB7  3000               	movlw	0
  9239     0DB8  00B2               	movwf	___fldiv@b
  9240     0DB9                     l4371:
  9241     0DB9  1283               	bcf	3,5	;RP0=0, select bank0
  9242     0DBA  1303               	bcf	3,6	;RP1=0, select bank0
  9243     0DBB  0841               	movf	___fldiv@new_exp+1,w
  9244     0DBC  3A80               	xorlw	128
  9245     0DBD  00FF               	movwf	btemp1
  9246     0DBE  3080               	movlw	128
  9247     0DBF  027F               	subwf	btemp1,w
  9248     0DC0  1D03               	skipz
  9249     0DC1  2DC4               	goto	u5225
  9250     0DC2  3001               	movlw	1
  9251     0DC3  0240               	subwf	___fldiv@new_exp,w
  9252     0DC4                     u5225:
  9253     0DC4  1803               	skipnc
  9254     0DC5  2DC7               	goto	u5221
  9255     0DC6  2DC8               	goto	u5220
  9256     0DC7                     u5221:
  9257     0DC7  2DD5               	goto	l1038
  9258     0DC8                     u5220:
  9259     0DC8                     l4373:
  9260     0DC8  1283               	bcf	3,5	;RP0=0, select bank0
  9261     0DC9  1303               	bcf	3,6	;RP1=0, select bank0
  9262     0DCA  01C0               	clrf	___fldiv@new_exp
  9263     0DCB  01C1               	clrf	___fldiv@new_exp+1
  9264     0DCC                     l4375:
  9265     0DCC  3000               	movlw	0
  9266     0DCD  00B5               	movwf	___fldiv@b+3
  9267     0DCE  3000               	movlw	0
  9268     0DCF  00B4               	movwf	___fldiv@b+2
  9269     0DD0  3000               	movlw	0
  9270     0DD1  00B3               	movwf	___fldiv@b+1
  9271     0DD2  3000               	movlw	0
  9272     0DD3  00B2               	movwf	___fldiv@b
  9273     0DD4                     l4377:
  9274     0DD4  01BF               	clrf	___fldiv@sign
  9275     0DD5                     l1038:
  9276     0DD5  1283               	bcf	3,5	;RP0=0, select bank0
  9277     0DD6  1303               	bcf	3,6	;RP1=0, select bank0
  9278     0DD7  0840               	movf	___fldiv@new_exp,w
  9279     0DD8  00C6               	movwf	___fldiv@bexp
  9280     0DD9                     l4379:
  9281     0DD9  1C46               	btfss	___fldiv@bexp,0
  9282     0DDA  2DDC               	goto	u5231
  9283     0DDB  2DDD               	goto	u5230
  9284     0DDC                     u5231:
  9285     0DDC  2DDF               	goto	l4383
  9286     0DDD                     u5230:
  9287     0DDD                     l4381:
  9288     0DDD  17B4               	bsf	___fldiv@b+2,7
  9289     0DDE  2DE1               	goto	l1040
  9290     0DDF                     l4383:
  9291     0DDF  307F               	movlw	127
  9292     0DE0  05B4               	andwf	___fldiv@b+2,f
  9293     0DE1                     l1040:
  9294     0DE1  0846               	movf	___fldiv@bexp,w
  9295     0DE2  00B6               	movwf	??___fldiv
  9296     0DE3  1003               	clrc
  9297     0DE4  0C36               	rrf	??___fldiv,w
  9298     0DE5  00B5               	movwf	___fldiv@b+3
  9299     0DE6  083F               	movf	___fldiv@sign,w
  9300     0DE7  04B5               	iorwf	___fldiv@b+3,f
  9301     0DE8  2C8B               	goto	l4291
  9302     0DE9                     l1018:
  9303     0DE9  0008               	return
  9304     0DEA                     __end_of___fldiv:
  9305                           
  9306                           	psect	text42
  9307     14A5                     __ptext42:	
  9308 ;; *************** function ___awmod *****************
  9309 ;; Defined at:
  9310 ;;		line 5 in file "C:\Program Files\Microchip\xc8\v3.10\pic\sources\c99\common\awmod.c"
  9311 ;; Parameters:    Size  Location     Type
  9312 ;;  divisor         2    2[COMMON] int 
  9313 ;;  dividend        2    4[COMMON] int 
  9314 ;; Auto vars:     Size  Location     Type
  9315 ;;  sign            1    7[COMMON] unsigned char 
  9316 ;;  counter         1    6[COMMON] unsigned char 
  9317 ;; Return value:  Size  Location     Type
  9318 ;;                  2    2[COMMON] int 
  9319 ;; Registers used:
  9320 ;;		wreg, status,2, status,0
  9321 ;; Tracked objects:
  9322 ;;		On entry : 0/0
  9323 ;;		On exit  : 0/0
  9324 ;;		Unchanged: 0/0
  9325 ;; Data sizes:     COMMON   BANK0   BANK1   BANK3   BANK2
  9326 ;;      Params:         4       0       0       0       0
  9327 ;;      Locals:         2       0       0       0       0
  9328 ;;      Temps:          0       0       0       0       0
  9329 ;;      Totals:         6       0       0       0       0
  9330 ;;Total ram usage:        6 bytes
  9331 ;; Hardware stack levels used: 1
  9332 ;; Hardware stack levels required when called: 1
  9333 ;; This function calls:
  9334 ;;		Nothing
  9335 ;; This function is called by:
  9336 ;;		_dashboard
  9337 ;;		_set_time
  9338 ;; This function uses a non-reentrant model
  9339 ;;
  9340                           
  9341     14A5                     ___awmod:	
  9342                           ;psect for function ___awmod
  9343                           
  9344     14A5                     l4123:	
  9345                           ;incstack = 0
  9346                           ; Regs used in ___awmod: [wreg+status,2+status,0]
  9347                           
  9348     14A5  01F7               	clrf	___awmod@sign
  9349     14A6                     l4125:
  9350     14A6  1FF5               	btfss	___awmod@dividend+1,7
  9351     14A7  2CA9               	goto	u4631
  9352     14A8  2CAA               	goto	u4630
  9353     14A9                     u4631:
  9354     14A9  2CB1               	goto	l4131
  9355     14AA                     u4630:
  9356     14AA                     l4127:
  9357     14AA  09F4               	comf	___awmod@dividend,f
  9358     14AB  09F5               	comf	___awmod@dividend+1,f
  9359     14AC  0AF4               	incf	___awmod@dividend,f
  9360     14AD  1903               	skipnz
  9361     14AE  0AF5               	incf	___awmod@dividend+1,f
  9362     14AF                     l4129:
  9363     14AF  3001               	movlw	1
  9364     14B0  00F7               	movwf	___awmod@sign
  9365     14B1                     l4131:
  9366     14B1  1FF3               	btfss	___awmod@divisor+1,7
  9367     14B2  2CB4               	goto	u4641
  9368     14B3  2CB5               	goto	u4640
  9369     14B4                     u4641:
  9370     14B4  2CBA               	goto	l4135
  9371     14B5                     u4640:
  9372     14B5                     l4133:
  9373     14B5  09F2               	comf	___awmod@divisor,f
  9374     14B6  09F3               	comf	___awmod@divisor+1,f
  9375     14B7  0AF2               	incf	___awmod@divisor,f
  9376     14B8  1903               	skipnz
  9377     14B9  0AF3               	incf	___awmod@divisor+1,f
  9378     14BA                     l4135:
  9379     14BA  0872               	movf	___awmod@divisor,w
  9380     14BB  0473               	iorwf	___awmod@divisor+1,w
  9381     14BC  1903               	btfsc	3,2
  9382     14BD  2CBF               	goto	u4651
  9383     14BE  2CC0               	goto	u4650
  9384     14BF                     u4651:
  9385     14BF  2CED               	goto	l4153
  9386     14C0                     u4650:
  9387     14C0                     l4137:
  9388     14C0  3001               	movlw	1
  9389     14C1  00F6               	movwf	___awmod@counter
  9390     14C2  2CCC               	goto	l4143
  9391     14C3                     l4139:
  9392     14C3  3001               	movlw	1
  9393     14C4                     u4665:
  9394     14C4  1003               	clrc
  9395     14C5  0DF2               	rlf	___awmod@divisor,f
  9396     14C6  0DF3               	rlf	___awmod@divisor+1,f
  9397     14C7  3EFF               	addlw	-1
  9398     14C8  1D03               	skipz
  9399     14C9  2CC4               	goto	u4665
  9400     14CA                     l4141:
  9401     14CA  3001               	movlw	1
  9402     14CB  07F6               	addwf	___awmod@counter,f
  9403     14CC                     l4143:
  9404     14CC  1FF3               	btfss	___awmod@divisor+1,7
  9405     14CD  2CCF               	goto	u4671
  9406     14CE  2CD0               	goto	u4670
  9407     14CF                     u4671:
  9408     14CF  2CC3               	goto	l4139
  9409     14D0                     u4670:
  9410     14D0                     l4145:
  9411     14D0  0873               	movf	___awmod@divisor+1,w
  9412     14D1  0275               	subwf	___awmod@dividend+1,w
  9413     14D2  1D03               	skipz
  9414     14D3  2CD6               	goto	u4685
  9415     14D4  0872               	movf	___awmod@divisor,w
  9416     14D5  0274               	subwf	___awmod@dividend,w
  9417     14D6                     u4685:
  9418     14D6  1C03               	skipc
  9419     14D7  2CD9               	goto	u4681
  9420     14D8  2CDA               	goto	u4680
  9421     14D9                     u4681:
  9422     14D9  2CE0               	goto	l4149
  9423     14DA                     u4680:
  9424     14DA                     l4147:
  9425     14DA  0872               	movf	___awmod@divisor,w
  9426     14DB  02F4               	subwf	___awmod@dividend,f
  9427     14DC  0873               	movf	___awmod@divisor+1,w
  9428     14DD  1C03               	skipc
  9429     14DE  03F5               	decf	___awmod@dividend+1,f
  9430     14DF  02F5               	subwf	___awmod@dividend+1,f
  9431     14E0                     l4149:
  9432     14E0  3001               	movlw	1
  9433     14E1                     u4695:
  9434     14E1  1003               	clrc
  9435     14E2  0CF3               	rrf	___awmod@divisor+1,f
  9436     14E3  0CF2               	rrf	___awmod@divisor,f
  9437     14E4  3EFF               	addlw	-1
  9438     14E5  1D03               	skipz
  9439     14E6  2CE1               	goto	u4695
  9440     14E7                     l4151:
  9441     14E7  3001               	movlw	1
  9442     14E8  02F6               	subwf	___awmod@counter,f
  9443     14E9  1D03               	btfss	3,2
  9444     14EA  2CEC               	goto	u4701
  9445     14EB  2CED               	goto	u4700
  9446     14EC                     u4701:
  9447     14EC  2CD0               	goto	l4145
  9448     14ED                     u4700:
  9449     14ED                     l4153:
  9450     14ED  0877               	movf	___awmod@sign,w
  9451     14EE  1903               	btfsc	3,2
  9452     14EF  2CF1               	goto	u4711
  9453     14F0  2CF2               	goto	u4710
  9454     14F1                     u4711:
  9455     14F1  2CF7               	goto	l4157
  9456     14F2                     u4710:
  9457     14F2                     l4155:
  9458     14F2  09F4               	comf	___awmod@dividend,f
  9459     14F3  09F5               	comf	___awmod@dividend+1,f
  9460     14F4  0AF4               	incf	___awmod@dividend,f
  9461     14F5  1903               	skipnz
  9462     14F6  0AF5               	incf	___awmod@dividend+1,f
  9463     14F7                     l4157:
  9464     14F7  0875               	movf	___awmod@dividend+1,w
  9465     14F8  00F3               	movwf	?___awmod+1
  9466     14F9  0874               	movf	___awmod@dividend,w
  9467     14FA  00F2               	movwf	?___awmod
  9468     14FB                     l825:
  9469     14FB  0008               	return
  9470     14FC                     __end_of___awmod:
  9471                           
  9472                           	psect	text43
  9473     15B9                     __ptext43:	
  9474 ;; *************** function ___awdiv *****************
  9475 ;; Defined at:
  9476 ;;		line 5 in file "C:\Program Files\Microchip\xc8\v3.10\pic\sources\c99\common\awdiv.c"
  9477 ;; Parameters:    Size  Location     Type
  9478 ;;  divisor         2    2[COMMON] int 
  9479 ;;  dividend        2    4[COMMON] int 
  9480 ;; Auto vars:     Size  Location     Type
  9481 ;;  quotient        2    8[COMMON] int 
  9482 ;;  sign            1    7[COMMON] unsigned char 
  9483 ;;  counter         1    6[COMMON] unsigned char 
  9484 ;; Return value:  Size  Location     Type
  9485 ;;                  2    2[COMMON] int 
  9486 ;; Registers used:
  9487 ;;		wreg, status,2, status,0
  9488 ;; Tracked objects:
  9489 ;;		On entry : 0/0
  9490 ;;		On exit  : 0/0
  9491 ;;		Unchanged: 0/0
  9492 ;; Data sizes:     COMMON   BANK0   BANK1   BANK3   BANK2
  9493 ;;      Params:         4       0       0       0       0
  9494 ;;      Locals:         4       0       0       0       0
  9495 ;;      Temps:          0       0       0       0       0
  9496 ;;      Totals:         8       0       0       0       0
  9497 ;;Total ram usage:        8 bytes
  9498 ;; Hardware stack levels used: 1
  9499 ;; Hardware stack levels required when called: 1
  9500 ;; This function calls:
  9501 ;;		Nothing
  9502 ;; This function is called by:
  9503 ;;		_dashboard
  9504 ;;		_set_time
  9505 ;; This function uses a non-reentrant model
  9506 ;;
  9507                           
  9508     15B9                     ___awdiv:	
  9509                           ;psect for function ___awdiv
  9510                           
  9511     15B9                     l4079:	
  9512                           ;incstack = 0
  9513                           ; Regs used in ___awdiv: [wreg+status,2+status,0]
  9514                           
  9515     15B9  01F7               	clrf	___awdiv@sign
  9516     15BA                     l4081:
  9517     15BA  1FF3               	btfss	___awdiv@divisor+1,7
  9518     15BB  2DBD               	goto	u4531
  9519     15BC  2DBE               	goto	u4530
  9520     15BD                     u4531:
  9521     15BD  2DC5               	goto	l4087
  9522     15BE                     u4530:
  9523     15BE                     l4083:
  9524     15BE  09F2               	comf	___awdiv@divisor,f
  9525     15BF  09F3               	comf	___awdiv@divisor+1,f
  9526     15C0  0AF2               	incf	___awdiv@divisor,f
  9527     15C1  1903               	skipnz
  9528     15C2  0AF3               	incf	___awdiv@divisor+1,f
  9529     15C3                     l4085:
  9530     15C3  3001               	movlw	1
  9531     15C4  00F7               	movwf	___awdiv@sign
  9532     15C5                     l4087:
  9533     15C5  1FF5               	btfss	___awdiv@dividend+1,7
  9534     15C6  2DC8               	goto	u4541
  9535     15C7  2DC9               	goto	u4540
  9536     15C8                     u4541:
  9537     15C8  2DD0               	goto	l4093
  9538     15C9                     u4540:
  9539     15C9                     l4089:
  9540     15C9  09F4               	comf	___awdiv@dividend,f
  9541     15CA  09F5               	comf	___awdiv@dividend+1,f
  9542     15CB  0AF4               	incf	___awdiv@dividend,f
  9543     15CC  1903               	skipnz
  9544     15CD  0AF5               	incf	___awdiv@dividend+1,f
  9545     15CE                     l4091:
  9546     15CE  3001               	movlw	1
  9547     15CF  06F7               	xorwf	___awdiv@sign,f
  9548     15D0                     l4093:
  9549     15D0  01F8               	clrf	___awdiv@quotient
  9550     15D1  01F9               	clrf	___awdiv@quotient+1
  9551     15D2                     l4095:
  9552     15D2  0872               	movf	___awdiv@divisor,w
  9553     15D3  0473               	iorwf	___awdiv@divisor+1,w
  9554     15D4  1903               	btfsc	3,2
  9555     15D5  2DD7               	goto	u4551
  9556     15D6  2DD8               	goto	u4550
  9557     15D7                     u4551:
  9558     15D7  2E0D               	goto	l4115
  9559     15D8                     u4550:
  9560     15D8                     l4097:
  9561     15D8  3001               	movlw	1
  9562     15D9  00F6               	movwf	___awdiv@counter
  9563     15DA  2DE4               	goto	l4103
  9564     15DB                     l4099:
  9565     15DB  3001               	movlw	1
  9566     15DC                     u4565:
  9567     15DC  1003               	clrc
  9568     15DD  0DF2               	rlf	___awdiv@divisor,f
  9569     15DE  0DF3               	rlf	___awdiv@divisor+1,f
  9570     15DF  3EFF               	addlw	-1
  9571     15E0  1D03               	skipz
  9572     15E1  2DDC               	goto	u4565
  9573     15E2                     l4101:
  9574     15E2  3001               	movlw	1
  9575     15E3  07F6               	addwf	___awdiv@counter,f
  9576     15E4                     l4103:
  9577     15E4  1FF3               	btfss	___awdiv@divisor+1,7
  9578     15E5  2DE7               	goto	u4571
  9579     15E6  2DE8               	goto	u4570
  9580     15E7                     u4571:
  9581     15E7  2DDB               	goto	l4099
  9582     15E8                     u4570:
  9583     15E8                     l4105:
  9584     15E8  3001               	movlw	1
  9585     15E9                     u4585:
  9586     15E9  1003               	clrc
  9587     15EA  0DF8               	rlf	___awdiv@quotient,f
  9588     15EB  0DF9               	rlf	___awdiv@quotient+1,f
  9589     15EC  3EFF               	addlw	-1
  9590     15ED  1D03               	skipz
  9591     15EE  2DE9               	goto	u4585
  9592     15EF  0873               	movf	___awdiv@divisor+1,w
  9593     15F0  0275               	subwf	___awdiv@dividend+1,w
  9594     15F1  1D03               	skipz
  9595     15F2  2DF5               	goto	u4595
  9596     15F3  0872               	movf	___awdiv@divisor,w
  9597     15F4  0274               	subwf	___awdiv@dividend,w
  9598     15F5                     u4595:
  9599     15F5  1C03               	skipc
  9600     15F6  2DF8               	goto	u4591
  9601     15F7  2DF9               	goto	u4590
  9602     15F8                     u4591:
  9603     15F8  2E00               	goto	l4111
  9604     15F9                     u4590:
  9605     15F9                     l4107:
  9606     15F9  0872               	movf	___awdiv@divisor,w
  9607     15FA  02F4               	subwf	___awdiv@dividend,f
  9608     15FB  0873               	movf	___awdiv@divisor+1,w
  9609     15FC  1C03               	skipc
  9610     15FD  03F5               	decf	___awdiv@dividend+1,f
  9611     15FE  02F5               	subwf	___awdiv@dividend+1,f
  9612     15FF                     l4109:
  9613     15FF  1478               	bsf	___awdiv@quotient,0
  9614     1600                     l4111:
  9615     1600  3001               	movlw	1
  9616     1601                     u4605:
  9617     1601  1003               	clrc
  9618     1602  0CF3               	rrf	___awdiv@divisor+1,f
  9619     1603  0CF2               	rrf	___awdiv@divisor,f
  9620     1604  3EFF               	addlw	-1
  9621     1605  1D03               	skipz
  9622     1606  2E01               	goto	u4605
  9623     1607                     l4113:
  9624     1607  3001               	movlw	1
  9625     1608  02F6               	subwf	___awdiv@counter,f
  9626     1609  1D03               	btfss	3,2
  9627     160A  2E0C               	goto	u4611
  9628     160B  2E0D               	goto	u4610
  9629     160C                     u4611:
  9630     160C  2DE8               	goto	l4105
  9631     160D                     u4610:
  9632     160D                     l4115:
  9633     160D  0877               	movf	___awdiv@sign,w
  9634     160E  1903               	btfsc	3,2
  9635     160F  2E11               	goto	u4621
  9636     1610  2E12               	goto	u4620
  9637     1611                     u4621:
  9638     1611  2E17               	goto	l4119
  9639     1612                     u4620:
  9640     1612                     l4117:
  9641     1612  09F8               	comf	___awdiv@quotient,f
  9642     1613  09F9               	comf	___awdiv@quotient+1,f
  9643     1614  0AF8               	incf	___awdiv@quotient,f
  9644     1615  1903               	skipnz
  9645     1616  0AF9               	incf	___awdiv@quotient+1,f
  9646     1617                     l4119:
  9647     1617  0879               	movf	___awdiv@quotient+1,w
  9648     1618  00F3               	movwf	?___awdiv+1
  9649     1619  0878               	movf	___awdiv@quotient,w
  9650     161A  00F2               	movwf	?___awdiv
  9651     161B                     l812:
  9652     161B  0008               	return
  9653     161C                     __end_of___awdiv:
  9654                           
  9655                           	psect	text44
  9656     1558                     __ptext44:	
  9657 ;; *************** function _clear_log *****************
  9658 ;; Defined at:
  9659 ;;		line 389 in file "dashboard.c"
  9660 ;; Parameters:    Size  Location     Type
  9661 ;;		None
  9662 ;; Auto vars:     Size  Location     Type
  9663 ;;		None
  9664 ;; Return value:  Size  Location     Type
  9665 ;;                  1    wreg      void 
  9666 ;; Registers used:
  9667 ;;		wreg, fsr0l, fsr0h, status,2, status,0, pclath, btemp1, cstack
  9668 ;; Tracked objects:
  9669 ;;		On entry : 0/0
  9670 ;;		On exit  : 0/0
  9671 ;;		Unchanged: 0/0
  9672 ;; Data sizes:     COMMON   BANK0   BANK1   BANK3   BANK2
  9673 ;;      Params:         0       0       0       0       0
  9674 ;;      Locals:         0       0       0       0       0
  9675 ;;      Temps:          0       0       0       0       0
  9676 ;;      Totals:         0       0       0       0       0
  9677 ;;Total ram usage:        0 bytes
  9678 ;; Hardware stack levels used: 1
  9679 ;; Hardware stack levels required when called: 2
  9680 ;; This function calls:
  9681 ;;		_clcd_print
  9682 ;;		_clear_clcd
  9683 ;; This function is called by:
  9684 ;;		_main
  9685 ;; This function uses a non-reentrant model
  9686 ;;
  9687                           
  9688     1558                     _clear_log:	
  9689                           ;psect for function _clear_log
  9690                           
  9691     1558                     l4727:	
  9692                           ;incstack = 0
  9693                           ; Regs used in _clear_log: [wreg-fsr0h+status,2+status,0+pclath+btemp1+cstack]
  9694                           
  9695                           
  9696                           ;dashboard.c: 390:     event_count = 0;
  9697     1558  01FB               	clrf	_event_count
  9698                           
  9699                           ;dashboard.c: 391:     address = 0x00;
  9700     1559  01FA               	clrf	_address
  9701                           
  9702                           ;dashboard.c: 392:     log_index = 0;
  9703     155A  1283               	bcf	3,5	;RP0=0, select bank0
  9704     155B  1303               	bcf	3,6	;RP1=0, select bank0
  9705     155C  01DA               	clrf	_log_index
  9706     155D  01DB               	clrf	_log_index+1
  9707                           
  9708                           ;dashboard.c: 393:     log_loaded = 0;
  9709     155E  01E6               	clrf	_log_loaded
  9710                           
  9711                           ;dashboard.c: 394:     EEPROM_data[0] = '\0';
  9712     155F  1683               	bsf	3,5	;RP0=1, select bank1
  9713     1560  1303               	bcf	3,6	;RP1=0, select bank1
  9714     1561  01A2               	clrf	_EEPROM_data^(0+128)
  9715     1562                     l4729:
  9716                           
  9717                           ;dashboard.c: 395:     clcd_print("Logs are        ", (0x80 + 0));
  9718     1562  3019               	movlw	low (STR_26| (0+32768))
  9719     1563  00F6               	movwf	clcd_print@str
  9720     1564  3084               	movlw	high (STR_26| (0+32768))
  9721     1565  00F7               	movwf	clcd_print@str+1
  9722     1566  3080               	movlw	128
  9723     1567  00F8               	movwf	clcd_print@addr
  9724     1568  160A  118A  2333  160A  118A  	fcall	_clcd_print
  9725     156D                     l4731:
  9726                           
  9727                           ;dashboard.c: 396:     clcd_print("Clearing........", (0xC0 + 0));
  9728     156D  3090               	movlw	low (STR_27| (0+32768))
  9729     156E  00F6               	movwf	clcd_print@str
  9730     156F  3084               	movlw	high (STR_27| (0+32768))
  9731     1570  00F7               	movwf	clcd_print@str+1
  9732     1571  30C0               	movlw	192
  9733     1572  00F8               	movwf	clcd_print@addr
  9734     1573  160A  118A  2333  160A  118A  	fcall	_clcd_print
  9735     1578                     l4733:
  9736                           
  9737                           ;dashboard.c: 397:     for (delay = 0; delay < 200000; delay++);
  9738     1578  3000               	movlw	0
  9739     1579  1283               	bcf	3,5	;RP0=0, select bank0
  9740     157A  1303               	bcf	3,6	;RP1=0, select bank0
  9741     157B  00D7               	movwf	_delay+3
  9742     157C  3000               	movlw	0
  9743     157D  00D6               	movwf	_delay+2
  9744     157E  3000               	movlw	0
  9745     157F  00D5               	movwf	_delay+1
  9746     1580  3000               	movlw	0
  9747     1581  00D4               	movwf	_delay
  9748     1582                     l4735:
  9749     1582  0857               	movf	_delay+3,w
  9750     1583  1D03               	btfss	3,2
  9751     1584  2D95               	goto	u5810
  9752     1585  3003               	movlw	3
  9753     1586  0256               	subwf	_delay+2,w
  9754     1587  1D03               	skipz
  9755     1588  2D91               	goto	u5813
  9756     1589  300D               	movlw	13
  9757     158A  0255               	subwf	_delay+1,w
  9758     158B  1D03               	skipz
  9759     158C  2D91               	goto	u5813
  9760     158D  3040               	movlw	64
  9761     158E  0254               	subwf	_delay,w
  9762     158F  1D03               	skipz
  9763     1590  2D91               	goto	u5813
  9764     1591                     u5813:
  9765     1591  1C03               	btfss	3,0
  9766     1592  2D94               	goto	u5811
  9767     1593  2D95               	goto	u5810
  9768     1594                     u5811:
  9769     1594  2D96               	goto	l4739
  9770     1595                     u5810:
  9771     1595  2DA7               	goto	l4743
  9772     1596                     l4739:
  9773     1596  3001               	movlw	1
  9774     1597  1283               	bcf	3,5	;RP0=0, select bank0
  9775     1598  1303               	bcf	3,6	;RP1=0, select bank0
  9776     1599  07D4               	addwf	_delay,f
  9777     159A  3000               	movlw	0
  9778     159B  1803               	skipnc
  9779     159C  3001               	movlw	1
  9780     159D  07D5               	addwf	_delay+1,f
  9781     159E  3000               	movlw	0
  9782     159F  1803               	skipnc
  9783     15A0  3001               	movlw	1
  9784     15A1  07D6               	addwf	_delay+2,f
  9785     15A2  3000               	movlw	0
  9786     15A3  1803               	skipnc
  9787     15A4  3001               	movlw	1
  9788     15A5  07D7               	addwf	_delay+3,f
  9789     15A6  2D82               	goto	l4735
  9790     15A7                     l4743:
  9791                           
  9792                           ;dashboard.c: 398:     delay = 0;
  9793     15A7  3000               	movlw	0
  9794     15A8  1283               	bcf	3,5	;RP0=0, select bank0
  9795     15A9  1303               	bcf	3,6	;RP1=0, select bank0
  9796     15AA  00D7               	movwf	_delay+3
  9797     15AB  3000               	movlw	0
  9798     15AC  00D6               	movwf	_delay+2
  9799     15AD  3000               	movlw	0
  9800     15AE  00D5               	movwf	_delay+1
  9801     15AF  3000               	movlw	0
  9802     15B0  00D4               	movwf	_delay
  9803     15B1                     l4745:
  9804                           
  9805                           ;dashboard.c: 399:     operation = 2;
  9806     15B1  3002               	movlw	2
  9807     15B2  00EC               	movwf	_operation
  9808     15B3                     l4747:
  9809                           
  9810                           ;dashboard.c: 400:     clear_clcd();
  9811     15B3  160A  118A  215A  160A  118A  	fcall	_clear_clcd
  9812     15B8                     l427:
  9813     15B8  0008               	return
  9814     15B9                     __end_of_clear_log:
  9815                           
  9816                           	psect	text45
  9817     0532                     __ptext45:	
  9818 ;; *************** function _change_password *****************
  9819 ;; Defined at:
  9820 ;;		line 429 in file "dashboard.c"
  9821 ;; Parameters:    Size  Location     Type
  9822 ;;  key             1    wreg     unsigned char 
  9823 ;; Auto vars:     Size  Location     Type
  9824 ;;  key             1   11[BANK0 ] unsigned char 
  9825 ;;  j               2    9[BANK0 ] int 
  9826 ;;  j               2    7[BANK0 ] int 
  9827 ;;  j               2    5[BANK0 ] int 
  9828 ;;  j               2    3[BANK0 ] int 
  9829 ;; Return value:  Size  Location     Type
  9830 ;;                  1    wreg      void 
  9831 ;; Registers used:
  9832 ;;		wreg, fsr0l, fsr0h, status,2, status,0, pclath, btemp1, cstack
  9833 ;; Tracked objects:
  9834 ;;		On entry : 0/0
  9835 ;;		On exit  : 0/0
  9836 ;;		Unchanged: 0/0
  9837 ;; Data sizes:     COMMON   BANK0   BANK1   BANK3   BANK2
  9838 ;;      Params:         0       0       0       0       0
  9839 ;;      Locals:         0       9       0       0       0
  9840 ;;      Temps:          0       3       0       0       0
  9841 ;;      Totals:         0      12       0       0       0
  9842 ;;Total ram usage:       12 bytes
  9843 ;; Hardware stack levels used: 1
  9844 ;; Hardware stack levels required when called: 3
  9845 ;; This function calls:
  9846 ;;		_clcd_print
  9847 ;;		_clcd_putch
  9848 ;;		_clear_clcd
  9849 ;;		_strcmp
  9850 ;;		_strcpy
  9851 ;; This function is called by:
  9852 ;;		_main
  9853 ;; This function uses a non-reentrant model
  9854 ;;
  9855                           
  9856     0532                     _change_password:	
  9857                           ;psect for function _change_password
  9858                           
  9859                           
  9860                           ;incstack = 0
  9861                           ; Regs used in _change_password: [wreg-fsr0h+status,2+status,0+pclath+btemp1+cstack]
  9862                           ;change_password@key stored from wreg
  9863     0532  1283               	bcf	3,5	;RP0=0, select bank0
  9864     0533  1303               	bcf	3,6	;RP1=0, select bank0
  9865     0534  00AB               	movwf	change_password@key
  9866     0535                     l4865:
  9867                           
  9868                           ;dashboard.c: 429: void change_password(unsigned char key);dashboard.c: 430: {;dashboard
      +                          .c: 431:     if (new_pass_index < 4)
  9869     0535  3004               	movlw	4
  9870     0536  0265               	subwf	_new_pass_index,w
  9871     0537  1803               	skipnc
  9872     0538  2D3A               	goto	u6001
  9873     0539  2D3B               	goto	u6000
  9874     053A                     u6001:
  9875     053A  2DE3               	goto	l4903
  9876     053B                     u6000:
  9877     053B                     l4867:
  9878                           
  9879                           ;dashboard.c: 432:     {;dashboard.c: 433:         clcd_print("Enter New Password  ", (0
      +                          x80 + 0));
  9880     053B  30AA               	movlw	low (STR_32| (0+32768))
  9881     053C  00F6               	movwf	clcd_print@str
  9882     053D  3083               	movlw	high (STR_32| (0+32768))
  9883     053E  00F7               	movwf	clcd_print@str+1
  9884     053F  3080               	movlw	128
  9885     0540  00F8               	movwf	clcd_print@addr
  9886     0541  160A  118A  2333  120A  118A  	fcall	_clcd_print
  9887                           
  9888                           ;dashboard.c: 434:         clcd_print("                ", (0xC0 + new_pass_index+1));
  9889     0546  30F7               	movlw	low (STR_12| (0+32768))
  9890     0547  00F6               	movwf	clcd_print@str
  9891     0548  3083               	movlw	high (STR_12| (0+32768))
  9892     0549  00F7               	movwf	clcd_print@str+1
  9893     054A  1283               	bcf	3,5	;RP0=0, select bank0
  9894     054B  1303               	bcf	3,6	;RP1=0, select bank0
  9895     054C  0865               	movf	_new_pass_index,w
  9896     054D  3EC1               	addlw	193
  9897     054E  00F8               	movwf	clcd_print@addr
  9898     054F  160A  118A  2333  120A  118A  	fcall	_clcd_print
  9899     0554                     l4869:
  9900                           
  9901                           ;dashboard.c: 436:         if (sec % 2 == 0)
  9902     0554  1283               	bcf	3,5	;RP0=0, select bank0
  9903     0555  1303               	bcf	3,6	;RP1=0, select bank0
  9904     0556  185E               	btfsc	_sec,0
  9905     0557  2D59               	goto	u6011
  9906     0558  2D5A               	goto	u6010
  9907     0559                     u6011:
  9908     0559  2D64               	goto	l4873
  9909     055A                     u6010:
  9910     055A                     l4871:
  9911                           
  9912                           ;dashboard.c: 437:         {;dashboard.c: 438:             clcd_putch('_', (0xC0 + new_p
      +                          ass_index));
  9913     055A  0865               	movf	_new_pass_index,w
  9914     055B  3EC0               	addlw	192
  9915     055C  00F6               	movwf	clcd_putch@addr
  9916     055D  305F               	movlw	95
  9917     055E  120A  118A  22EF  120A  118A  	fcall	_clcd_putch
  9918                           
  9919                           ;dashboard.c: 439:         }
  9920     0563  2D6D               	goto	l4875
  9921     0564                     l4873:
  9922                           
  9923                           ;dashboard.c: 441:         {;dashboard.c: 442:             clcd_putch(' ', (0xC0 + new_p
      +                          ass_index));
  9924     0564  0865               	movf	_new_pass_index,w
  9925     0565  3EC0               	addlw	192
  9926     0566  00F6               	movwf	clcd_putch@addr
  9927     0567  3020               	movlw	32
  9928     0568  120A  118A  22EF  120A  118A  	fcall	_clcd_putch
  9929     056D                     l4875:
  9930                           
  9931                           ;dashboard.c: 445:         if (key == 0x3E){
  9932     056D  303E               	movlw	62
  9933     056E  1283               	bcf	3,5	;RP0=0, select bank0
  9934     056F  1303               	bcf	3,6	;RP1=0, select bank0
  9935     0570  062B               	xorwf	change_password@key,w
  9936     0571  1D03               	btfss	3,2
  9937     0572  2D74               	goto	u6021
  9938     0573  2D75               	goto	u6020
  9939     0574                     u6021:
  9940     0574  2DAB               	goto	l4889
  9941     0575                     u6020:
  9942     0575                     l4877:
  9943                           
  9944                           ;dashboard.c: 446:             temp_pass[new_pass_index] = '1';
  9945     0575  0865               	movf	_new_pass_index,w
  9946     0576  3EB8               	addlw	(low (_temp_pass| 0))& (0+255)
  9947     0577  0084               	movwf	4
  9948     0578  3031               	movlw	49
  9949     0579  1383               	bcf	3,7	;select IRP bank1
  9950     057A  0080               	movwf	0
  9951     057B                     l4879:
  9952                           
  9953                           ;dashboard.c: 447:             for (int j = 0; j<new_pass_index+1; j++){
  9954     057B  01A3               	clrf	change_password@j
  9955     057C  01A4               	clrf	change_password@j+1
  9956     057D  2D91               	goto	l4885
  9957     057E                     l4881:
  9958                           
  9959                           ;dashboard.c: 448:                 clcd_putch('*', (0xC0 + j));
  9960     057E  1283               	bcf	3,5	;RP0=0, select bank0
  9961     057F  1303               	bcf	3,6	;RP1=0, select bank0
  9962     0580  0823               	movf	change_password@j,w
  9963     0581  3EC0               	addlw	192
  9964     0582  00F6               	movwf	clcd_putch@addr
  9965     0583  302A               	movlw	42
  9966     0584  120A  118A  22EF  120A  118A  	fcall	_clcd_putch
  9967     0589                     l4883:
  9968                           
  9969                           ;dashboard.c: 449:             }
  9970     0589  3001               	movlw	1
  9971     058A  1283               	bcf	3,5	;RP0=0, select bank0
  9972     058B  1303               	bcf	3,6	;RP1=0, select bank0
  9973     058C  07A3               	addwf	change_password@j,f
  9974     058D  1803               	skipnc
  9975     058E  0AA4               	incf	change_password@j+1,f
  9976     058F  3000               	movlw	0
  9977     0590  07A4               	addwf	change_password@j+1,f
  9978     0591                     l4885:
  9979     0591  0865               	movf	_new_pass_index,w
  9980     0592  3E01               	addlw	1
  9981     0593  00A0               	movwf	??_change_password
  9982     0594  3000               	movlw	0
  9983     0595  1803               	skipnc
  9984     0596  3001               	movlw	1
  9985     0597  00A1               	movwf	??_change_password+1
  9986     0598  0824               	movf	change_password@j+1,w
  9987     0599  3A80               	xorlw	128
  9988     059A  00A2               	movwf	??_change_password+2
  9989     059B  0821               	movf	??_change_password+1,w
  9990     059C  3A80               	xorlw	128
  9991     059D  0222               	subwf	??_change_password+2,w
  9992     059E  1D03               	skipz
  9993     059F  2DA2               	goto	u6035
  9994     05A0  0820               	movf	??_change_password,w
  9995     05A1  0223               	subwf	change_password@j,w
  9996     05A2                     u6035:
  9997     05A2  1C03               	skipc
  9998     05A3  2DA5               	goto	u6031
  9999     05A4  2DA6               	goto	u6030
 10000     05A5                     u6031:
 10001     05A5  2D7E               	goto	l4881
 10002     05A6                     u6030:
 10003     05A6                     l4887:
 10004                           
 10005                           ;dashboard.c: 450:             new_pass_index++;
 10006     05A6  3001               	movlw	1
 10007     05A7  1283               	bcf	3,5	;RP0=0, select bank0
 10008     05A8  1303               	bcf	3,6	;RP1=0, select bank0
 10009     05A9  07E5               	addwf	_new_pass_index,f
 10010                           
 10011                           ;dashboard.c: 451:         }
 10012     05AA  2F4D               	goto	l478
 10013     05AB                     l4889:
 10014     05AB  303D               	movlw	61
 10015     05AC  062B               	xorwf	change_password@key,w
 10016     05AD  1D03               	btfss	3,2
 10017     05AE  2DB0               	goto	u6041
 10018     05AF  2DB1               	goto	u6040
 10019     05B0                     u6041:
 10020     05B0  2F4D               	goto	l478
 10021     05B1                     u6040:
 10022     05B1                     l4891:
 10023                           
 10024                           ;dashboard.c: 453:             temp_pass[new_pass_index] = '0';
 10025     05B1  0865               	movf	_new_pass_index,w
 10026     05B2  3EB8               	addlw	(low (_temp_pass| 0))& (0+255)
 10027     05B3  0084               	movwf	4
 10028     05B4  3030               	movlw	48
 10029     05B5  1383               	bcf	3,7	;select IRP bank1
 10030     05B6  0080               	movwf	0
 10031     05B7                     l4893:
 10032                           
 10033                           ;dashboard.c: 454:             for (int j = 0; j<new_pass_index+1; j++){
 10034     05B7  01A5               	clrf	change_password@j_362
 10035     05B8  01A6               	clrf	change_password@j_362+1
 10036     05B9  2DCD               	goto	l4899
 10037     05BA                     l4895:
 10038                           
 10039                           ;dashboard.c: 455:                 clcd_putch('*', (0xC0 + j));
 10040     05BA  1283               	bcf	3,5	;RP0=0, select bank0
 10041     05BB  1303               	bcf	3,6	;RP1=0, select bank0
 10042     05BC  0825               	movf	change_password@j_362,w
 10043     05BD  3EC0               	addlw	192
 10044     05BE  00F6               	movwf	clcd_putch@addr
 10045     05BF  302A               	movlw	42
 10046     05C0  120A  118A  22EF  120A  118A  	fcall	_clcd_putch
 10047     05C5                     l4897:
 10048                           
 10049                           ;dashboard.c: 456:             }
 10050     05C5  3001               	movlw	1
 10051     05C6  1283               	bcf	3,5	;RP0=0, select bank0
 10052     05C7  1303               	bcf	3,6	;RP1=0, select bank0
 10053     05C8  07A5               	addwf	change_password@j_362,f
 10054     05C9  1803               	skipnc
 10055     05CA  0AA6               	incf	change_password@j_362+1,f
 10056     05CB  3000               	movlw	0
 10057     05CC  07A6               	addwf	change_password@j_362+1,f
 10058     05CD                     l4899:
 10059     05CD  0865               	movf	_new_pass_index,w
 10060     05CE  3E01               	addlw	1
 10061     05CF  00A0               	movwf	??_change_password
 10062     05D0  3000               	movlw	0
 10063     05D1  1803               	skipnc
 10064     05D2  3001               	movlw	1
 10065     05D3  00A1               	movwf	??_change_password+1
 10066     05D4  0826               	movf	change_password@j_362+1,w
 10067     05D5  3A80               	xorlw	128
 10068     05D6  00A2               	movwf	??_change_password+2
 10069     05D7  0821               	movf	??_change_password+1,w
 10070     05D8  3A80               	xorlw	128
 10071     05D9  0222               	subwf	??_change_password+2,w
 10072     05DA  1D03               	skipz
 10073     05DB  2DDE               	goto	u6055
 10074     05DC  0820               	movf	??_change_password,w
 10075     05DD  0225               	subwf	change_password@j_362,w
 10076     05DE                     u6055:
 10077     05DE  1C03               	skipc
 10078     05DF  2DE1               	goto	u6051
 10079     05E0  2DE2               	goto	u6050
 10080     05E1                     u6051:
 10081     05E1  2DBA               	goto	l4895
 10082     05E2                     u6050:
 10083     05E2  2DA6               	goto	l4887
 10084     05E3                     l4903:
 10085     05E3  3004               	movlw	4
 10086     05E4  0264               	subwf	_new_pass_index1,w
 10087     05E5  1803               	skipnc
 10088     05E6  2DE8               	goto	u6061
 10089     05E7  2DE9               	goto	u6060
 10090     05E8                     u6061:
 10091     05E8  2E91               	goto	l4941
 10092     05E9                     u6060:
 10093     05E9                     l4905:
 10094                           
 10095                           ;dashboard.c: 462:     {;dashboard.c: 463:         clcd_print("Re Enter New Pass   ", (0
      +                          x80 + 0));
 10096     05E9  3095               	movlw	low (STR_34| (0+32768))
 10097     05EA  00F6               	movwf	clcd_print@str
 10098     05EB  3083               	movlw	high (STR_34| (0+32768))
 10099     05EC  00F7               	movwf	clcd_print@str+1
 10100     05ED  3080               	movlw	128
 10101     05EE  00F8               	movwf	clcd_print@addr
 10102     05EF  160A  118A  2333  120A  118A  	fcall	_clcd_print
 10103                           
 10104                           ;dashboard.c: 464:         clcd_print("                ", (0xC0 + new_pass_index1+1));
 10105     05F4  30F7               	movlw	low (STR_12| (0+32768))
 10106     05F5  00F6               	movwf	clcd_print@str
 10107     05F6  3083               	movlw	high (STR_12| (0+32768))
 10108     05F7  00F7               	movwf	clcd_print@str+1
 10109     05F8  1283               	bcf	3,5	;RP0=0, select bank0
 10110     05F9  1303               	bcf	3,6	;RP1=0, select bank0
 10111     05FA  0864               	movf	_new_pass_index1,w
 10112     05FB  3EC1               	addlw	193
 10113     05FC  00F8               	movwf	clcd_print@addr
 10114     05FD  160A  118A  2333  120A  118A  	fcall	_clcd_print
 10115     0602                     l4907:
 10116                           
 10117                           ;dashboard.c: 466:         if (sec % 2 == 0)
 10118     0602  1283               	bcf	3,5	;RP0=0, select bank0
 10119     0603  1303               	bcf	3,6	;RP1=0, select bank0
 10120     0604  185E               	btfsc	_sec,0
 10121     0605  2E07               	goto	u6071
 10122     0606  2E08               	goto	u6070
 10123     0607                     u6071:
 10124     0607  2E12               	goto	l4911
 10125     0608                     u6070:
 10126     0608                     l4909:
 10127                           
 10128                           ;dashboard.c: 467:         {;dashboard.c: 468:             clcd_putch('_', (0xC0 + new_p
      +                          ass_index1));
 10129     0608  0864               	movf	_new_pass_index1,w
 10130     0609  3EC0               	addlw	192
 10131     060A  00F6               	movwf	clcd_putch@addr
 10132     060B  305F               	movlw	95
 10133     060C  120A  118A  22EF  120A  118A  	fcall	_clcd_putch
 10134                           
 10135                           ;dashboard.c: 469:         }
 10136     0611  2E1B               	goto	l4913
 10137     0612                     l4911:
 10138                           
 10139                           ;dashboard.c: 471:         {;dashboard.c: 472:             clcd_putch(' ', (0xC0 + new_p
      +                          ass_index1));
 10140     0612  0864               	movf	_new_pass_index1,w
 10141     0613  3EC0               	addlw	192
 10142     0614  00F6               	movwf	clcd_putch@addr
 10143     0615  3020               	movlw	32
 10144     0616  120A  118A  22EF  120A  118A  	fcall	_clcd_putch
 10145     061B                     l4913:
 10146                           
 10147                           ;dashboard.c: 475:         if (key == 0x3E){
 10148     061B  303E               	movlw	62
 10149     061C  1283               	bcf	3,5	;RP0=0, select bank0
 10150     061D  1303               	bcf	3,6	;RP1=0, select bank0
 10151     061E  062B               	xorwf	change_password@key,w
 10152     061F  1D03               	btfss	3,2
 10153     0620  2E22               	goto	u6081
 10154     0621  2E23               	goto	u6080
 10155     0622                     u6081:
 10156     0622  2E59               	goto	l4927
 10157     0623                     u6080:
 10158     0623                     l4915:
 10159                           
 10160                           ;dashboard.c: 476:             temp1_pass[new_pass_index1] = '1';
 10161     0623  0864               	movf	_new_pass_index1,w
 10162     0624  3EB3               	addlw	(low (_temp1_pass| 0))& (0+255)
 10163     0625  0084               	movwf	4
 10164     0626  3031               	movlw	49
 10165     0627  1383               	bcf	3,7	;select IRP bank1
 10166     0628  0080               	movwf	0
 10167     0629                     l4917:
 10168                           
 10169                           ;dashboard.c: 477:             for (int j = 0; j<new_pass_index1+1; j++){
 10170     0629  01A7               	clrf	change_password@j_365
 10171     062A  01A8               	clrf	change_password@j_365+1
 10172     062B  2E3F               	goto	l4923
 10173     062C                     l4919:
 10174                           
 10175                           ;dashboard.c: 478:                 clcd_putch('*', (0xC0 + j));
 10176     062C  1283               	bcf	3,5	;RP0=0, select bank0
 10177     062D  1303               	bcf	3,6	;RP1=0, select bank0
 10178     062E  0827               	movf	change_password@j_365,w
 10179     062F  3EC0               	addlw	192
 10180     0630  00F6               	movwf	clcd_putch@addr
 10181     0631  302A               	movlw	42
 10182     0632  120A  118A  22EF  120A  118A  	fcall	_clcd_putch
 10183     0637                     l4921:
 10184                           
 10185                           ;dashboard.c: 479:             }
 10186     0637  3001               	movlw	1
 10187     0638  1283               	bcf	3,5	;RP0=0, select bank0
 10188     0639  1303               	bcf	3,6	;RP1=0, select bank0
 10189     063A  07A7               	addwf	change_password@j_365,f
 10190     063B  1803               	skipnc
 10191     063C  0AA8               	incf	change_password@j_365+1,f
 10192     063D  3000               	movlw	0
 10193     063E  07A8               	addwf	change_password@j_365+1,f
 10194     063F                     l4923:
 10195     063F  0864               	movf	_new_pass_index1,w
 10196     0640  3E01               	addlw	1
 10197     0641  00A0               	movwf	??_change_password
 10198     0642  3000               	movlw	0
 10199     0643  1803               	skipnc
 10200     0644  3001               	movlw	1
 10201     0645  00A1               	movwf	??_change_password+1
 10202     0646  0828               	movf	change_password@j_365+1,w
 10203     0647  3A80               	xorlw	128
 10204     0648  00A2               	movwf	??_change_password+2
 10205     0649  0821               	movf	??_change_password+1,w
 10206     064A  3A80               	xorlw	128
 10207     064B  0222               	subwf	??_change_password+2,w
 10208     064C  1D03               	skipz
 10209     064D  2E50               	goto	u6095
 10210     064E  0820               	movf	??_change_password,w
 10211     064F  0227               	subwf	change_password@j_365,w
 10212     0650                     u6095:
 10213     0650  1C03               	skipc
 10214     0651  2E53               	goto	u6091
 10215     0652  2E54               	goto	u6090
 10216     0653                     u6091:
 10217     0653  2E2C               	goto	l4919
 10218     0654                     u6090:
 10219     0654                     l4925:
 10220                           
 10221                           ;dashboard.c: 480:             new_pass_index1++;
 10222     0654  3001               	movlw	1
 10223     0655  1283               	bcf	3,5	;RP0=0, select bank0
 10224     0656  1303               	bcf	3,6	;RP1=0, select bank0
 10225     0657  07E4               	addwf	_new_pass_index1,f
 10226                           
 10227                           ;dashboard.c: 481:         }
 10228     0658  2F4D               	goto	l478
 10229     0659                     l4927:
 10230     0659  303D               	movlw	61
 10231     065A  062B               	xorwf	change_password@key,w
 10232     065B  1D03               	btfss	3,2
 10233     065C  2E5E               	goto	u6101
 10234     065D  2E5F               	goto	u6100
 10235     065E                     u6101:
 10236     065E  2F4D               	goto	l478
 10237     065F                     u6100:
 10238     065F                     l4929:
 10239                           
 10240                           ;dashboard.c: 483:             temp1_pass[new_pass_index1] = '0';
 10241     065F  0864               	movf	_new_pass_index1,w
 10242     0660  3EB3               	addlw	(low (_temp1_pass| 0))& (0+255)
 10243     0661  0084               	movwf	4
 10244     0662  3030               	movlw	48
 10245     0663  1383               	bcf	3,7	;select IRP bank1
 10246     0664  0080               	movwf	0
 10247     0665                     l4931:
 10248                           
 10249                           ;dashboard.c: 484:             for (int j = 0; j<new_pass_index1+1; j++){
 10250     0665  01A9               	clrf	change_password@j_366
 10251     0666  01AA               	clrf	change_password@j_366+1
 10252     0667  2E7B               	goto	l4937
 10253     0668                     l4933:
 10254                           
 10255                           ;dashboard.c: 485:                 clcd_putch('*', (0xC0 + j));
 10256     0668  1283               	bcf	3,5	;RP0=0, select bank0
 10257     0669  1303               	bcf	3,6	;RP1=0, select bank0
 10258     066A  0829               	movf	change_password@j_366,w
 10259     066B  3EC0               	addlw	192
 10260     066C  00F6               	movwf	clcd_putch@addr
 10261     066D  302A               	movlw	42
 10262     066E  120A  118A  22EF  120A  118A  	fcall	_clcd_putch
 10263     0673                     l4935:
 10264                           
 10265                           ;dashboard.c: 486:             }
 10266     0673  3001               	movlw	1
 10267     0674  1283               	bcf	3,5	;RP0=0, select bank0
 10268     0675  1303               	bcf	3,6	;RP1=0, select bank0
 10269     0676  07A9               	addwf	change_password@j_366,f
 10270     0677  1803               	skipnc
 10271     0678  0AAA               	incf	change_password@j_366+1,f
 10272     0679  3000               	movlw	0
 10273     067A  07AA               	addwf	change_password@j_366+1,f
 10274     067B                     l4937:
 10275     067B  0864               	movf	_new_pass_index1,w
 10276     067C  3E01               	addlw	1
 10277     067D  00A0               	movwf	??_change_password
 10278     067E  3000               	movlw	0
 10279     067F  1803               	skipnc
 10280     0680  3001               	movlw	1
 10281     0681  00A1               	movwf	??_change_password+1
 10282     0682  082A               	movf	change_password@j_366+1,w
 10283     0683  3A80               	xorlw	128
 10284     0684  00A2               	movwf	??_change_password+2
 10285     0685  0821               	movf	??_change_password+1,w
 10286     0686  3A80               	xorlw	128
 10287     0687  0222               	subwf	??_change_password+2,w
 10288     0688  1D03               	skipz
 10289     0689  2E8C               	goto	u6115
 10290     068A  0820               	movf	??_change_password,w
 10291     068B  0229               	subwf	change_password@j_366,w
 10292     068C                     u6115:
 10293     068C  1C03               	skipc
 10294     068D  2E8F               	goto	u6111
 10295     068E  2E90               	goto	u6110
 10296     068F                     u6111:
 10297     068F  2E68               	goto	l4933
 10298     0690                     u6110:
 10299     0690  2E54               	goto	l4925
 10300     0691                     l4941:
 10301                           
 10302                           ;dashboard.c: 491:     {;dashboard.c: 493:         temp_pass[4] = '\0';
 10303     0691  1683               	bsf	3,5	;RP0=1, select bank1
 10304     0692  1303               	bcf	3,6	;RP1=0, select bank1
 10305     0693  01BC               	clrf	(_temp_pass^(0+128)+4)
 10306                           
 10307                           ;dashboard.c: 494:         temp1_pass[4] = '\0';
 10308     0694  01B7               	clrf	(_temp1_pass^(0+128)+4)
 10309     0695                     l4943:
 10310                           
 10311                           ;dashboard.c: 496:         if (!strcmp(temp_pass, temp1_pass)){
 10312     0695  30B8               	movlw	(low (_temp_pass| 0))& (0+255)
 10313     0696  00F2               	movwf	strcmp@l
 10314     0697  30B3               	movlw	(low (_temp1_pass| 0))& (0+255)
 10315     0698  00F3               	movwf	strcmp@r
 10316     0699  160A  118A  228B  120A  118A  	fcall	_strcmp
 10317     069E  0872               	movf	?_strcmp,w
 10318     069F  0473               	iorwf	?_strcmp+1,w
 10319     06A0  1D03               	btfss	3,2
 10320     06A1  2EA3               	goto	u6121
 10321     06A2  2EA4               	goto	u6120
 10322     06A3                     u6121:
 10323     06A3  2F08               	goto	l4967
 10324     06A4                     u6120:
 10325     06A4                     l4945:
 10326                           
 10327                           ;dashboard.c: 497:             clcd_print("Password is       ", (0x80 + 0));
 10328     06A4  30D2               	movlw	low (STR_36| (0+32768))
 10329     06A5  00F6               	movwf	clcd_print@str
 10330     06A6  3083               	movlw	high (STR_36| (0+32768))
 10331     06A7  00F7               	movwf	clcd_print@str+1
 10332     06A8  3080               	movlw	128
 10333     06A9  00F8               	movwf	clcd_print@addr
 10334     06AA  160A  118A  2333  120A  118A  	fcall	_clcd_print
 10335                           
 10336                           ;dashboard.c: 498:             clcd_print("Changed           ", (0xC0 + 0));
 10337     06AF  30BF               	movlw	low (STR_37| (0+32768))
 10338     06B0  00F6               	movwf	clcd_print@str
 10339     06B1  3083               	movlw	high (STR_37| (0+32768))
 10340     06B2  00F7               	movwf	clcd_print@str+1
 10341     06B3  30C0               	movlw	192
 10342     06B4  00F8               	movwf	clcd_print@addr
 10343     06B5  160A  118A  2333  120A  118A  	fcall	_clcd_print
 10344                           
 10345                           ;dashboard.c: 501:             strcpy(Pass, temp_pass);
 10346     06BA  30E3               	movlw	(low (_Pass| 0))& (0+255)
 10347     06BB  00F2               	movwf	strcpy@dest
 10348     06BC  30B8               	movlw	(low (_temp_pass| 0))& (0+255)
 10349     06BD  00F3               	movwf	strcpy@src
 10350     06BE  160A  118A  210D  120A  118A  	fcall	_strcpy
 10351     06C3                     l4947:
 10352                           
 10353                           ;dashboard.c: 503:             for (delay = 0; delay < 200000; delay++);
 10354     06C3  3000               	movlw	0
 10355     06C4  1283               	bcf	3,5	;RP0=0, select bank0
 10356     06C5  1303               	bcf	3,6	;RP1=0, select bank0
 10357     06C6  00D7               	movwf	_delay+3
 10358     06C7  3000               	movlw	0
 10359     06C8  00D6               	movwf	_delay+2
 10360     06C9  3000               	movlw	0
 10361     06CA  00D5               	movwf	_delay+1
 10362     06CB  3000               	movlw	0
 10363     06CC  00D4               	movwf	_delay
 10364     06CD                     l4949:
 10365     06CD  0857               	movf	_delay+3,w
 10366     06CE  1D03               	btfss	3,2
 10367     06CF  2EE0               	goto	u6130
 10368     06D0  3003               	movlw	3
 10369     06D1  0256               	subwf	_delay+2,w
 10370     06D2  1D03               	skipz
 10371     06D3  2EDC               	goto	u6133
 10372     06D4  300D               	movlw	13
 10373     06D5  0255               	subwf	_delay+1,w
 10374     06D6  1D03               	skipz
 10375     06D7  2EDC               	goto	u6133
 10376     06D8  3040               	movlw	64
 10377     06D9  0254               	subwf	_delay,w
 10378     06DA  1D03               	skipz
 10379     06DB  2EDC               	goto	u6133
 10380     06DC                     u6133:
 10381     06DC  1C03               	btfss	3,0
 10382     06DD  2EDF               	goto	u6131
 10383     06DE  2EE0               	goto	u6130
 10384     06DF                     u6131:
 10385     06DF  2EE1               	goto	l4953
 10386     06E0                     u6130:
 10387     06E0  2EF2               	goto	l4957
 10388     06E1                     l4953:
 10389     06E1  3001               	movlw	1
 10390     06E2  1283               	bcf	3,5	;RP0=0, select bank0
 10391     06E3  1303               	bcf	3,6	;RP1=0, select bank0
 10392     06E4  07D4               	addwf	_delay,f
 10393     06E5  3000               	movlw	0
 10394     06E6  1803               	skipnc
 10395     06E7  3001               	movlw	1
 10396     06E8  07D5               	addwf	_delay+1,f
 10397     06E9  3000               	movlw	0
 10398     06EA  1803               	skipnc
 10399     06EB  3001               	movlw	1
 10400     06EC  07D6               	addwf	_delay+2,f
 10401     06ED  3000               	movlw	0
 10402     06EE  1803               	skipnc
 10403     06EF  3001               	movlw	1
 10404     06F0  07D7               	addwf	_delay+3,f
 10405     06F1  2ECD               	goto	l4949
 10406     06F2                     l4957:
 10407                           
 10408                           ;dashboard.c: 504:             delay = 0;
 10409     06F2  3000               	movlw	0
 10410     06F3  1283               	bcf	3,5	;RP0=0, select bank0
 10411     06F4  1303               	bcf	3,6	;RP1=0, select bank0
 10412     06F5  00D7               	movwf	_delay+3
 10413     06F6  3000               	movlw	0
 10414     06F7  00D6               	movwf	_delay+2
 10415     06F8  3000               	movlw	0
 10416     06F9  00D5               	movwf	_delay+1
 10417     06FA  3000               	movlw	0
 10418     06FB  00D4               	movwf	_delay
 10419     06FC                     l4959:
 10420                           
 10421                           ;dashboard.c: 505:             operation = 2;
 10422     06FC  3002               	movlw	2
 10423     06FD  00EC               	movwf	_operation
 10424     06FE                     l4961:
 10425                           
 10426                           ;dashboard.c: 506:             clear_clcd();
 10427     06FE  160A  118A  215A  120A  118A  	fcall	_clear_clcd
 10428     0703                     l4963:
 10429                           
 10430                           ;dashboard.c: 507:             new_pass_index = 0;
 10431     0703  1283               	bcf	3,5	;RP0=0, select bank0
 10432     0704  1303               	bcf	3,6	;RP1=0, select bank0
 10433     0705  01E5               	clrf	_new_pass_index
 10434     0706                     l4965:
 10435                           
 10436                           ;dashboard.c: 508:             new_pass_index1 = 0;
 10437     0706  01E4               	clrf	_new_pass_index1
 10438                           
 10439                           ;dashboard.c: 509:         }
 10440     0707  2F4D               	goto	l478
 10441     0708                     l4967:
 10442                           
 10443                           ;dashboard.c: 511:         {;dashboard.c: 512:             clcd_print("Re Entered Pass  
      +                               ", (0x80 + 0));
 10444     0708  307E               	movlw	low (STR_38| (0+32768))
 10445     0709  00F6               	movwf	clcd_print@str
 10446     070A  3083               	movlw	high (STR_38| (0+32768))
 10447     070B  00F7               	movwf	clcd_print@str+1
 10448     070C  3080               	movlw	128
 10449     070D  00F8               	movwf	clcd_print@addr
 10450     070E  160A  118A  2333  120A  118A  	fcall	_clcd_print
 10451                           
 10452                           ;dashboard.c: 513:             clcd_print("is Wrong              ", (0xC0 + 0));
 10453     0713  3067               	movlw	low (STR_39| (0+32768))
 10454     0714  00F6               	movwf	clcd_print@str
 10455     0715  3083               	movlw	high (STR_39| (0+32768))
 10456     0716  00F7               	movwf	clcd_print@str+1
 10457     0717  30C0               	movlw	192
 10458     0718  00F8               	movwf	clcd_print@addr
 10459     0719  160A  118A  2333  120A  118A  	fcall	_clcd_print
 10460     071E                     l4969:
 10461                           
 10462                           ;dashboard.c: 514:             for (delay = 0; delay < 200000; delay++);
 10463     071E  3000               	movlw	0
 10464     071F  1283               	bcf	3,5	;RP0=0, select bank0
 10465     0720  1303               	bcf	3,6	;RP1=0, select bank0
 10466     0721  00D7               	movwf	_delay+3
 10467     0722  3000               	movlw	0
 10468     0723  00D6               	movwf	_delay+2
 10469     0724  3000               	movlw	0
 10470     0725  00D5               	movwf	_delay+1
 10471     0726  3000               	movlw	0
 10472     0727  00D4               	movwf	_delay
 10473     0728                     l4971:
 10474     0728  0857               	movf	_delay+3,w
 10475     0729  1D03               	btfss	3,2
 10476     072A  2F3B               	goto	u6140
 10477     072B  3003               	movlw	3
 10478     072C  0256               	subwf	_delay+2,w
 10479     072D  1D03               	skipz
 10480     072E  2F37               	goto	u6143
 10481     072F  300D               	movlw	13
 10482     0730  0255               	subwf	_delay+1,w
 10483     0731  1D03               	skipz
 10484     0732  2F37               	goto	u6143
 10485     0733  3040               	movlw	64
 10486     0734  0254               	subwf	_delay,w
 10487     0735  1D03               	skipz
 10488     0736  2F37               	goto	u6143
 10489     0737                     u6143:
 10490     0737  1C03               	btfss	3,0
 10491     0738  2F3A               	goto	u6141
 10492     0739  2F3B               	goto	u6140
 10493     073A                     u6141:
 10494     073A  2F3C               	goto	l4975
 10495     073B                     u6140:
 10496     073B  2EF2               	goto	l4957
 10497     073C                     l4975:
 10498     073C  3001               	movlw	1
 10499     073D  1283               	bcf	3,5	;RP0=0, select bank0
 10500     073E  1303               	bcf	3,6	;RP1=0, select bank0
 10501     073F  07D4               	addwf	_delay,f
 10502     0740  3000               	movlw	0
 10503     0741  1803               	skipnc
 10504     0742  3001               	movlw	1
 10505     0743  07D5               	addwf	_delay+1,f
 10506     0744  3000               	movlw	0
 10507     0745  1803               	skipnc
 10508     0746  3001               	movlw	1
 10509     0747  07D6               	addwf	_delay+2,f
 10510     0748  3000               	movlw	0
 10511     0749  1803               	skipnc
 10512     074A  3001               	movlw	1
 10513     074B  07D7               	addwf	_delay+3,f
 10514     074C  2F28               	goto	l4971
 10515     074D                     l478:
 10516     074D  0008               	return
 10517     074E                     __end_of_change_password:
 10518                           
 10519                           	psect	text46
 10520     110D                     __ptext46:	
 10521 ;; *************** function _strcpy *****************
 10522 ;; Defined at:
 10523 ;;		line 3 in file "C:\Program Files\Microchip\xc8\v3.10\pic\sources\c99\common\strcpy.c"
 10524 ;; Parameters:    Size  Location     Type
 10525 ;;  dest            1    2[COMMON] PTR unsigned char 
 10526 ;;		 -> Pass(5), 
 10527 ;;  src             1    3[COMMON] PTR const unsigned char 
 10528 ;;		 -> temp_pass(5), 
 10529 ;; Auto vars:     Size  Location     Type
 10530 ;;  d               1    4[COMMON] PTR unsigned char 
 10531 ;;		 -> Pass(5), 
 10532 ;; Return value:  Size  Location     Type
 10533 ;;                  1    2[COMMON] PTR unsigned char 
 10534 ;; Registers used:
 10535 ;;		wreg, fsr0l, fsr0h, status,2, status,0, btemp1
 10536 ;; Tracked objects:
 10537 ;;		On entry : 0/0
 10538 ;;		On exit  : 0/0
 10539 ;;		Unchanged: 0/0
 10540 ;; Data sizes:     COMMON   BANK0   BANK1   BANK3   BANK2
 10541 ;;      Params:         2       0       0       0       0
 10542 ;;      Locals:         1       0       0       0       0
 10543 ;;      Temps:          0       0       0       0       0
 10544 ;;      Totals:         3       0       0       0       0
 10545 ;;Total ram usage:        3 bytes
 10546 ;; Hardware stack levels used: 1
 10547 ;; Hardware stack levels required when called: 1
 10548 ;; This function calls:
 10549 ;;		Nothing
 10550 ;; This function is called by:
 10551 ;;		_change_password
 10552 ;; This function uses a non-reentrant model
 10553 ;;
 10554                           
 10555     110D                     _strcpy:	
 10556                           ;psect for function _strcpy
 10557                           
 10558     110D                     l4061:	
 10559                           ;incstack = 0
 10560                           ; Regs used in _strcpy: [wreg-fsr0h+status,2+status,0+btemp1]
 10561                           
 10562     110D  0872               	movf	strcpy@dest,w
 10563     110E  00F4               	movwf	strcpy@d
 10564     110F                     l4063:
 10565     110F  0873               	movf	strcpy@src,w
 10566     1110  0AF3               	incf	strcpy@src,f
 10567     1111  0084               	movwf	4
 10568     1112  1383               	bcf	3,7	;select IRP bank0
 10569     1113  0800               	movf	0,w
 10570     1114  00FF               	movwf	btemp1
 10571     1115  0874               	movf	strcpy@d,w
 10572     1116  0AF4               	incf	strcpy@d,f
 10573     1117  0084               	movwf	4
 10574     1118  087F               	movf	btemp1,w
 10575     1119  0080               	movwf	0
 10576     111A  0800               	movf	0,w
 10577     111B  1D03               	btfss	3,2
 10578     111C  291E               	goto	u4481
 10579     111D  291F               	goto	u4480
 10580     111E                     u4481:
 10581     111E  290F               	goto	l4063
 10582     111F                     u4480:
 10583     111F                     l1129:
 10584     111F  0008               	return
 10585     1120                     __end_of_strcpy:
 10586                           
 10587                           	psect	text47
 10588     128B                     __ptext47:	
 10589 ;; *************** function _strcmp *****************
 10590 ;; Defined at:
 10591 ;;		line 3 in file "C:\Program Files\Microchip\xc8\v3.10\pic\sources\c99\common\strcmp.c"
 10592 ;; Parameters:    Size  Location     Type
 10593 ;;  l               1    2[COMMON] PTR const unsigned char 
 10594 ;;		 -> temp_pass(5), Pass(5), 
 10595 ;;  r               1    3[COMMON] PTR const unsigned char 
 10596 ;;		 -> temp1_pass(5), userPass(5), 
 10597 ;; Auto vars:     Size  Location     Type
 10598 ;;		None
 10599 ;; Return value:  Size  Location     Type
 10600 ;;                  2    2[COMMON] int 
 10601 ;; Registers used:
 10602 ;;		wreg, fsr0l, fsr0h, status,2, status,0
 10603 ;; Tracked objects:
 10604 ;;		On entry : 0/0
 10605 ;;		On exit  : 0/0
 10606 ;;		Unchanged: 0/0
 10607 ;; Data sizes:     COMMON   BANK0   BANK1   BANK3   BANK2
 10608 ;;      Params:         2       0       0       0       0
 10609 ;;      Locals:         0       0       0       0       0
 10610 ;;      Temps:          2       0       0       0       0
 10611 ;;      Totals:         4       0       0       0       0
 10612 ;;Total ram usage:        4 bytes
 10613 ;; Hardware stack levels used: 1
 10614 ;; Hardware stack levels required when called: 1
 10615 ;; This function calls:
 10616 ;;		Nothing
 10617 ;; This function is called by:
 10618 ;;		_login_screen
 10619 ;;		_change_password
 10620 ;; This function uses a non-reentrant model
 10621 ;;
 10622                           
 10623     128B                     _strcmp:	
 10624                           ;psect for function _strcmp
 10625                           
 10626     128B                     l4005:	
 10627                           ;incstack = 0
 10628                           ; Regs used in _strcmp: [wreg-fsr0h+status,2+status,0]
 10629                           
 10630     128B  2A90               	goto	l4009
 10631     128C                     l4007:
 10632     128C  3001               	movlw	1
 10633     128D  07F2               	addwf	strcmp@l,f
 10634     128E  3001               	movlw	1
 10635     128F  07F3               	addwf	strcmp@r,f
 10636     1290                     l4009:
 10637     1290  0873               	movf	strcmp@r,w
 10638     1291  0084               	movwf	4
 10639     1292  1383               	bcf	3,7	;select IRP bank0
 10640     1293  0800               	movf	0,w
 10641     1294  00F4               	movwf	??_strcmp
 10642     1295  0872               	movf	strcmp@l,w
 10643     1296  0084               	movwf	4
 10644     1297  0800               	movf	0,w
 10645     1298  0674               	xorwf	??_strcmp,w
 10646     1299  1D03               	skipz
 10647     129A  2A9C               	goto	u4461
 10648     129B  2A9D               	goto	u4460
 10649     129C                     u4461:
 10650     129C  2AA4               	goto	l4013
 10651     129D                     u4460:
 10652     129D                     l4011:
 10653     129D  0872               	movf	strcmp@l,w
 10654     129E  0084               	movwf	4
 10655     129F  0800               	movf	0,w
 10656     12A0  1D03               	btfss	3,2
 10657     12A1  2AA3               	goto	u4471
 10658     12A2  2AA4               	goto	u4470
 10659     12A3                     u4471:
 10660     12A3  2A8C               	goto	l4007
 10661     12A4                     u4470:
 10662     12A4                     l4013:
 10663     12A4  0873               	movf	strcmp@r,w
 10664     12A5  0084               	movwf	4
 10665     12A6  0800               	movf	0,w
 10666     12A7  00F4               	movwf	??_strcmp
 10667     12A8  0872               	movf	strcmp@l,w
 10668     12A9  0084               	movwf	4
 10669     12AA  0800               	movf	0,w
 10670     12AB  00F5               	movwf	??_strcmp+1
 10671     12AC  0874               	movf	??_strcmp,w
 10672     12AD  0275               	subwf	??_strcmp+1,w
 10673     12AE  00F2               	movwf	?_strcmp
 10674     12AF  01F3               	clrf	?_strcmp+1
 10675     12B0  1C03               	skipc
 10676     12B1  03F3               	decf	?_strcmp+1,f
 10677     12B2                     l1123:
 10678     12B2  0008               	return
 10679     12B3                     __end_of_strcmp:
 10680                           
 10681                           	psect	text48
 10682     115A                     __ptext48:	
 10683 ;; *************** function _clear_clcd *****************
 10684 ;; Defined at:
 10685 ;;		line 211 in file "dashboard.c"
 10686 ;; Parameters:    Size  Location     Type
 10687 ;;		None
 10688 ;; Auto vars:     Size  Location     Type
 10689 ;;		None
 10690 ;; Return value:  Size  Location     Type
 10691 ;;                  1    wreg      void 
 10692 ;; Registers used:
 10693 ;;		wreg, fsr0l, fsr0h, status,2, status,0, pclath, btemp1, cstack
 10694 ;; Tracked objects:
 10695 ;;		On entry : 0/0
 10696 ;;		On exit  : 0/0
 10697 ;;		Unchanged: 0/0
 10698 ;; Data sizes:     COMMON   BANK0   BANK1   BANK3   BANK2
 10699 ;;      Params:         0       0       0       0       0
 10700 ;;      Locals:         0       0       0       0       0
 10701 ;;      Temps:          0       0       0       0       0
 10702 ;;      Totals:         0       0       0       0       0
 10703 ;;Total ram usage:        0 bytes
 10704 ;; Hardware stack levels used: 1
 10705 ;; Hardware stack levels required when called: 1
 10706 ;; This function calls:
 10707 ;;		_clcd_print
 10708 ;; This function is called by:
 10709 ;;		_login_screen
 10710 ;;		_display_menu
 10711 ;;		_clear_log
 10712 ;;		_download_log
 10713 ;;		_change_password
 10714 ;;		_set_time
 10715 ;; This function uses a non-reentrant model
 10716 ;;
 10717                           
 10718     115A                     _clear_clcd:	
 10719                           ;psect for function _clear_clcd
 10720                           
 10721     115A                     l4017:	
 10722                           ;incstack = 0
 10723                           ; Regs used in _clear_clcd: [wreg-fsr0h+status,2+status,0+pclath+btemp1+cstack]
 10724                           
 10725                           
 10726                           ;dashboard.c: 213:     clcd_print("                ", (0x80 + 0));
 10727     115A  30F7               	movlw	low (STR_12| (0+32768))
 10728     115B  00F6               	movwf	clcd_print@str
 10729     115C  3083               	movlw	high (STR_12| (0+32768))
 10730     115D  00F7               	movwf	clcd_print@str+1
 10731     115E  3080               	movlw	128
 10732     115F  00F8               	movwf	clcd_print@addr
 10733     1160  160A  118A  2333  160A  118A  	fcall	_clcd_print
 10734                           
 10735                           ;dashboard.c: 214:     clcd_print("                ", (0xC0 + 0));
 10736     1165  30F7               	movlw	low (STR_12| (0+32768))
 10737     1166  00F6               	movwf	clcd_print@str
 10738     1167  3083               	movlw	high (STR_12| (0+32768))
 10739     1168  00F7               	movwf	clcd_print@str+1
 10740     1169  30C0               	movlw	192
 10741     116A  00F8               	movwf	clcd_print@addr
 10742     116B  160A  118A  2333  160A  118A  	fcall	_clcd_print
 10743     1170                     l368:
 10744     1170  0008               	return
 10745     1171                     __end_of_clear_clcd:
 10746                           
 10747                           	psect	text49
 10748     1333                     __ptext49:	
 10749 ;; *************** function _clcd_print *****************
 10750 ;; Defined at:
 10751 ;;		line 62 in file "clcd.c"
 10752 ;; Parameters:    Size  Location     Type
 10753 ;;  str             2    6[COMMON] PTR const unsigned char 
 10754 ;;		 -> STR_40(17), STR_39(23), STR_38(23), STR_37(19), 
 10755 ;;		 -> STR_36(19), STR_35(17), STR_34(21), STR_33(17), 
 10756 ;;		 -> STR_32(21), STR_29(17), STR_28(17), STR_27(17), 
 10757 ;;		 -> STR_26(17), STR_25(17), STR_24(17), EEPROM_data(17), 
 10758 ;;		 -> menu(85), STR_23(17), STR_22(17), STR_21(15), 
 10759 ;;		 -> STR_20(6), STR_19(17), rem_time_sec(3), STR_18(17), 
 10760 ;;		 -> STR_17(17), STR_16(17), STR_15(15), STR_14(17), 
 10761 ;;		 -> STR_13(17), STR_12(17), STR_11(17), speed(3), 
 10762 ;;		 -> STR_10(17), STR_9(3), STR_8(3), STR_7(3), 
 10763 ;;		 -> STR_6(3), STR_5(3), STR_4(3), STR_3(3), 
 10764 ;;		 -> STR_2(3), time(9), 
 10765 ;;  addr            1    8[COMMON] unsigned char 
 10766 ;; Auto vars:     Size  Location     Type
 10767 ;;		None
 10768 ;; Return value:  Size  Location     Type
 10769 ;;                  1    wreg      void 
 10770 ;; Registers used:
 10771 ;;		wreg, fsr0l, fsr0h, status,2, status,0, pclath, btemp1, cstack
 10772 ;; Tracked objects:
 10773 ;;		On entry : 0/0
 10774 ;;		On exit  : 0/0
 10775 ;;		Unchanged: 0/0
 10776 ;; Data sizes:     COMMON   BANK0   BANK1   BANK3   BANK2
 10777 ;;      Params:         3       0       0       0       0
 10778 ;;      Locals:         0       0       0       0       0
 10779 ;;      Temps:          0       0       0       0       0
 10780 ;;      Totals:         3       0       0       0       0
 10781 ;;Total ram usage:        3 bytes
 10782 ;; Hardware stack levels used: 1
 10783 ;; Hardware stack levels required when called: 1
 10784 ;; This function calls:
 10785 ;;		_clcd_write
 10786 ;; This function is called by:
 10787 ;;		_display_time
 10788 ;;		_dashboard
 10789 ;;		_login_screen
 10790 ;;		_clear_clcd
 10791 ;;		_display_menu
 10792 ;;		_view_log
 10793 ;;		_clear_log
 10794 ;;		_download_log
 10795 ;;		_change_password
 10796 ;;		_set_time
 10797 ;; This function uses a non-reentrant model
 10798 ;;
 10799                           
 10800     1333                     _clcd_print:	
 10801                           ;psect for function _clcd_print
 10802                           
 10803     1333                     l3837:	
 10804                           ;incstack = 0
 10805                           ; Regs used in _clcd_print: [wreg-fsr0h+status,2+status,0+pclath+btemp1+cstack]
 10806                           
 10807                           
 10808                           ;clcd.c: 62: void clcd_print(const char *str, unsigned char addr);clcd.c: 63: {;clcd.c: 
      +                          64:     clcd_write(addr, 0);
 10809     1333  01F2               	clrf	clcd_write@mode
 10810     1334  0878               	movf	clcd_print@addr,w
 10811     1335  160A  118A  23F5  160A  118A  	fcall	_clcd_write
 10812                           
 10813                           ;clcd.c: 66:     while (*str != '\0')
 10814     133A  2B51               	goto	l3843
 10815     133B                     l3839:
 10816                           
 10817                           ;clcd.c: 67:     {;clcd.c: 68:         clcd_write(*str, 1);
 10818     133B  01F2               	clrf	clcd_write@mode
 10819     133C  0AF2               	incf	clcd_write@mode,f
 10820     133D  0877               	movf	clcd_print@str+1,w
 10821     133E  00FF               	movwf	btemp1
 10822     133F  0876               	movf	clcd_print@str,w
 10823     1340  0084               	movwf	4
 10824     1341  120A  118A  2300  160A  118A  	fcall	stringtab
 10825     1346  160A  118A  23F5  160A  118A  	fcall	_clcd_write
 10826     134B                     l3841:
 10827                           
 10828                           ;clcd.c: 69:         str++;
 10829     134B  3001               	movlw	1
 10830     134C  07F6               	addwf	clcd_print@str,f
 10831     134D  1803               	skipnc
 10832     134E  0AF7               	incf	clcd_print@str+1,f
 10833     134F  3000               	movlw	0
 10834     1350  07F7               	addwf	clcd_print@str+1,f
 10835     1351                     l3843:
 10836                           
 10837                           ;clcd.c: 66:     while (*str != '\0')
 10838     1351  0877               	movf	clcd_print@str+1,w
 10839     1352  1283               	bcf	3,5	;RP0=0, select bank0
 10840     1353  1303               	bcf	3,6	;RP1=0, select bank0
 10841     1354  00FF               	movwf	btemp1
 10842     1355  0876               	movf	clcd_print@str,w
 10843     1356  0084               	movwf	4
 10844     1357  120A  118A  2300  160A  118A  	fcall	stringtab
 10845     135C  3A00               	xorlw	0
 10846     135D  1D03               	skipz
 10847     135E  2B60               	goto	u4211
 10848     135F  2B61               	goto	u4210
 10849     1360                     u4211:
 10850     1360  2B3B               	goto	l3839
 10851     1361                     u4210:
 10852     1361                     l124:
 10853     1361  0008               	return
 10854     1362                     __end_of_clcd_print:
 10855                           
 10856                           	psect	text50
 10857     02EF                     __ptext50:	
 10858 ;; *************** function _clcd_putch *****************
 10859 ;; Defined at:
 10860 ;;		line 56 in file "clcd.c"
 10861 ;; Parameters:    Size  Location     Type
 10862 ;;  data            1    wreg     const unsigned char 
 10863 ;;  addr            1    6[COMMON] unsigned char 
 10864 ;; Auto vars:     Size  Location     Type
 10865 ;;  data            1    7[COMMON] const unsigned char 
 10866 ;; Return value:  Size  Location     Type
 10867 ;;                  1    wreg      void 
 10868 ;; Registers used:
 10869 ;;		wreg, status,2, status,0, pclath, cstack
 10870 ;; Tracked objects:
 10871 ;;		On entry : 0/0
 10872 ;;		On exit  : 0/0
 10873 ;;		Unchanged: 0/0
 10874 ;; Data sizes:     COMMON   BANK0   BANK1   BANK3   BANK2
 10875 ;;      Params:         1       0       0       0       0
 10876 ;;      Locals:         1       0       0       0       0
 10877 ;;      Temps:          0       0       0       0       0
 10878 ;;      Totals:         2       0       0       0       0
 10879 ;;Total ram usage:        2 bytes
 10880 ;; Hardware stack levels used: 1
 10881 ;; Hardware stack levels required when called: 1
 10882 ;; This function calls:
 10883 ;;		_clcd_write
 10884 ;; This function is called by:
 10885 ;;		_login_screen
 10886 ;;		_display_menu
 10887 ;;		_change_password
 10888 ;;		_set_time
 10889 ;; This function uses a non-reentrant model
 10890 ;;
 10891                           
 10892     02EF                     _clcd_putch:	
 10893                           ;psect for function _clcd_putch
 10894                           
 10895                           
 10896                           ;incstack = 0
 10897                           ; Regs used in _clcd_putch: [wreg+status,2+status,0+pclath+cstack]
 10898                           ;clcd_putch@data stored from wreg
 10899     02EF  00F7               	movwf	clcd_putch@data
 10900     02F0                     l3945:
 10901                           
 10902                           ;clcd.c: 56: void clcd_putch(const char data, unsigned char addr);clcd.c: 57: {;clcd.c: 
      +                          58:     clcd_write(addr, 0);
 10903     02F0  01F2               	clrf	clcd_write@mode
 10904     02F1  0876               	movf	clcd_putch@addr,w
 10905     02F2  160A  118A  23F5  120A  118A  	fcall	_clcd_write
 10906                           
 10907                           ;clcd.c: 59:     clcd_write(data, 1);
 10908     02F7  01F2               	clrf	clcd_write@mode
 10909     02F8  0AF2               	incf	clcd_write@mode,f
 10910     02F9  0877               	movf	clcd_putch@data,w
 10911     02FA  160A  118A  23F5  120A  118A  	fcall	_clcd_write
 10912     02FF                     l118:
 10913     02FF  0008               	return
 10914     0300                     __end_of_clcd_putch:
 10915                           
 10916                           	psect	text51
 10917     13F5                     __ptext51:	
 10918 ;; *************** function _clcd_write *****************
 10919 ;; Defined at:
 10920 ;;		line 4 in file "clcd.c"
 10921 ;; Parameters:    Size  Location     Type
 10922 ;;  byte            1    wreg     unsigned char 
 10923 ;;  mode            1    2[COMMON] unsigned char 
 10924 ;; Auto vars:     Size  Location     Type
 10925 ;;  byte            1    5[COMMON] unsigned char 
 10926 ;; Return value:  Size  Location     Type
 10927 ;;                  1    wreg      void 
 10928 ;; Registers used:
 10929 ;;		wreg, status,2, status,0
 10930 ;; Tracked objects:
 10931 ;;		On entry : 0/0
 10932 ;;		On exit  : 0/0
 10933 ;;		Unchanged: 0/0
 10934 ;; Data sizes:     COMMON   BANK0   BANK1   BANK3   BANK2
 10935 ;;      Params:         1       0       0       0       0
 10936 ;;      Locals:         1       0       0       0       0
 10937 ;;      Temps:          2       0       0       0       0
 10938 ;;      Totals:         4       0       0       0       0
 10939 ;;Total ram usage:        4 bytes
 10940 ;; Hardware stack levels used: 1
 10941 ;; Hardware stack levels required when called: 1
 10942 ;; This function calls:
 10943 ;;		Nothing
 10944 ;; This function is called by:
 10945 ;;		_init_display_controller
 10946 ;;		_clcd_putch
 10947 ;;		_clcd_print
 10948 ;; This function uses a non-reentrant model
 10949 ;;
 10950                           
 10951     13F5                     _clcd_write:	
 10952                           ;psect for function _clcd_write
 10953                           
 10954                           
 10955                           ;incstack = 0
 10956                           ; Regs used in _clcd_write: [wreg+status,2+status,0]
 10957                           ;clcd_write@byte stored from wreg
 10958     13F5  00F5               	movwf	clcd_write@byte
 10959     13F6                     l3769:
 10960                           
 10961                           ;clcd.c: 4: static void clcd_write(unsigned char byte, unsigned char mode);clcd.c: 5: {;
      +                          clcd.c: 6:     RE2 = mode;
 10962     13F6  1872               	btfsc	clcd_write@mode,0
 10963     13F7  2BF9               	goto	u4171
 10964     13F8  2BFD               	goto	u4170
 10965     13F9                     u4171:
 10966     13F9  1283               	bcf	3,5	;RP0=0, select bank0
 10967     13FA  1303               	bcf	3,6	;RP1=0, select bank0
 10968     13FB  1509               	bsf	9,2	;volatile
 10969     13FC  2C00               	goto	u4184
 10970     13FD                     u4170:
 10971     13FD  1283               	bcf	3,5	;RP0=0, select bank0
 10972     13FE  1303               	bcf	3,6	;RP1=0, select bank0
 10973     13FF  1109               	bcf	9,2	;volatile
 10974     1400                     u4184:
 10975     1400                     l3771:
 10976                           
 10977                           ;clcd.c: 8:     PORTD = byte & 0xF0;
 10978     1400  0875               	movf	clcd_write@byte,w
 10979     1401  39F0               	andlw	240
 10980     1402  0088               	movwf	8	;volatile
 10981     1403                     l3773:
 10982                           
 10983                           ;clcd.c: 9:     RE1 = 1;
 10984     1403  1489               	bsf	9,1	;volatile
 10985     1404                     l3775:
 10986                           
 10987                           ;clcd.c: 10:     _delay((unsigned long)((100)*(20000000/4000000.0)));
 10988     1404  30A6               	movlw	166
 10989     1405  00F3               	movwf	??_clcd_write
 10990     1406                     u6327:
 10991     1406  0BF3               	decfsz	??_clcd_write,f
 10992     1407  2C06               	goto	u6327
 10993     1408  0000               	nop
 10994     1409                     l3777:
 10995                           
 10996                           ;clcd.c: 11:     RE1 = 0;
 10997     1409  1283               	bcf	3,5	;RP0=0, select bank0
 10998     140A  1303               	bcf	3,6	;RP1=0, select bank0
 10999     140B  1089               	bcf	9,1	;volatile
 11000     140C                     l3779:
 11001                           
 11002                           ;clcd.c: 13:     PORTD = (byte & 0x0F) << 4;
 11003     140C  0875               	movf	clcd_write@byte,w
 11004     140D  390F               	andlw	15
 11005     140E  00F3               	movwf	??_clcd_write
 11006     140F  3003               	movlw	3
 11007     1410                     u4195:
 11008     1410  1003               	clrc
 11009     1411  0DF3               	rlf	??_clcd_write,f
 11010     1412  3EFF               	addlw	-1
 11011     1413  1D03               	skipz
 11012     1414  2C10               	goto	u4195
 11013     1415  1003               	clrc
 11014     1416  0D73               	rlf	??_clcd_write,w
 11015     1417  0088               	movwf	8	;volatile
 11016     1418                     l3781:
 11017                           
 11018                           ;clcd.c: 14:     RE1 = 1;
 11019     1418  1489               	bsf	9,1	;volatile
 11020     1419                     l3783:
 11021                           
 11022                           ;clcd.c: 15:     _delay((unsigned long)((100)*(20000000/4000000.0)));
 11023     1419  30A6               	movlw	166
 11024     141A  00F3               	movwf	??_clcd_write
 11025     141B                     u6337:
 11026     141B  0BF3               	decfsz	??_clcd_write,f
 11027     141C  2C1B               	goto	u6337
 11028     141D  0000               	nop
 11029     141E                     l3785:
 11030                           
 11031                           ;clcd.c: 16:     RE1 = 0;
 11032     141E  1283               	bcf	3,5	;RP0=0, select bank0
 11033     141F  1303               	bcf	3,6	;RP1=0, select bank0
 11034     1420  1089               	bcf	9,1	;volatile
 11035     1421                     l3787:
 11036                           
 11037                           ;clcd.c: 18:     _delay((unsigned long)((4100)*(20000000/4000000.0)));
 11038     1421  301B               	movlw	27
 11039     1422  00F4               	movwf	??_clcd_write+1
 11040     1423  309E               	movlw	158
 11041     1424  00F3               	movwf	??_clcd_write
 11042     1425                     u6347:
 11043     1425  0BF3               	decfsz	??_clcd_write,f
 11044     1426  2C25               	goto	u6347
 11045     1427  0BF4               	decfsz	??_clcd_write+1,f
 11046     1428  2C25               	goto	u6347
 11047     1429  0000               	nop
 11048     142A                     l109:
 11049     142A  0008               	return
 11050     142B                     __end_of_clcd_write:
 11051                           
 11052                           	psect	text52
 11053     1263                     __ptext52:	
 11054 ;; *************** function _isr *****************
 11055 ;; Defined at:
 11056 ;;		line 8 in file "i2c.c"
 11057 ;; Parameters:    Size  Location     Type
 11058 ;;		None
 11059 ;; Auto vars:     Size  Location     Type
 11060 ;;		None
 11061 ;; Return value:  Size  Location     Type
 11062 ;;                  1    wreg      void 
 11063 ;; Registers used:
 11064 ;;		wreg, status,2, status,0
 11065 ;; Tracked objects:
 11066 ;;		On entry : 0/0
 11067 ;;		On exit  : 0/0
 11068 ;;		Unchanged: 0/0
 11069 ;; Data sizes:     COMMON   BANK0   BANK1   BANK3   BANK2
 11070 ;;      Params:         0       0       0       0       0
 11071 ;;      Locals:         0       0       0       0       0
 11072 ;;      Temps:          2       0       0       0       0
 11073 ;;      Totals:         2       0       0       0       0
 11074 ;;Total ram usage:        2 bytes
 11075 ;; Hardware stack levels used: 1
 11076 ;; This function calls:
 11077 ;;		Nothing
 11078 ;; This function is called by:
 11079 ;;		Interrupt level 1
 11080 ;; This function uses a non-reentrant model
 11081 ;;
 11082                           
 11083     1263                     _isr:	
 11084                           ;psect for function _isr
 11085                           
 11086     1263                     i1l3707:
 11087                           
 11088                           ;i2c.c: 10:     static unsigned int count = 0;;i2c.c: 12:     if (TMR0IF == 1)
 11089     1263  1D0B               	btfss	11,2	;volatile
 11090     1264  2A66               	goto	u413_21
 11091     1265  2A67               	goto	u413_20
 11092     1266                     u413_21:
 11093     1266  2A84               	goto	i1l165
 11094     1267                     u413_20:
 11095     1267                     i1l3709:
 11096                           
 11097                           ;i2c.c: 13:     {;i2c.c: 15:         TMR0 = TMR0 + 6 + 2;
 11098     1267  1283               	bcf	3,5	;RP0=0, select bank0
 11099     1268  1303               	bcf	3,6	;RP1=0, select bank0
 11100     1269  0801               	movf	1,w	;volatile
 11101     126A  3E08               	addlw	8
 11102     126B  0081               	movwf	1	;volatile
 11103                           
 11104                           ;i2c.c: 17:         if (++count == 20000)
 11105     126C  3001               	movlw	1
 11106     126D  07DC               	addwf	isr@count,f
 11107     126E  1803               	skipnc
 11108     126F  0ADD               	incf	isr@count+1,f
 11109     1270  3000               	movlw	0
 11110     1271  07DD               	addwf	isr@count+1,f
 11111     1272  3020               	movlw	32
 11112     1273  065C               	xorwf	isr@count,w
 11113     1274  304E               	movlw	78
 11114     1275  1903               	skipnz
 11115     1276  065D               	xorwf	isr@count+1,w
 11116     1277  1D03               	btfss	3,2
 11117     1278  2A7A               	goto	u414_21
 11118     1279  2A7B               	goto	u414_20
 11119     127A                     u414_21:
 11120     127A  2A83               	goto	i1l3715
 11121     127B                     u414_20:
 11122     127B                     i1l3711:
 11123                           
 11124                           ;i2c.c: 18:         {;i2c.c: 19:             count = 0;
 11125     127B  01DC               	clrf	isr@count
 11126     127C  01DD               	clrf	isr@count+1
 11127     127D                     i1l3713:
 11128                           
 11129                           ;i2c.c: 20:             sec++;
 11130     127D  3001               	movlw	1
 11131     127E  07DE               	addwf	_sec,f
 11132     127F  1803               	skipnc
 11133     1280  0ADF               	incf	_sec+1,f
 11134     1281  3000               	movlw	0
 11135     1282  07DF               	addwf	_sec+1,f
 11136     1283                     i1l3715:
 11137                           
 11138                           ;i2c.c: 24:         TMR0IF = 0;
 11139     1283  110B               	bcf	11,2	;volatile
 11140     1284                     i1l165:
 11141     1284  0871               	movf	??_isr+1,w
 11142     1285  008A               	movwf	10
 11143     1286  0E70               	swapf	??_isr,w
 11144     1287  0083               	movwf	3
 11145     1288  0EFE               	swapf	btemp,f
 11146     1289  0E7E               	swapf	btemp,w
 11147     128A  0009               	retfie
 11148     128B                     __end_of_isr:
 11149     0002                     ___latbits      equ	2
 11150     007E                     btemp           set	126	;btemp
 11151     007E                     btemp0          set	126
 11152     007F                     btemp1          set	127
 11153     007E                     wtemp0          set	126
 11154     007F                     wtemp0a         set	127
 11155     007F                     ttemp0a         set	127
 11156     0080                     ltemp0a         set	128
 11157                           
 11158                           	psect	intentry
 11159     0004                     __pintentry:	
 11160                           ;incstack = 0
 11161                           ; Regs used in _isr: [wreg+status,2+status,0]
 11162                           
 11163     0004                     interrupt_function:
 11164     007E                     saved_w         set	btemp
 11165     0004  00FE               	movwf	btemp
 11166     0005  0E03               	swapf	3,w
 11167     0006  00F0               	movwf	??_isr
 11168     0007  080A               	movf	10,w
 11169     0008  00F1               	movwf	??_isr+1
 11170     0009  160A  118A  2A63   	ljmp	_isr
 11171                           
 11172                           	psect	idloc
 11173                           
 11174                           ;Config register IDLOC0 @ 0x2000
 11175                           ;	unspecified, using default values
 11176     2000                     	org	8192
 11177     2000  3FFF               	dw	16383
 11178                           
 11179                           ;Config register IDLOC1 @ 0x2001
 11180                           ;	unspecified, using default values
 11181     2001                     	org	8193
 11182     2001  3FFF               	dw	16383
 11183                           
 11184                           ;Config register IDLOC2 @ 0x2002
 11185                           ;	unspecified, using default values
 11186     2002                     	org	8194
 11187     2002  3FFF               	dw	16383
 11188                           
 11189                           ;Config register IDLOC3 @ 0x2003
 11190                           ;	unspecified, using default values
 11191     2003                     	org	8195
 11192     2003  3FFF               	dw	16383
 11193                           
 11194                           	psect	config
 11195                           
 11196                           ;Config register CONFIG @ 0x2007
 11197                           ;	Oscillator Selection bits
 11198                           ;	FOSC = 0x3, unprogrammed default
 11199                           ;	Watchdog Timer Enable bit
 11200                           ;	WDTE = OFF, WDT disabled
 11201                           ;	Power-up Timer Enable bit
 11202                           ;	PWRTE = 0x1, unprogrammed default
 11203                           ;	Brown-out Reset Enable bit
 11204                           ;	BOREN = 0x1, unprogrammed default
 11205                           ;	Low-Voltage (Single-Supply) In-Circuit Serial Programming Enable bit
 11206                           ;	LVP = 0x1, unprogrammed default
 11207                           ;	Data EEPROM Memory Code Protection bit
 11208                           ;	CPD = 0x1, unprogrammed default
 11209                           ;	Flash Program Memory Write Enable bits
 11210                           ;	WRT = 0x3, unprogrammed default
 11211                           ;	In-Circuit Debugger Mode bit
 11212                           ;	DEBUG = 0x1, unprogrammed default
 11213                           ;	Flash Program Memory Code Protection bit
 11214                           ;	CP = 0x1, unprogrammed default
 11215     2007                     	org	8199
 11216     2007  3FFB               	dw	16379

Data Sizes:
    Strings     459
    Constant    85
    Data        37
    BSS         68
    Persistent  0
    Stack       0

Auto Spaces:
    Space          Size  Autos    Used
    COMMON           14     10      12
    BANK0            80     52      80
    BANK1            80      2      77
    BANK3            96      0       0
    BANK2            96      0       0

Pointer List with Targets:

    clcd_print@str	PTR const unsigned char  size(2) Largest target is 85
		 -> EEPROM_data(BANK1[17]), menu(CODE[85]), rem_time_sec(BANK1[3]), speed(BANK1[3]), 
		 -> STR_10(CODE[17]), STR_11(CODE[17]), STR_12(CODE[17]), STR_13(CODE[17]), 
		 -> STR_14(CODE[17]), STR_15(CODE[15]), STR_16(CODE[17]), STR_17(CODE[17]), 
		 -> STR_18(CODE[17]), STR_19(CODE[17]), STR_2(CODE[3]), STR_20(CODE[6]), 
		 -> STR_21(CODE[15]), STR_22(CODE[17]), STR_23(CODE[17]), STR_24(CODE[17]), 
		 -> STR_25(CODE[17]), STR_26(CODE[17]), STR_27(CODE[17]), STR_28(CODE[17]), 
		 -> STR_29(CODE[17]), STR_3(CODE[3]), STR_32(CODE[21]), STR_33(CODE[17]), 
		 -> STR_34(CODE[21]), STR_35(CODE[17]), STR_36(CODE[19]), STR_37(CODE[19]), 
		 -> STR_38(CODE[23]), STR_39(CODE[23]), STR_4(CODE[3]), STR_40(CODE[17]), 
		 -> STR_5(CODE[3]), STR_6(CODE[3]), STR_7(CODE[3]), STR_8(CODE[3]), 
		 -> STR_9(CODE[3]), time(BANK1[9]), 

    display_time@clock_reg	PTR unsigned char  size(1) Largest target is 3
		 -> clock_reg(BANK1[3]), 

    event	PTR unsigned char [8] size(2) Largest target is 3
		 -> STR_2(CODE[3]), STR_3(CODE[3]), STR_4(CODE[3]), STR_5(CODE[3]), 
		 -> STR_6(CODE[3]), STR_7(CODE[3]), STR_8(CODE[3]), STR_9(CODE[3]), 

    get_time@clock_reg	PTR unsigned char  size(1) Largest target is 3
		 -> clock_reg(BANK1[3]), 

    puts@s	PTR const unsigned char  size(2) Largest target is 18
		 -> EEPROM_data(BANK1[17]), STR_1(CODE[17]), STR_30(CODE[18]), STR_31(CODE[3]), 

    sp__strcpy	PTR unsigned char  size(1) Largest target is 5
		 -> Pass(BANK1[5]), 

    strcmp@l	PTR const unsigned char  size(1) Largest target is 5
		 -> Pass(BANK1[5]), temp_pass(BANK1[5]), 

    strcmp@r	PTR const unsigned char  size(1) Largest target is 5
		 -> temp1_pass(BANK1[5]), userPass(BANK1[5]), 

    strcpy@d	PTR unsigned char  size(1) Largest target is 5
		 -> Pass(BANK1[5]), 

    strcpy@dest	PTR unsigned char  size(1) Largest target is 5
		 -> Pass(BANK1[5]), 

    strcpy@src	PTR const unsigned char  size(1) Largest target is 5
		 -> temp_pass(BANK1[5]), 


Critical Paths under _main in COMMON

    _main->_display_menu
    _main->_download_log
    _main->_view_log
    _view_log->_clcd_print
    _set_time->___awdiv
    _login_screen->___lwdiv
    _login_screen->_clcd_print
    _init_uart->___lldiv
    _init_i2c->___lldiv
    _write_ds1307->___awdiv
    _init_clcd->_init_display_controller
    _init_display_controller->_clcd_write
    _download_log->_clcd_print
    _puts->_putchar
    _load_logs->_read_external_eeprom
    _read_external_eeprom->_i2c_read
    _display_menu->_clcd_print
    _dashboard->___awdiv
    _dashboard->___fltol
    _dashboard->_display_time
    _store_event->_write_external_eeprom
    _write_external_eeprom->_i2c_write
    _get_time->_read_ds1307
    _read_ds1307->_i2c_read
    _display_time->_clcd_print
    ___xxtofl->_read_adc
    ___fltol->_read_adc
    ___fldiv->_read_adc
    _clear_log->_clcd_print
    _change_password->_clcd_print
    _clear_clcd->_clcd_print
    _clcd_print->_clcd_write
    _clcd_putch->_clcd_write

Critical Paths under _isr in COMMON

    None.

Critical Paths under _main in BANK0

    _main->_dashboard
    _set_time->_write_ds1307
    _init_config->_init_i2c
    _init_config->_init_uart
    _init_uart->___lldiv
    _init_i2c->___lldiv
    _init_ds1307->_write_ds1307
    _dashboard->___fltol
    ___fltol->___fldiv
    ___fldiv->___xxtofl

Critical Paths under _isr in BANK0

    None.

Critical Paths under _main in BANK1

    _main->_dashboard

Critical Paths under _isr in BANK1

    None.

Critical Paths under _main in BANK3

    None.

Critical Paths under _isr in BANK3

    None.

Critical Paths under _main in BANK2

    None.

Critical Paths under _isr in BANK2

    None.

Call Graph Tables:

 ---------------------------------------------------------------------------------
 (Depth) Function   	        Calls       Base Space   Used Autos Params    Refs
 ---------------------------------------------------------------------------------
 (0) _main                                                 1     1      0   20460
                                              1 BANK1      1     1      0
                    _change_password
                          _clear_log
                          _dashboard
                       _display_menu
                       _download_log
                        _init_config
                       _login_screen
                _read_digital_keypad
                           _set_time
                           _view_log
 ---------------------------------------------------------------------------------
 (1) _view_log                                             3     3      0    1446
                                              9 COMMON     1     1      0
                                              0 BANK0      2     2      0
                         _clcd_print
                          _load_logs
 ---------------------------------------------------------------------------------
 (1) _set_time                                             8     8      0    3370
                                              2 BANK0      8     8      0
                            ___awdiv
                            ___awmod
                             ___bmul
                             ___wmul
                         _clcd_print
                         _clcd_putch
                         _clear_clcd
                       _write_ds1307
 ---------------------------------------------------------------------------------
 (2) ___wmul                                               6     2      4     154
                                              2 COMMON     6     2      4
 ---------------------------------------------------------------------------------
 (1) _read_digital_keypad                                  2     2      0      47
                                              2 COMMON     2     2      0
 ---------------------------------------------------------------------------------
 (1) _login_screen                                        11    11      0    2260
                                              0 BANK0     11    11      0
                            ___lwdiv
                            ___lwmod
                         _clcd_print
                         _clcd_putch
                         _clear_clcd
                             _strcmp
 ---------------------------------------------------------------------------------
 (2) ___lwmod                                              5     1      4     238
                                              2 COMMON     5     1      4
 ---------------------------------------------------------------------------------
 (2) ___lwdiv                                              7     3      4     247
                                              2 COMMON     7     3      4
 ---------------------------------------------------------------------------------
 (1) _init_config                                          0     0      0    1239
                           _init_adc
                          _init_clcd
                _init_digital_keypad
                        _init_ds1307
                           _init_i2c
                        _init_timer0
                          _init_uart
                               _puts
 ---------------------------------------------------------------------------------
 (2) _init_uart                                            8     4      4     287
                                              6 BANK0      8     4      4
                            ___lldiv
 ---------------------------------------------------------------------------------
 (2) _init_timer0                                          0     0      0       0
 ---------------------------------------------------------------------------------
 (2) _init_i2c                                             8     4      4     287
                                              6 BANK0      8     4      4
                            ___lldiv
 ---------------------------------------------------------------------------------
 (3) ___lldiv                                             14     6      8     253
                                              2 COMMON     8     0      8
                                              0 BANK0      6     6      0
 ---------------------------------------------------------------------------------
 (2) _init_ds1307                                          1     1      0     383
                                              2 BANK0      1     1      0
                        _read_ds1307
                       _write_ds1307
 ---------------------------------------------------------------------------------
 (3) _write_ds1307                                         2     1      1     137
                                              0 BANK0      2     1      1
                            ___awdiv (ARG)
                            ___awmod (ARG)
                          _i2c_start
                           _i2c_stop
                          _i2c_write
 ---------------------------------------------------------------------------------
 (2) _init_digital_keypad                                  0     0      0       0
 ---------------------------------------------------------------------------------
 (2) _init_clcd                                            0     0      0     158
            _init_display_controller
 ---------------------------------------------------------------------------------
 (3) _init_display_controller                              2     2      0     158
                                              6 COMMON     2     2      0
                         _clcd_write
 ---------------------------------------------------------------------------------
 (2) _init_adc                                             0     0      0       0
 ---------------------------------------------------------------------------------
 (1) _download_log                                         2     2      0    1973
                                              9 COMMON     1     1      0
                         _clcd_print
                         _clear_clcd
                          _load_logs
                               _puts
 ---------------------------------------------------------------------------------
 (2) _puts                                                 2     0      2     124
                                              3 COMMON     2     0      2
                            _putchar
 ---------------------------------------------------------------------------------
 (3) _putchar                                              1     1      0      47
                                              2 COMMON     1     1      0
 ---------------------------------------------------------------------------------
 (2) _load_logs                                            2     2      0     829
                                              6 COMMON     2     2      0
                             ___bmul
               _read_external_eeprom
 ---------------------------------------------------------------------------------
 (3) _read_external_eeprom                                 2     2      0     209
                                              4 COMMON     2     2      0
                           _i2c_read
                      _i2c_rep_start
                          _i2c_start
                           _i2c_stop
                          _i2c_write
 ---------------------------------------------------------------------------------
 (3) ___bmul                                               3     2      1     183
                                              2 COMMON     3     2      1
 ---------------------------------------------------------------------------------
 (1) _display_menu                                         3     3      0    1430
                                              9 COMMON     1     1      0
                                              0 BANK0      2     2      0
                         _clcd_print
                         _clcd_putch
                         _clear_clcd
 ---------------------------------------------------------------------------------
 (1) _dashboard                                            5     5      0    5508
                                             48 BANK0      4     4      0
                                              0 BANK1      1     1      0
                            ___awdiv
                            ___awmod
                            ___fldiv
                            ___fltol
                           ___xxtofl
                         _clcd_print
                       _display_time
                           _get_time
                           _read_adc
                        _store_event
 ---------------------------------------------------------------------------------
 (2) _store_event                                          9     9      0     335
                                              7 COMMON     2     2      0
                                              0 BANK0      7     7      0
              _write_external_eeprom
 ---------------------------------------------------------------------------------
 (3) _write_external_eeprom                                4     3      1     174
                                              3 COMMON     4     3      1
                          _i2c_start
                           _i2c_stop
                          _i2c_write
 ---------------------------------------------------------------------------------
 (2) _read_adc                                             6     4      2      81
                                              2 COMMON     6     4      2
 ---------------------------------------------------------------------------------
 (2) _get_time                                             1     0      1     305
                                              6 COMMON     1     0      1
                        _read_ds1307
 ---------------------------------------------------------------------------------
 (3) _read_ds1307                                          2     2      0     209
                                              4 COMMON     2     2      0
                           _i2c_read
                      _i2c_rep_start
                          _i2c_start
                           _i2c_stop
                          _i2c_write
 ---------------------------------------------------------------------------------
 (4) _i2c_write                                            1     1      0      47
                                              2 COMMON     1     1      0
                  _i2c_wait_for_idle
 ---------------------------------------------------------------------------------
 (4) _i2c_rep_start                                        0     0      0       0
                          _i2c_start
                           _i2c_stop
 ---------------------------------------------------------------------------------
 (5) _i2c_stop                                             0     0      0       0
                  _i2c_wait_for_idle
 ---------------------------------------------------------------------------------
 (5) _i2c_start                                            0     0      0       0
                  _i2c_wait_for_idle
 ---------------------------------------------------------------------------------
 (4) _i2c_read                                             2     2      0      81
                                              2 COMMON     2     2      0
                  _i2c_wait_for_idle
 ---------------------------------------------------------------------------------
 (6) _i2c_wait_for_idle                                    0     0      0       0
 ---------------------------------------------------------------------------------
 (2) _display_time                                         2     1      1     665
                                              9 COMMON     1     0      1
                                              0 BANK0      1     1      0
                         _clcd_print
 ---------------------------------------------------------------------------------
 (2) ___xxtofl                                            14    10      4     511
                                              0 BANK0     14    10      4
                           _read_adc (ARG)
 ---------------------------------------------------------------------------------
 (2) ___fltol                                             10     6      4     340
                                              8 COMMON     2     2      0
                                             40 BANK0      8     4      4
                            ___fldiv (ARG)
                           ___xxtofl (ARG)
                           _read_adc (ARG)
 ---------------------------------------------------------------------------------
 (2) ___fldiv                                             26    18      8    1692
                                             14 BANK0     26    18      8
                           ___xxtofl (ARG)
                           _read_adc (ARG)
 ---------------------------------------------------------------------------------
 (2) ___awmod                                              6     2      4     475
                                              2 COMMON     6     2      4
 ---------------------------------------------------------------------------------
 (2) ___awdiv                                              8     4      4     487
                                              2 COMMON     8     4      4
 ---------------------------------------------------------------------------------
 (1) _clear_log                                            0     0      0     952
                         _clcd_print
                         _clear_clcd
 ---------------------------------------------------------------------------------
 (1) _change_password                                     12    12      0    1984
                                              0 BANK0     12    12      0
                         _clcd_print
                         _clcd_putch
                         _clear_clcd
                             _strcmp
                             _strcpy
 ---------------------------------------------------------------------------------
 (2) _strcpy                                               3     1      2     109
                                              2 COMMON     3     1      2
 ---------------------------------------------------------------------------------
 (2) _strcmp                                               4     2      2     173
                                              2 COMMON     4     2      2
 ---------------------------------------------------------------------------------
 (2) _clear_clcd                                           0     0      0     476
                         _clcd_print
 ---------------------------------------------------------------------------------
 (3) _clcd_print                                           3     0      3     476
                                              6 COMMON     3     0      3
                         _clcd_write
 ---------------------------------------------------------------------------------
 (2) _clcd_putch                                           2     1      1     290
                                              6 COMMON     2     1      1
                         _clcd_write
 ---------------------------------------------------------------------------------
 (4) _clcd_write                                           4     3      1     158
                                              2 COMMON     4     3      1
 ---------------------------------------------------------------------------------
 Estimated maximum stack depth 6
 ---------------------------------------------------------------------------------
 (Depth) Function   	        Calls       Base Space   Used Autos Params    Refs
 ---------------------------------------------------------------------------------
 (7) _isr                                                  2     2      0       0
                                              0 COMMON     2     2      0
 ---------------------------------------------------------------------------------
 Estimated maximum stack depth 7
 ---------------------------------------------------------------------------------

 Call Graph Graphs:

 _main (ROOT)
   _change_password
     _clcd_print
       _clcd_write
     _clcd_putch
       _clcd_write
     _clear_clcd
       _clcd_print
     _strcmp
     _strcpy
   _clear_log
     _clcd_print
     _clear_clcd
   _dashboard
     ___awdiv
     ___awmod
     ___fldiv
       ___xxtofl (ARG)
         _read_adc (ARG)
       _read_adc (ARG)
     ___fltol
       ___fldiv (ARG)
       ___xxtofl (ARG)
       _read_adc (ARG)
     ___xxtofl
     _clcd_print
     _display_time
       _clcd_print
     _get_time
       _read_ds1307
         _i2c_read
           _i2c_wait_for_idle
         _i2c_rep_start
           _i2c_start
             _i2c_wait_for_idle
           _i2c_stop
             _i2c_wait_for_idle
         _i2c_start
         _i2c_stop
         _i2c_write
           _i2c_wait_for_idle
     _read_adc
     _store_event
       _write_external_eeprom
         _i2c_start
         _i2c_stop
         _i2c_write
   _display_menu
     _clcd_print
     _clcd_putch
     _clear_clcd
   _download_log
     _clcd_print
     _clear_clcd
     _load_logs
       ___bmul
       _read_external_eeprom
         _i2c_read
         _i2c_rep_start
         _i2c_start
         _i2c_stop
         _i2c_write
     _puts
       _putchar
   _init_config
     _init_adc
     _init_clcd
       _init_display_controller
         _clcd_write
     _init_digital_keypad
     _init_ds1307
       _read_ds1307
       _write_ds1307
         ___awdiv (ARG)
         ___awmod (ARG)
         _i2c_start (ARG)
         _i2c_stop (ARG)
         _i2c_write (ARG)
     _init_i2c
       ___lldiv
     _init_timer0
     _init_uart
       ___lldiv
     _puts
   _login_screen
     ___lwdiv
     ___lwmod
     _clcd_print
     _clcd_putch
     _clear_clcd
     _strcmp
   _read_digital_keypad
   _set_time
     ___awdiv
     ___awmod
     ___bmul
     ___wmul
     _clcd_print
     _clcd_putch
     _clear_clcd
     _write_ds1307
   _view_log
     _clcd_print
     _load_logs

 _isr (ROOT)

Address spaces:
Name               Size   Autos  Total    Usage
BANK3               96      0       0      0.0%
BITBANK3            96      0       0      0.0%
BANK2               96      0       0      0.0%
BITBANK2            96      0       0      0.0%
BANK1               80      2      77     96.2%
BITBANK1            80      0       0      0.0%
BANK0               80     52      80    100.0%
BITBANK0            80      0       0      0.0%
COMMON              14     10      12     85.7%
BITCOMMON           14      0       0      0.0%
DATA                 0      0     169      0.0%
STACK                0      0       0      0.0%


Microchip Technology PIC Macro Assembler V3.10 build 20250813170317 
Symbol Table                                                                                   Fri Jun 19 12:30:02 2026

                   ___fldiv@aexp 0047                     ___fldiv@bexp 0046                                pc 0002  
                   ___fldiv@sign 003F            _write_external_eeprom 1362                   ___bmul@product 0073  
                 clcd_print@addr 0078                               l51 14A4                               l82 10C0  
                             l88 12DC                               _GO 00FA                     ___awdiv@sign 0077  
                             fsr 0004              ___wmul@multiplicand 0074                              l112 167E  
                            l115 080C                              l124 1361                              l212 1159  
                            l109 142A                              l221 11AF                              l118 02FF  
                            l215 1307                              l224 1557                              l241 10C7  
                            l314 07F2                              l218 1217                              l171 07F3  
                            l180 10F6                              l244 1181                              l420 08FF  
                            l174 07FF                              l183 10E1                              l191 1101  
                            l247 118F                              l408 17FF                              l168 13F4  
                            l177 10D8                              l186 11CB                              l522 1391  
                            l506 02AC                              l427 15B8                              l187 11CE  
                            l435 1776                              l188 11D0                              l293 0B8C  
                            l525 1332                              l365 0FFF                              l368 1170  
                            l392 0AEF                              l536 10EB                              l394 0AF2  
                            l299 0C1F                              l395 0AF5                              l379 0A70  
                            l555 13C2                              l812 161B                              l396 0AF8  
                            l397 0AFB                              l565 1107                              l573 1262  
                            l661 123C                              l478 074D                              l566 110B  
                            l399 0B2B                              l567 110C                              l825 14FB  
                            l659 1224                              l860 16DF                              l853 16F4  
                            l685 1132                              l863 16F4                              l695 0872  
                            l939 02EE                              l949 1462                              _GIE 005F  
                            _RE1 0049                              _RE2 004A                    ?_display_menu 0070  
                            _PEN 048A                              _SEN 0488                              _PSA 040B  
                  ?_display_time 0079                   _TOTAl_ATTEMPTs 00D8                              _sec 005E  
                            _isr 1263                   clcd_putch@addr 0076                              _pos 006A  
                            fsr0 0004                   clcd_putch@data 0077                              indf 0000  
                   ___awmod@sign 0077                     ___fltol@exp1 0079                             l1100 09C5  
                           l1101 09D6                             l1102 0A56                             l1040 0DE1  
                           l1032 0D63                             l1016 0C75                             l1113 0A20  
                           l1018 0DE9                             l1114 0A2C                             l1106 0A04  
                           l1123 12B2                             l1038 0DD5                             l1129 111F  
                           l4001 07EA            ??_read_digital_keypad 0072                             l4011 129D  
                           l4003 07F0                             l4013 12A4                             l4005 128B  
                           l4101 15E2                             l4021 1781                             l4007 128C  
                           l4111 1600                             l4103 15E4                             l4031 179E  
                           l4023 1786                             l4017 115A                             l4009 1290  
                           l4113 1607                             l4105 15E8                             l4041 17C1  
                           l4033 17A9                             l4025 1788                             l4201 02B5  
                           l5001 0925                             l4107 15F9                             l4115 160D  
                           l4131 14B1                             l4123 14A5                             l4051 17E4  
                           l4043 17CC                             l4035 17AB                             l4027 1793  
                           l4019 1778                             l4211 02D6                             l4203 02B8  
                           l5011 0943                             l5003 092B                             l4061 110D  
                           l4117 1612                             l4109 15FF                             l4141 14CA  
                           l4133 14B5                             l4125 14A6                             l4301 0CA2  
                           l4053 17E6                             l4045 17CE                             l4037 17B6  
                           l4029 179C                             l4213 02DC                             l4205 02BF  
                           l5021 0965                             l5013 0949                             l5005 092C  
                           l4063 110F                             l4119 1617                             l4151 14E7  
                           l4143 14CC                             l4135 14BA                             l4127 14AA  
                           l4311 0CCE                             l4303 0CB4                             l4055 17F1  
                           l4047 17D0                             l4039 17B8                             l4215 02DD  
                           l4207 02C1                             l4231 143D                             l4223 142B  
                           l4071 122B                             l5031 0986                             l5023 096B  
                           l5015 0951                             l5007 0935                             l4081 15BA  
                           l4145 14D0                             l4137 14C0                             l4153 14ED  
                           l4129 14AF                             l4313 0CD3                             l4321 0CF3  
                           l4305 0CBC                             l4161 167F                             l4401 09D9  
                           l4057 17F3                             l4049 17DB                             l4217 02E4  
                           l4209 02C5                             l4233 1441                             l4225 1431  
                           l4241 145E                             l4073 1232                             l4065 1218  
                           l5033 098F                             l5025 0971                             l5017 0956  
                           l5009 093A                             l4091 15CE                             l4083 15BE  
                           l4155 14F2                             l4147 14DA                             l4139 14C3  
                           l4331 0D1C                             l4323 0D05                             l4315 0CE5  
                           l4307 0CC4                             l4251 0C2A                             l4171 16A7  
                           l4163 168A                             l4411 0A0B                             l4403 09E4  
                           l4059 17FE                             l4219 02EA                             l4235 144B  
                           l4227 1434                             l4075 1238                             l4067 121A  
                           l5035 0995                             l5027 0977                             l5019 095C  
                           l4093 15D0                             l4085 15C3                             l4157 14F7  
                           l4149 14E0                             l4341 0D34                             l4333 0D24  
                           l4325 0D06                             l4317 0CE9                             l4309 0CCC  
                           l4261 0C41                             l4253 0C2E                             l4245 0C20  
                           l4173 16AF                             l4421 0A44                             l4413 0A16  
                           l4405 09EB                             l4501 0B7E                             l4237 1451  
                           l4229 143B                             l4069 121E                             l5029 0980  
                           l4095 15D2                             l4087 15C5                             l4079 15B9  
                           l4351 0D4C                             l4343 0D3D                             l4335 0D26  
                           l4327 0D14                             l4319 0CEA                             l4271 0C53  
                           l4263 0C42                             l4255 0C2F                             l4247 0C24  
                           l4191 16D4                             l4183 16BD                             l4175 16B1  
                           l4167 1693                             l4423 0A49                             l4415 0A1A  
                           l4407 09ED                             l4511 0BA1                             l4431 1463  
                           l4239 1458                             l4097 15D8                             l4089 15C9  
                           l4361 0D7B                             l4353 0D60                             l4337 0D2F  
                           l4345 0D43                             l4329 0D16                             l4281 0C6A  
                           l4273 0C57                             l4257 0C34                             l4265 0C44  
                           l4249 0C26                             l4193 16E4                             l4177 16B5  
                           l4185 16CD                             l4169 16A6                             l4425 0A4D  
                           l4417 0A24                             l4409 09FB                             l3801 11CF  
                           l4513 0BE7                             l4505 0B81                             l4441 148B  
                           l4433 1468                             l4601 0F65                             l4521 0DED  
                           l4099 15DB                             l4371 0DB9                             l4363 0D7F  
                           l4347 0D47                             l4339 0D33                             l4291 0C8B  
                           l4283 0C6B                             l4275 0C58                             l4267 0C4C  
                           l4259 0C39                             l4195 16E9                             l4427 0A4E  
                           l4419 0A2E                             l4515 0BFC                             l4507 0B87  
                           l4443 149A                             l4435 146D                             l4611 0F8D  
                           l4603 0F6A                             l4531 0E28                             l4523 0DF6  
                           l4381 0DDD                             l4373 0DC8                             l4365 0D98  
                           l4357 0D68                             l4349 0D48                             l4277 0C5D  
                           l4285 0C6D                             l4269 0C4F                             l3805 10F8  
                           l4517 0C13                             l3821 1640                             l3813 161C  
                           l3901 086A                             l4445 14A3                             l4437 1472  
                           l4197 02AD                             l4621 0FC6                             l4613 0F96  
                           l4605 0F6C                             l5077 0F10                             l4541 0E4A  
                           l4533 0E30                             l4525 0E0F                             l4701 08AC  
                           l4383 0DDF                             l4375 0DCC                             l4359 0D6D  
                           l4367 0D9E                             l4287 0C7D                             l4295 0C94  
                           l4279 0C62                             l4391 09A9                             l3807 10FD  
                           l4519 0C14                             l5079 0B0A                             l3831 1662  
                           l3823 1647                             l3815 1624                             l3911 0806  
                           l4439 1481                             l4199 02AF                             l4631 0FFA  
                           l4623 0FD1                             l4615 0F9F                             l4607 0F76  
                           l4551 0E72                             l4543 0E5C                             l4535 0E36  
                           l4527 0E15                             l4471 12DB                             l4455 12BE  
                           l4447 12B4                             l4711 08CC                             l4703 08B3  
                           l3841 134B                             l4377 0DD4                             l4369 0DAB  
                           l4297 0C99                             l4289 0C89                             l4393 09AD  
                           l3761 10D0                             l3809 1101                             l4481 0B48  
                           l4641 0A65                             l3905 10C1                             l3833 1672  
                           l3825 164A                             l3817 162B                             l3913 0807  
                           l3921 13F1                             l4625 0FDC                             l4617 0FB1  
                           l4609 0F7D                             l4561 0E9C                             l4553 0E7B  
                           l4537 0E39                             l4545 0E63                             l4529 0E1F  
                           l4457 12C9                             l4449 12B9                             l4801 00B0  
                           l4721 08E3                             l4713 08D2                             l4705 08B9  
                           l3771 1400                             l3843 1351                             l4731 156D  
                           l4379 0DD9                             l4395 09BD                             l3763 10D5  
                           l4491 0B62                             l4483 0B50                             l4475 0B2F  
                           l4651 0A7F                             l4643 0A68                             l3835 1679  
                           l3827 1651                             l3819 163B                             l3907 0802  
                           l3915 10BB                             l3851 11F7                             l3923 1146  
                           l3931 1392                             l4627 0FE7                             l4619 0FC5  
                           l4571 0ED9                             l4563 0E9F                             l4555 0E83  
                           l4547 0E69                             l4539 0E42                             l4459 12CE  
                           l4467 12D0                             l4811 00E8                             l4803 00C8  
                           l4723 08E8                             l4715 08D5                             l4707 08BF  
                           l3781 1418                             l3773 1403                             l3837 1333  
                           l4733 1578                             l4397 09CD                             l4389 09A4  
                           l3757 07F3                             l3765 10D9                             l3845 12DE  
                           l3853 1363                             l4485 0B58                             l4493 0B68  
                           l4477 0B3A                             l4661 0AC0                             l4653 0A84  
                           l4645 0A6E                             l4637 0A58                             l3861 1331  
                           l3941 124C                             l3829 165D                             l3909 0805  
                           l3925 114F                             l3917 13C3                             l3933 1396  
                           l4629 0FF3                             l4573 0EE5                             l4581 0F09  
                           l4565 0EAE                             l4549 0E6F                             l4469 12D9  
                           l4821 012E                             l4813 00E9                             l4805 00CF  
                           l4725 08F4                             l4709 08C5                             l3783 1419  
                           l3775 1404                             l3839 133B                             l4911 0612  
                           l4903 05E3                             l4743 15A7                             l4735 1582  
                           l4727 1558                             l3951 1515                             l3759 07F9  
                           l3791 11B1                             l3767 10DE                             l3847 1306  
                           l3855 137F                             l4495 0B6E                             l4487 0B5A  
                           l4479 0B41                             l4663 0AC7                             l4647 0A76  
                           l4655 0A86                             l4639 0A5E                             l3871 1126  
                           l3943 1252                             l4751 1714                             l3927 1151  
                           l3919 13C6                             l3935 13C1                             l4575 0EF1  
                           l4583 0F1B                             l4567 0EC4                             l4559 0E96  
                           l4823 0130                             l4815 00FE                             l4807 00E0  
                           l4831 0164                             l4719 08D8                             l3785 141E  
                           l3777 1409                             l3769 13F6                             l3945 02F0  
                           l4921 0637                             l4913 061B                             l4905 05E9  
                           l4745 15B1                             l4729 1562                             l3953 152F  
                           l3793 11B6                             l3961 1180                             l3857 1383  
                           l4497 0B76                             l4489 0B60                             l4673 0AFE  
                           l4665 0AD8                             l4657 0A98                             l4649 0A7D  
                           l3873 1128                             l3865 1103                             l3937 123D  
                           l4753 1716                             l4761 1730                             l3881 080D  
                           l3929 10E2                             l4593 0F4A                             l4585 0F25  
                           l4577 0EFD                             l4569 0ECE                             l4841 0181  
                           l4833 016A                             l4825 0136                             l4809 00E2  
                           l4817 0116                             l3787 1421                             l3779 140C  
                           l4931 0665                             l4923 063F                             l4915 0623  
                           l4907 0602                             l4747 15B3                             l4739 1596  
                           l3955 154B                             l3795 11BE                             l3947 1190  
                           l3963 1185                             l4499 0B78                             l4675 0B1B  
                           l4667 0AE8                             l4659 0AAE                             l3875 112A  
                           l3867 1121                             l3859 1309                             l3939 123E  
                           l4763 1736                             l4755 171C                             l3891 083A  
                           l3883 081F                             l4595 0F54                             l4851 01E6  
                           l4835 0170                             l4843 0184                             l4827 0137  
                           l4819 011D                             l4691 0886                             l4933 0668  
                           l4925 0654                             l4917 0629                             l4909 0608  
                           l4941 0691                             l3957 154C                             l3949 14FC  
                           l3797 11C2                             l3789 10EC                             l3981 076D  
                           l3973 0750                             l4677 0B21                             l3877 1131  
                           l3869 1122                             l4773 1765                             l4765 1740  
                           l4757 1725                             l4749 16F5                             l3893 084C  
                           l3885 0822                             l4597 0F56                             l4589 0F39  
                           l4861 02A5                             l4853 020E                             l4845 018A  
                           l4837 0175                             l4829 014C                             l4781 004D  
                           l4693 088A                             l4685 0874                             l4943 0695  
                           l4935 0673                             l4919 062C                             l4927 0659  
                           l4871 055A                             l3799 11C7                             l3959 1172  
                           l3991 07CB                             l3983 0773                             l3975 0757  
                           l3967 074E                             l4679 0B26                             l4775 176F  
                           l4759 172E                             l3895 085A                             l3887 082D  
                           l4599 0F5C                             l4863 02A7                             l4855 0242  
                           l4847 018A                             l4839 017C                             l4791 0081  
                           l4783 0053                             l4695 0890                             l4687 087B  
                           l4961 06FE                             l4953 06E1                             l4945 06A4  
                           l4937 067B                             l4929 065F                             l4881 057E  
                           l4873 0564                             l4865 0535                             l3993 07D5  
                           l3985 0780                             l3977 075F                             l4777 1771  
                           l4769 1754                             l3897 085B                             l3889 0831  
                           l4857 026A                             l4849 01B2                             l4793 0092  
                           l4785 0068                             l4697 0895                             l4689 0880  
                           _ADFM 04FF                             l4971 0728                             l4963 0703  
                           l4947 06C3                             l4891 05B1                             l4883 0589  
                           l4875 056D                             l4867 053B                             l3995 07E1  
                           l3987 079D                             l3979 076B                             l3899 0864  
                           l4859 029F                             l4795 0094                             l4787 0073  
                           l4779 0042                             l4699 08A6                             ?_isr 0070  
                           l4965 0706                             l4957 06F2                             l4949 06CD  
                           l4893 05B7                             l4885 0591                             l4877 0575  
                           l4869 0554                             l3997 07E3                             l3989 079F  
                           l4797 009A                             l4789 007B                             l4975 073C  
                           l4959 06FC                             l4967 0708                             l4895 05BA  
                           l4887 05A6                             l4879 057B                             l3999 07E9  
                           l4799 009B                             l4991 0905                             l4969 071E  
                           l4897 05C5                             l4889 05AB                             l4993 090E  
                           l4899 05CD                             l4995 0914                             l4997 091B  
                           l4989 0900                             l4999 091D                             _ADON 00F8  
                           STR_1 04E5                             STR_2 052C                             STR_3 0529  
                           STR_4 051D                             STR_5 0520                             STR_6 0523  
                           STR_7 0526                             STR_8 052F                             STR_9 051A  
                           _CREN 00C4                             _T0CS 040D                             u5000 0C62  
                           u4200 11C7                             u5001 0C61                             u4201 11C6  
                           u4210 1361                             u5010 0C7D                             u4211 1360  
                           u5011 0C7C                             u5100 0D24                             u5020 0C99  
                           u4220 1391                             u4300 084C                             u5101 0D23  
                           u5021 0C98                             u4221 1390                             u4301 084B  
                           u5030 0CD3                             u4150 07F9                             u4230 110B  
                           u5031 0CD2                             u4151 07F8                             u4231 110A  
                           u6000 053B                             u5200 0D8E                             u5120 0D33  
                           u4160 07FF                             u4400 1185                             u4240 1126  
                           u4320 086A                             u6001 053A                             u5121 0D32  
                           u4161 07FE                             u4401 1184                             u4241 1125  
                           u4321 0869                             u4305 0848                             u4170 13FD  
                           u6010 055A                             u5210 0DAB                             u4410 0757  
                           u4250 1131                             u4330 13D4            ?_read_external_eeprom 0070  
                           u4171 13F9                             u6011 0559                             u5211 0DAA  
                           u5115 0D28                             u4411 0756                             u4251 1130  
                           u4315 085C                             u6100 065F                             u6020 0575  
                           u5220 0DC8                             u5140 0D47                             u5060 0CE9  
                           u5300 0A0A                             u4420 075E                             u4260 081F  
                           u4340 13A4                             u6101 065E                             u6021 0574  
                           u5221 0DC7                             u5205 0D89                             u5141 0D46  
                           u5061 0CE8                             u5045 0CD5                             u5301 0A09  
                           u4421 075D                             u4261 081E                             u6110 0690  
                           u6030 05A6                             u5230 0DDD                             u5150 0D4C  
                           u4430 0780                             u4350 1262                             u6111 068F  
                           u6031 05A5                             u5231 0DDC                             u5215 0DA7  
                           u5151 0D4B                             u5135 0D36                             u5055 0CDE  
                           u4431 077F                             u4351 1261                             u4335 13CF  
                           u4184 1400                             u6120 06A4                             u6040 05B1  
                           u5160 0D60                             u5080 0D05                             u5320 0A1A  
                           u5240 09A9                             u4440 07E9                             u4280 0831  
                           u5400 12CE                             u4520 1238                             u6200 095C  
                           u6121 06A3                             u6041 05B0                             u5225 0DC4  
                           u5161 0D5F                             u5081 0D04                             u5321 0A19  
                           u5241 09A8                             u4441 07E8                             u4281 0830  
                           u4345 139F                             u5401 12CD                             u4521 1237  
                           u4505 1225                             u6201 095B                             u6130 06E0  
                           u6050 05E2                             u4610 160D                             u4530 15BE  
                           u5170 0D67                             u5090 0D1C                             u5330 0A20  
                           u5250 09AD                             u4450 07F0                             u5410 12D9  
                           u6210 096B                             u4195 1410                             u6131 06DF  
                           u6115 068C                             u6051 05E1                             u6035 05A2  
                           u4611 160C                             u4531 15BD                             u5171 0D66  
                           u5091 0D1B                             u5075 0CEC                             u5331 0A1F  
                           u5315 0A0F                             u5251 09AC                             u4451 07EF  
                           u4435 077C                             u4275 0824                             u5411 12D8  
                           u4515 122C                             u6211 096A                             u4460 129D  
                           u6140 073B                             u6060 05E9                             u4620 1612  
                           u4540 15C9                             u4700 14ED                             u5180 0D6D  
                           u5340 0A24                             u5260 09CD                             u5420 0B50  
                           u5500 0E15                             u6220 0977                             u4461 129C  
                           u6141 073A                             u6133 06DC                             u6061 05E8  
                           u4621 1611                             u4605 1601                             u4541 15C8  
                           u4701 14EC                             u5181 0D6C                             u5085 0D01  
                           u5341 0A23                             u5261 09CC                             u4365 1504  
                           u5421 0B4F                             u5501 0E14                             u6221 0976  
                           u4470 12A4                             u6070 0608                             u4550 15D8  
                           u4710 14F2                             u4630 14AA                             u5190 0D7F  
                           u5350 0A39                             u5430 0B58                             u5510 0E30  
                           u6230 0986                             u6150 0914                             u4471 12A3  
                           u6143 0737                             u6071 0607                             u6055 05DE  
                           u4551 15D7                             u4711 14F1                             u4631 14A9  
                           u5191 0D7E                             u4375 151E                             u5431 0B57  
                           u4295 0833                             u5511 0E2F                             u6231 0985  
                           u6151 0913                             u4480 111F                             u6080 0623  
                           u4640 14B5                             u4800 16E4                             u4720 168A  
                           u5360 0A49                             u5280 09EA                             u5440 0B60  
                           u5600 0F7D                             u5520 0E5C                             u6240 0995  
                           u6160 091B                             u4481 111E                             u6081 0622  
                           u4641 14B4                             u4801 16E3                             u4721 1689  
                           u5361 0A48                             u5281 09E9                             u4385 1539  
                           u5441 0B5F                             u5601 0F7C                             u5521 0E5B  
                           u6241 0994                             u6161 091A                             u6090 0654  
                           u4570 15E8                             u4650 14C0                             u4810 16E9  
                           u4730 16A1                             u5370 0A4D                             u5450 0B6E  
                           u5610 0F96                             u5530 0E69                             u4490 121E  
                           u6170 092B                             u6091 0653                             u4571 15E7  
                           u4651 14BF                             u4811 16E8                             u5371 0A4C  
                           u5355 0A34                             u5275 09DC                             u4395 1175  
                           u5451 0B6D                             u6307 166D                             u5611 0F95  
                           u5531 0E68                             u4491 121D                             u6171 092A  
                           _RCIE 0465                             u4740 16B5                             u5460 0B76  
                           u5700 0AEE                             u5620 0A5E                             u4820 02B5  
                           u5540 0E95                             u5380 12B9                             u6180 093A  
                           _RCEN 048B                             _RCIF 0065                             u4565 15DC  
                           u4741 16B4                             u5461 0B75                             u5701 0AED  
                           u5621 0A5D                             u6317 167B                             u4821 02B4  
                           u5541 0E94                             u5525 0E58                             u5381 12B8  
                           u6181 0939                             u4590 15F9                             u4670 14D0  
                           u4750 16BC                             u5470 0B7E                             u5710 0B21  
                           u5630 0A65                             u4910 1441                             u5550 0EAE  
                           u5390 12C9                             u6190 0949                             u6327 1406  
                           u6095 0650                             u4591 15F8                             u4671 14CF  
                           u4751 16BB                             u4735 169C                             u5295 09FC  
                           u5471 0B7D                             u5711 0B20                             u5631 0A64  
                           u4911 1440                             u5551 0EAD                             u5391 12C8  
                           u6191 0948                             u4680 14DA                             u5480 0B87  
                           u5640 0A6E                             u4840 02C5                             u4920 144B  
                           u5560 0ED9                             u5800 08E8                             u5720 087B  
                           u6337 141B                             u4585 15E9                             u4681 14D9  
                           u4665 14C4                             u5481 0B86                             u5641 0A6D  
                           u6257 1620                             u4841 02C4                             u4921 144A  
                           u4905 1435                             u5561 0ED8                             u5545 0E91  
                           u5801 08E7                             u5721 087A                             u5810 1595  
                           u4770 16CC                             u5650 0A76                             u5570 0F38  
                           u5490 0DF6                             u5730 0880                             u6347 1425  
                           u5811 1594                             u4595 15F5                             u4771 16CB  
                           u5651 0A75                             u6267 162F                             u4835 02B9  
                           u5571 0F37                             u5491 0DF5                             u5731 087F  
                           u4780 16D3                             u5660 0A7D                             u5820 1736  
                           u4860 02D6                             u4940 145E                             u5580 0F65  
                           u5900 011D                             u5740 0890                             u5813 1591  
                           u4685 14D6                             u4781 16D2                             u4765 16BE  
                           u5661 0A7C                             u5821 1735                             u6277 163D  
                           u4861 02D5                             u4941 145D                             u4925 1447  
                           u5581 0F64                             u5573 0F34                             u5901 011C  
                           u5741 088F                             u4950 0C2E                             u5670 0A84  
                           u5830 1753                             u5590 0F6A                             u5910 0136  
                           u5750 0895                             u4695 14E1                             u4951 0C2D  
                           u5671 0A83                             u5831 1752                             u6287 1653  
                           u4855 02C6                             u4935 1452                             u5591 0F69  
                           u5911 0135                             u5751 0894                             u4960 0C34  
                           u5680 0AAE                             u4880 02EA                             u5920 016A  
                           u5840 0053                             u5760 08A6                             u4961 0C33  
                           u5681 0AAD                             u5833 174F                             u6297 165F  
                           u4881 02E9                             u4865 02D2                             u5921 0169  
                           u5841 0052                             u5761 08A5                             u4970 0C39  
                           u5690 0AC7                             u4890 1431                             u5930 0170  
                           u5850 007B                             u5770 08B9                             u4971 0C38  
                           u4795 16D6                             u5691 0AC6                             u4875 02DE  
                           u4891 1430                             u5931 016F                             u5851 007A  
                           u5771 08B8                             u4980 0C57                             u5940 017C  
                           u5860 0081                             u5780 08BF                             u4981 0C56  
                           u5685 0AAA                             u5941 017B                             u5861 0080  
                           u5781 08BE                             u5765 08A2                             u4990 0C5D  
                           u5950 018A                             u5870 009A                             u5790 08D2  
                           u4991 0C5C                             u5951 0189                             u5871 0099  
                           u5791 08D1                             u5880 00CF                             u5881 00CE  
                           u5890 00E8                             u5891 00E7                             u5965 01D7  
                           u5990 02A5                             u5991 02A4                             u5975 0233  
                           u5985 028F                             _TMR0 0001                             _SPEN 00C7  
                           _TXIF 0064                             _R_nW 04A2                             _Pass 00E3  
                           _main 0900                             _menu 0312                             _time 00DA  
                           btemp 007E                             _puts 123D                             start 000C  
                ___fldiv@new_exp 0040                  _block_start_sec 00A0                ___bmul@multiplier 0074  
                 clcd_write@byte 0075                   clcd_write@mode 0072                      _store_event 074E  
                  _i2c_rep_start 10EC                            ??_isr 0070                     ?_init_ds1307 0070  
                  ___fltol@sign1 0078                   ??_display_menu 0020                            ?_main 0070  
                   ?_read_ds1307 0070                            _ACKEN 048C                            _ACKDT 048D  
                 ??_display_time 0020                  __end_of___fldiv 0DEA                  __end_of___awdiv 161C  
                          STR_10 04B2                            STR_11 044C                            STR_20 0514  
                          STR_12 03F7                            STR_21 04F6                            STR_13 04D4  
                          STR_22 03F7                            STR_14 03F7                            STR_30 03E5  
                          STR_31 03F4                            STR_23 03F7                            STR_15 0505  
                          STR_24 04C3                            STR_16 047F                            STR_40 0408  
                          STR_32 03AA                            STR_33 03F7                            STR_17 046E  
                          STR_25 042A                            STR_18 045D                            STR_26 0419  
                          STR_34 0395                            STR_35 03F7                            STR_27 0490  
                          STR_19 043B                            STR_28 0419                            STR_36 03D2  
                __end_of___awmod 14FC                            STR_29 04A1                            STR_37 03BF  
                          STR_38 037E                            STR_39 0367                  __end_of___fltol 16F5  
                          ?_puts 0073                  __end_of___lldiv 0873                      i2c_read@ack 0072  
                ___awdiv@divisor 0072                  __end_of___lwdiv 02EF                            i1l165 1284  
                __end_of___lwmod 1463                     ?_init_config 0070                  ___awdiv@counter 0076  
                          _RCREG 001A                            _SPBRG 0099                            _PORTB 0006  
                          _PORTD 0008                            _SSPM3 00A3                            _TRISB 0086  
                          _TRISD 0088                            _SSPEN 00A5                            _TXREG 0019  
                   ?_init_timer0 0070                            _nDONE 00FA        write_external_eeprom@data 0073  
      write_external_eeprom@wait 0075                            _delay 0054                            _event 00C8  
                          _speed 00C2                            btemp0 007E                            btemp1 007F  
                _change_password 0532                            pclath 000A                            puts@s 0073  
                __end_of_putchar 110D                            status 0003                            wtemp0 007E  
               init_ds1307@dummy 0022                  __initialization 000F                   ?_i2c_rep_start 0070  
         ?_write_external_eeprom 0073                     __end_of_main 09A1                     __end_of_menu 0367  
                   __end_of_puts 1263                 __end_of_i2c_read 11D1                 __end_of_i2c_stop 10E2  
                  ?_download_log 0070                           ??_main 007A                           ??_puts 0075  
          load_logs@load_address 0077                           _ADCON0 001F           ??_read_external_eeprom 0074  
                         _ADRESH 001E                           _ADRESL 009E                 ___awdiv@dividend 0074  
                   i2c_read@data 0073                           i1l3711 127B                           i1l3713 127D  
                         i1l3715 1283                           i1l3707 1263                           i1l3709 1267  
                         u413_20 1267                           u413_21 1266                           u414_20 127B  
                         u414_21 127A                     _write_ds1307 11F4                           _TMR0IE 005D  
                         _TMR0IF 005A                           _SSPADD 0093                           _TRISE1 0449  
                         _TRISE2 044A                           _SSPBUF 0013                 __end_of___xxtofl 0A57  
              login_screen@j_310 0029      __end_of_init_digital_keypad 10C1                    login_screen@j 0027  
               __end_of_get_time 11B0                           ___bmul 1120          _init_display_controller 161C  
                         ___wmul 1218                        ??___fldiv 0036                        ??___awdiv 0076  
                      ??___awmod 0076                        ??___fltol 004C                        ??___lldiv 0020  
                      ??___lwdiv 0076                        ??___lwmod 0076                 __end_of_init_i2c 13F5  
               __end_of_init_adc 10C8                           _cursor 0067                 __end_of_read_adc 1190  
                 ??_download_log 0079                 ___awdiv@quotient 0078                  ___awmod@divisor 0072  
                ___awmod@counter 0076                           _strcmp 128B                           _strcpy 110D  
        __end_of_change_password 074E                 __end_of_set_time 02AD                           ltemp0a 0080  
                         saved_w 007E                 __end_of_view_log 0900                           ttemp0a 007F  
                      ??_putchar 0072                           wtemp0a 007F                     ___xxtofl@arg 002A  
                   ___xxtofl@exp 0029                     ___xxtofl@val 0020          __end_of__initialization 003B  
           __end_of_display_menu 0B2C             __end_of_display_time 1558                       ___fltol@f1 0048  
                ??_i2c_rep_start 0072              ___bmul@multiplicand 0072                    ?_login_screen 0070  
                 __pcstackCOMMON 0070                     __pidataBANK0 0800                     __pidataBANK1 11D1  
              __end_of_i2c_start 10D9                __end_of_i2c_write 1102                _i2c_wait_for_idle 07F3  
             ?_i2c_wait_for_idle 0070                       __pbssBANK0 0054                       __pbssBANK1 00A0  
                      ?_i2c_read 0070                        ?_i2c_stop 0070                   ??_login_screen 0020  
      ??_init_display_controller 0076                       _clcd_print 1333              ??_i2c_wait_for_idle 0072  
                     _clcd_putch 02EF                       _clcd_write 13F5                       _clear_clcd 115A  
   write_external_eeprom@address 0074                       __pmaintext 0900                  read_ds1307@addr 0074  
                   ?_store_event 0070                  read_ds1307@data 0075                          ?___bmul 0072  
                        ?___wmul 0072                       __pintentry 0004                          _ACKSTAT 048E  
                        ?_strcmp 0072                          ?_strcpy 0072      __end_of_read_digital_keypad 12DD  
                      ?___xxtofl 0020                 ?_change_password 0070        __end_of_i2c_wait_for_idle 0800  
                   init_i2c@baud 0026                          _SSPCON2 0091                        ?_get_time 0076  
                     __stringtab 0300                       ??_i2c_read 0072                __end_of_dashboard 0C20  
                     ??_i2c_stop 0072                        ?_init_i2c 0026             __end_of_download_log 1777  
                      ?_init_adc 0070                        ?_read_adc 0072                __end_of_clear_log 15B9  
        ??_write_external_eeprom 0074                        ?_set_time 0070               change_password@key 002B  
                        ___fldiv 0C20                          ___awdiv 15B9                          ___awmod 14A5  
                      ?_view_log 0070                          ___fltol 167F                          ___lldiv 080D  
                        _adc_val 0069                          ___lwdiv 02AD                     store_event@i 0077  
                        ___lwmod 142B                          _address 007A                          _blocked 006D  
                        __ptext1 0873                          __ptext2 003F                          __ptext3 1218  
                        __ptext4 12B3                          __ptext5 0DEA                          __ptext6 142B  
                        __ptext7 02AD                          __ptext8 1463                          __ptext9 1392  
                     _menu_index 0068                       _log_loaded 0066                          _attempt 0060  
__end_of_init_display_controller 167F                __end_of_load_logs 1800                __end_of_init_clcd 080D  
                     ??___xxtofl 0024                __end_of_init_uart 13C3                 ___awmod@dividend 0074  
                        _putchar 1102                          main@key 00EC                          clrloop0 10C9  
                     ??_get_time 0077             end_of_initialization 003B                       _temp1_pass 00B3  
                    set_time@key 0026                       ??_init_i2c 002A                       ??_init_adc 0072  
                     ??_read_adc 0074                      ?_clcd_print 0076                      ?_clcd_putch 0076  
                ___lldiv@divisor 0072                      ?_clcd_write 0072                  ___lldiv@counter 0025  
                    ?_clear_clcd 0070                       ??_set_time 0022                       ??_view_log 0020  
                   __pstringtext 0300                          strcmp@l 0072                          strcmp@r 0073  
                        strcpy@d 0074                  read_adc@channel 0075                     _display_menu 0A57  
                   _display_time 14FC                    i2c_write@data 0072             __end_of_login_screen 1000  
                  ___xxtofl@sign 0028                      ___fldiv@grs 0042                      ___fldiv@rem 003B  
                  clcd_print@str 0076         read_external_eeprom@data 0075                   __end_of___bmul 1133  
                 _set_time_filed 0058                   __end_of___wmul 123D                      view_log@key 0079  
                 __end_of_strcmp 12B3                   __end_of_strcpy 1120              start_initialization 000F  
                      _i2c_start 10D0                      __end_of_isr 128B                        _i2c_write 10F7  
                    putchar@data 0072                 change_password@j 0023            __end_of_i2c_rep_start 10F7  
                       ??___bmul 0073             change_password@j_362 0025             change_password@j_365 0027  
           change_password@j_366 0029                         ??___wmul 0076                       init_fetch0 1133  
                  ??_init_ds1307 007A                      __pdataBANK0 006E                      __pdataBANK1 00C8  
                  ??_read_ds1307 0074                     _download_log 16F5                         ??_strcmp 0074  
                       ??_strcpy 0074                    ??_init_config 007A                        ___fldiv@a 002E  
                      ___fldiv@b 0032                    ??_init_timer0 0072                      __pbssCOMMON 007A  
                      ___latbits 0002                    __pcstackBANK0 0020                    __pcstackBANK1 00EB  
                     ?_i2c_start 0070                       ?_i2c_write 0070                      _EEPROM_data 00A2  
                 load_logs@index 0076                        _dashboard 0B2C                 ___lwdiv@dividend 0074  
  __end_of_write_external_eeprom 1392                        _clear_log 1558                         ?___fldiv 002E  
                       ?___awdiv 0072                         ?___awmod 0072                         ?___fltol 0048  
                       ?___lldiv 0072                         ?___lwdiv 0072                        _clock_reg 00C5  
                       ?___lwmod 0072              __end_of_init_ds1307 115A              read_adc@adc_reg_val 0076  
                    _field_index 0062              __end_of_read_ds1307 1308                 ___lwdiv@quotient 0077  
                      _load_logs 1777                         ?_putchar 0070                        _init_clcd 0802  
            __end_of_init_config 14A5                        _init_uart 1392                        _menu_flag 006B  
             set_time@time_value 0027                        _log_index 005A                    ?_write_ds1307 0020  
            __end_of_init_timer0 10EC         ?_init_display_controller 0070                interrupt_function 0004  
                 ___wmul@product 0076      read_external_eeprom@address 0074                        clear_ram0 10C8  
                   ??_clcd_print 0079                     ??_clcd_putch 0077                     ??_clcd_write 0073  
                     ?_dashboard 0070                     ??_clear_clcd 0079                     _login_screen 0DEA  
                     ?_clear_log 0070                        _operation 006C                        _temp_pass 00B8  
                   dashboard@key 00EB                    download_log@i 0079                      __stringbase 0312  
              ___wmul@multiplier 0072                      ??_i2c_start 0072               __end_of_clcd_print 1362  
                    ??_i2c_write 0072               __end_of_clcd_putch 0300               __end_of_clcd_write 142B  
                     ?_load_logs 0070                       ?_init_clcd 0070               __end_of_clear_clcd 1171  
                     ?_init_uart 0026                   ??_write_ds1307 007A              _init_digital_keypad 10BB  
                       _i2c_read 11B0                         _i2c_stop 10D9                get_time@clock_reg 0076  
                   _rem_time_sec 00E8                  login_screen@key 0022                    set_time@value 0029  
            login_screen@elapsed 0023     __end_of_read_external_eeprom 1333             ?_init_digital_keypad 0070  
                    _init_ds1307 1146                      _event_count 007B              login_screen@rem_sec 0025  
             __end_of__stringtab 0312                      _read_ds1307 12DD                      _init_config 1463  
                       ___xxtofl 09A1                      _init_timer0 10E2                  ___lwdiv@divisor 0072  
                ___lwdiv@counter 0076                         __ptext10 10E2                         __ptext11 13C3  
                       __ptext20 123D                         __ptext12 080D                         __ptext21 1102  
                       __ptext13 1146                         __ptext30 1190                         __ptext22 1777  
                       __ptext14 11F4                         __ptext31 12DD                         __ptext23 1308  
                       __ptext15 10BB                         __ptext40 167F                         __ptext32 10F7  
                       __ptext24 1120                         __ptext16 0802                         __ptext41 0C20  
                       __ptext33 10EC                         __ptext25 0A57                         __ptext17 161C  
                       __ptext50 02EF                         __ptext42 14A5                         __ptext34 10D9  
                       __ptext26 0B2C                         __ptext18 10C1                         __ptext51 13F5  
                       __ptext43 15B9                         __ptext35 10D0                         __ptext27 074E  
                       __ptext19 16F5                         __ptext52 1263                         __ptext44 1558  
                       __ptext36 11B0                         __ptext28 1362                         __ptext45 0532  
                       __ptext37 07F3                         __ptext29 1171                         __ptext46 110D  
                       __ptext38 14FC                         __ptext47 128B                         __ptext39 09A1  
                       __ptext48 115A                         __ptext49 1333                         _get_time 1190  
                     strcpy@dest 0072                         _init_i2c 13C3                         _init_adc 10C1  
                       _read_adc 1171          read_digital_keypad@mode 0073          read_digital_keypad@once 006F  
                _new_pass_index1 0064                      ??_dashboard 0050            display_time@clock_reg 0079  
                    ??_clear_log 0079                    ??_store_event 0020                ??_change_password 0020  
                       _set_time 003F                         _view_log 0873            ??_init_digital_keypad 0072  
                       _userPass 00BD                       _MENU_COUNT 006E                         isr@count 005C  
                       init_ram0 1137                      ??_load_logs 0076                      ??_init_clcd 0078  
                    ??_init_uart 002A                         intlevel1 0000                    init_uart@baud 0026  
               ___lwmod@dividend 0074                 ___lldiv@dividend 0076                        strcpy@src 0073  
                      stringcode 030A                   _new_pass_index 0065                  display_menu@key 0079  
           __end_of_write_ds1307 1218              _read_digital_keypad 12B3              __end_of_store_event 07F3  
               ___lldiv@quotient 0021                  ___lwmod@divisor 0072                  ___lwmod@counter 0076  
                       stringtab 0300             ?_read_digital_keypad 0070                 write_ds1307@addr 0021  
               write_ds1307@data 0020             _read_external_eeprom 1308                  download_log@key 0070  
